Fold,Train Loss
1,[2.14723086584182]
2,[2.1760874078387307]
