Fold,Train Loss
1,[10.330268534095776]
2,[10.254648324245519]
