-3.730000019073486328e+00,-4.292315006256103516e+00,8.152463436126708984e-01,1.790471076965332031e-01,-3.088752031326293945e-01,-7.583650946617126465e-01,5.352301001548767090e-01,-4.250409901142120361e-01,-1.342188715934753418e-01,-3.478846848011016846e-01,-8.836446404457092285e-01,8.832678794860839844e-01,1.426009774208068848e+00,5.352301001548767090e-01,-5.392421483993530273e-01,-1.342188715934753418e-01,-1.835588216781616211e-01,-5.710974335670471191e-01,-8.099035024642944336e-01,-1.383428871631622314e-01,-3.539401888847351074e-01,-5.068075656890869141e-01,-7.250531911849975586e-01,2.004006147384643555e+00,-6.868027895689010620e-02,-1.260882616043090820e-01,-1.323477327823638916e-01,-8.880560100078582764e-02,-2.100420147180557251e-01,6.768316626548767090e-01,-3.355377018451690674e-01,-1.843382269144058228e-01,-2.600219547748565674e-01,-6.868027895689010620e-02,-1.932295560836791992e-01,-8.889040946960449219e-01,-2.408734261989593506e-01,-6.868027895689010620e-02,-2.947356998920440674e-01,-8.055948019027709961e-01,-5.603318288922309875e-02,-3.006099760532379150e-01,-3.447848260402679443e-01,1.043619751930236816e+00,-6.868027895689010620e-02,-7.936757802963256836e-02,-8.226093053817749023e-01,-2.520759403705596924e-01,-3.849988877773284912e-01,1.262174844741821289e+00,-4.730806350708007812e-01,1.070722579956054688e+00
-7.099999904632568359e+00,-6.082479476928710938e+00,-5.343453884124755859e-01,1.851869523525238037e-01,-3.088752031326293945e-01,6.881880164146423340e-01,9.085203409194946289e-01,-4.250409901142120361e-01,-1.342188715934753418e-01,1.520744681358337402e+00,7.231311202049255371e-01,-2.995840013027191162e-01,-9.168537855148315430e-01,9.085203409194946289e-01,1.981514930725097656e+00,-1.342188715934753418e-01,-1.835588216781616211e-01,-5.710974335670471191e-01,-6.131422519683837891e-02,-1.383428871631622314e-01,-7.021560668945312500e-01,-5.068075656890869141e-01,-9.971597045660018921e-02,-2.269345074892044067e-01,-6.868027895689010620e-02,-1.260882616043090820e-01,-1.323477327823638916e-01,-8.880560100078582764e-02,-2.100420147180557251e-01,-2.007644064724445343e-02,-3.355377018451690674e-01,-1.843382269144058228e-01,-2.600219547748565674e-01,-6.868027895689010620e-02,5.175191879272460938e+00,-8.891306817531585693e-02,-2.408734261989593506e-01,-6.868027895689010620e-02,3.258775711059570312e+00,1.678134441375732422e+00,-5.603318288922309875e-02,-3.006099760532379150e-01,-3.447848260402679443e-01,-5.479626059532165527e-01,-6.868027895689010620e-02,-7.936757802963256836e-02,4.084149301052093506e-01,-2.520759403705596924e-01,-2.120243385434150696e-02,-1.036930918693542480e+00,1.858854174613952637e+00,-1.408662796020507812e+00
-9.439999580383300781e+00,-9.254521369934082031e+00,2.164838075637817383e+00,2.156931310892105103e-01,9.540768861770629883e-01,2.134741067886352539e+00,1.591542482376098633e+00,-4.250409901142120361e-01,-1.342188715934753418e-01,-3.478846848011016846e-01,2.572266101837158203e+00,1.210061788558959961e+00,-9.168537855148315430e-01,1.591542482376098633e+00,1.932679772377014160e+00,-1.342188715934753418e-01,-1.835588216781616211e-01,-5.710974335670471191e-01,2.779183685779571533e-01,-1.383428871631622314e-01,6.919041275978088379e-02,-5.068075656890869141e-01,-7.558085918426513672e-01,-2.269345074892044067e-01,-6.868027895689010620e-02,-1.260882616043090820e-01,-1.323477327823638916e-01,-8.880560100078582764e-02,-2.100420147180557251e-01,-6.130442023277282715e-01,-3.355377018451690674e-01,-1.843382269144058228e-01,-2.600219547748565674e-01,-6.868027895689010620e-02,-1.932295560836791992e-01,-8.701249361038208008e-01,-2.408734261989593506e-01,-6.868027895689010620e-02,-2.947356998920440674e-01,2.289566993713378906e+00,-5.603318288922309875e-02,-3.006099760532379150e-01,-3.447848260402679443e-01,1.043619751930236816e+00,-6.868027895689010620e-02,-7.936757802963256836e-02,2.870463371276855469e+00,-2.520759403705596924e-01,4.176254272460937500e+00,-1.036930918693542480e+00,1.009340733289718628e-01,-1.408662796020507812e+00
-3.150000095367431641e+00,-2.642865657806396484e+00,-5.343453884124755859e-01,-9.749544858932495117e-01,-3.088752031326293945e-01,2.134741067886352539e+00,-1.407882809638977051e+00,-4.250409901142120361e-01,-1.342188715934753418e-01,-3.478846848011016846e-01,1.654158949851989746e+00,-2.455558776855468750e-01,-9.168537855148315430e-01,-1.407882809638977051e+00,-5.392421483993530273e-01,-1.342188715934753418e-01,-1.835588216781616211e-01,1.836914181709289551e+00,4.067677631974220276e-02,-1.383428871631622314e-01,6.689104437828063965e-01,-5.068075656890869141e-01,1.447573423385620117e+00,-2.269345074892044067e-01,-6.868027895689010620e-02,-1.260882616043090820e-01,-1.323477327823638916e-01,-8.880560100078582764e-02,-2.100420147180557251e-01,2.189807891845703125e+00,-3.355377018451690674e-01,-1.843382269144058228e-01,-2.600219547748565674e-01,-6.868027895689010620e-02,-1.932295560836791992e-01,9.085592627525329590e-01,-2.408734261989593506e-01,-6.868027895689010620e-02,-2.947356998920440674e-01,-8.055948019027709961e-01,-5.603318288922309875e-02,-3.006099760532379150e-01,3.697738170623779297e+00,-5.479626059532165527e-01,-6.868027895689010620e-02,-7.936757802963256836e-02,2.870463371276855469e+00,3.264058113098144531e+00,1.416924476623535156e+00,-1.502088755369186401e-01,-6.648688018321990967e-02,-9.954319000244140625e-01
-5.510000228881835938e+00,-5.498197078704833984e+00,-5.343453884124755859e-01,5.114111304283142090e-02,-3.088752031326293945e-01,6.881880164146423340e-01,-9.072954058647155762e-01,-4.250409901142120361e-01,-1.342188715934753418e-01,3.389374017715454102e+00,4.131265282630920410e-01,-6.273064017295837402e-01,-1.745186597108840942e-01,-9.072954058647155762e-01,2.030350208282470703e+00,-1.342188715934753418e-01,-1.835588216781616211e-01,-5.710974335670471191e-01,-5.716621279716491699e-01,-1.383428871631622314e-01,-7.753136157989501953e-01,-5.068075656890869141e-01,1.397578865289688110e-01,-2.269345074892044067e-01,-6.868027895689010620e-02,-1.260882616043090820e-01,-1.323477327823638916e-01,-8.880560100078582764e-02,-2.100420147180557251e-01,-5.292389988899230957e-01,-3.355377018451690674e-01,-1.843382269144058228e-01,-2.600219547748565674e-01,-6.868027895689010620e-02,-1.932295560836791992e-01,4.669492244720458984e-01,-2.408734261989593506e-01,-6.868027895689010620e-02,3.258775711059570312e+00,1.765741705894470215e+00,-5.603318288922309875e-02,-3.006099760532379150e-01,1.676476597785949707e+00,-5.479626059532165527e-01,-6.868027895689010620e-02,-7.936757802963256836e-02,4.084149301052093506e-01,-2.520759403705596924e-01,1.804525256156921387e-01,-5.588433146476745605e-01,1.248963475227355957e+00,-9.127857089042663574e-01
-2.052000045776367188e+01,-1.869025039672851562e+01,4.864021778106689453e+00,4.340313434600830078e+00,-3.088752031326293945e-01,-7.583650946617126465e-01,5.814050436019897461e-01,-4.250409901142120361e-01,-1.342188715934753418e-01,-3.478846848011016846e-01,-8.836446404457092285e-01,-1.027392864227294922e+00,-9.764745235443115234e-01,5.814050436019897461e-01,-5.392421483993530273e-01,-1.342188715934753418e-01,-1.835588216781616211e-01,3.171394169330596924e-01,-6.182644963264465332e-01,-1.383428871631622314e-01,-3.033700227737426758e+00,4.741610527038574219e+00,-6.890075802803039551e-01,8.696828842163085938e+00,-6.868027895689010620e-02,-1.260882616043090820e-01,-1.323477327823638916e-01,-8.880560100078582764e-02,-2.100420147180557251e-01,-1.206011891365051270e+00,-3.355377018451690674e-01,5.424810886383056641e+00,-2.600219547748565674e-01,-6.868027895689010620e-02,-1.932295560836791992e-01,-8.428576588630676270e-01,-2.408734261989593506e-01,-6.868027895689010620e-02,-2.947356998920440674e-01,-8.055948019027709961e-01,-5.603318288922309875e-02,-3.006099760532379150e-01,-3.447848260402679443e-01,5.818367004394531250e+00,-6.868027895689010620e-02,-7.936757802963256836e-02,4.084149301052093506e-01,-2.520759403705596924e-01,-3.849988877773284912e-01,6.618446111679077148e-01,3.018392324447631836e-01,1.070722579956054688e+00
6.800000071525573730e-01,6.856174468994140625e-01,-5.343453884124755859e-01,-9.749544858932495117e-01,-3.088752031326293945e-01,-7.583650946617126465e-01,-1.015680789947509766e+00,-4.250409901142120361e-01,-1.342188715934753418e-01,-3.478846848011016846e-01,4.410296082496643066e-01,-5.408932566642761230e-01,2.552775621414184570e+00,-1.015680789947509766e+00,-5.392421483993530273e-01,-1.342188715934753418e-01,-1.835588216781616211e-01,-5.710974335670471191e-01,-4.690846502780914307e-01,-1.383428871631622314e-01,-1.291289925575256348e-01,-5.068075656890869141e-01,1.202418446540832520e+00,-2.269345074892044067e-01,-6.868027895689010620e-02,-1.260882616043090820e-01,-1.323477327823638916e-01,-8.880560100078582764e-02,-2.100420147180557251e-01,-5.292389988899230957e-01,-3.355377018451690674e-01,-1.843382269144058228e-01,-2.600219547748565674e-01,-6.868027895689010620e-02,-1.932295560836791992e-01,5.608448982238769531e-01,-2.408734261989593506e-01,-6.868027895689010620e-02,-2.947356998920440674e-01,-8.055948019027709961e-01,-5.603318288922309875e-02,-3.006099760532379150e-01,-3.447848260402679443e-01,-5.479626059532165527e-01,-6.868027895689010620e-02,-7.936757802963256836e-02,-8.226093053817749023e-01,-2.520759403705596924e-01,2.145158648490905762e-01,-5.588433146476745605e-01,1.009340733289718628e-01,-9.127857089042663574e-01
-2.819999933242797852e+00,-2.450886964797973633e+00,-5.343453884124755859e-01,-9.749544858932495117e-01,-3.088752031326293945e-01,2.134741067886352539e+00,-1.429073572158813477e+00,-4.250409901142120361e-01,-1.342188715934753418e-01,-3.478846848011016846e-01,1.654158949851989746e+00,-2.455558776855468750e-01,7.581421732902526855e-01,-1.429073572158813477e+00,-5.392421483993530273e-01,-1.342188715934753418e-01,-1.835588216781616211e-01,-5.710974335670471191e-01,2.630097791552543640e-02,-1.383428871631622314e-01,1.016482472419738770e+00,-5.068075656890869141e-01,1.445841431617736816e+00,-2.269345074892044067e-01,-6.868027895689010620e-02,-1.260882616043090820e-01,-1.323477327823638916e-01,-8.880560100078582764e-02,-2.100420147180557251e-01,2.288124561309814453e+00,-3.355377018451690674e-01,-1.843382269144058228e-01,-2.600219547748565674e-01,-6.868027895689010620e-02,-1.932295560836791992e-01,1.110998272895812988e+00,-2.408734261989593506e-01,-6.868027895689010620e-02,-2.947356998920440674e-01,-8.055948019027709961e-01,-5.603318288922309875e-02,-3.006099760532379150e-01,3.697738170623779297e+00,-5.479626059532165527e-01,-6.868027895689010620e-02,-7.936757802963256836e-02,1.639439105987548828e+00,3.264058113098144531e+00,1.213198423385620117e+00,-8.075572550296783447e-02,-9.035916328430175781e-01,-9.954319000244140625e-01
-5.030000209808349609e+00,-4.797914505004882812e+00,8.152463436126708984e-01,2.308169454336166382e-01,-3.088752031326293945e-01,-7.583650946617126465e-01,2.453409880399703979e-01,-4.250409901142120361e-01,-1.342188715934753418e-01,-3.478846848011016846e-01,-2.078798711299896240e-01,-1.027392864227294922e+00,3.707602322101593018e-01,2.453409880399703979e-01,-5.392421483993530273e-01,-1.342188715934753418e-01,-1.835588216781616211e-01,-5.710974335670471191e-01,-7.405505776405334473e-01,-1.383428871631622314e-01,-1.191348433494567871e+00,-5.068075656890869141e-01,-7.179152369499206543e-01,2.004006147384643555e+00,-6.868027895689010620e-02,-1.260882616043090820e-01,-1.323477327823638916e-01,-8.880560100078582764e-02,-2.100420147180557251e-01,-1.206011891365051270e+00,-3.355377018451690674e-01,-1.843382269144058228e-01,-2.600219547748565674e-01,-6.868027895689010620e-02,-1.932295560836791992e-01,-9.565089344978332520e-01,-2.408734261989593506e-01,-6.868027895689010620e-02,-2.947356998920440674e-01,-8.055948019027709961e-01,-5.603318288922309875e-02,9.255133867263793945e-01,-3.447848260402679443e-01,1.043619751930236816e+00,-6.868027895689010620e-02,-7.936757802963256836e-02,-8.226093053817749023e-01,-2.520759403705596924e-01,-3.849988877773284912e-01,-1.036930918693542480e+00,6.031969189643859863e-01,-5.822010040283203125e-01
-4.699999809265136719e+00,-4.639072895050048828e+00,-5.343453884124755859e-01,-3.796306848526000977e-01,-3.088752031326293945e-01,-7.583650946617126465e-01,9.915323853492736816e-01,-4.250409901142120361e-01,-1.342188715934753418e-01,-3.478846848011016846e-01,-8.836446404457092285e-01,7.772551178932189941e-01,-9.168537855148315430e-01,9.915323853492736816e-01,6.967188119888305664e-01,-1.342188715934753418e-01,-1.835588216781616211e-01,3.279542624950408936e-01,-2.309415116906166077e-02,-1.383428871631622314e-01,-5.442785024642944336e-01,1.150742292404174805e+00,-1.120347529649734497e-01,-2.269345074892044067e-01,-6.868027895689010620e-02,-1.260882616043090820e-01,-1.323477327823638916e-01,-8.880560100078582764e-02,4.760952472686767578e+00,4.921712726354598999e-02,-3.355377018451690674e-01,-1.843382269144058228e-01,-2.600219547748565674e-01,-6.868027895689010620e-02,-1.932295560836791992e-01,-3.555767238140106201e-01,-2.408734261989593506e-01,-6.868027895689010620e-02,-2.947356998920440674e-01,9.705882668495178223e-01,-5.603318288922309875e-02,-3.006099760532379150e-01,-3.447848260402679443e-01,-5.479626059532165527e-01,-6.868027895689010620e-02,-7.936757802963256836e-02,4.084149301052093506e-01,-2.520759403705596924e-01,-3.849988877773284912e-01,7.365131378173828125e-01,-2.339078336954116821e-01,5.748454332351684570e-01
-8.829999923706054688e+00,-8.620326995849609375e+00,8.152463436126708984e-01,1.978020668029785156e-01,-3.088752031326293945e-01,6.881880164146423340e-01,9.294306039810180664e-01,-4.250409901142120361e-01,-1.342188715934753418e-01,-3.478846848011016846e-01,7.091964483261108398e-01,-2.995840013027191162e-01,-9.168537855148315430e-01,9.294306039810180664e-01,6.967188119888305664e-01,-1.342188715934753418e-01,-1.835588216781616211e-01,-5.710974335670471191e-01,-5.469078198075294495e-02,-1.383428871631622314e-01,-4.938435554504394531e-01,2.942765712738037109e+00,-1.474601984024047852e+00,-2.269345074892044067e-01,-6.868027895689010620e-02,-1.260882616043090820e-01,-1.323477327823638916e-01,-8.880560100078582764e-02,-2.100420147180557251e-01,1.165858983993530273e+00,-3.355377018451690674e-01,-1.843382269144058228e-01,-2.600219547748565674e-01,-6.868027895689010620e-02,-1.932295560836791992e-01,-7.978628277778625488e-01,-2.408734261989593506e-01,-6.868027895689010620e-02,-2.947356998920440674e-01,-3.608982637524604797e-02,-5.603318288922309875e-02,-3.006099760532379150e-01,-3.447848260402679443e-01,1.043619751930236816e+00,-6.868027895689010620e-02,-7.936757802963256836e-02,4.084149301052093506e-01,-2.520759403705596924e-01,-4.556453227996826172e-02,-1.036930918693542480e+00,5.473899841308593750e-01,-1.408662796020507812e+00
-2.019999980926513672e+00,-2.496562719345092773e+00,-5.343453884124755859e-01,3.196307718753814697e-01,-3.088752031326293945e-01,-7.583650946617126465e-01,7.364099621772766113e-01,-4.250409901142120361e-01,-1.342188715934753418e-01,-3.478846848011016846e-01,-8.836446404457092285e-01,-5.439367890357971191e-02,6.570765972137451172e-01,7.364099621772766113e-01,6.967188119888305664e-01,-1.342188715934753418e-01,-1.835588216781616211e-01,1.216191172599792480e+00,-2.811372578144073486e-01,-1.383428871631622314e-01,-9.209982156753540039e-01,-5.068075656890869141e-01,-1.194647073745727539e+00,-2.269345074892044067e-01,-6.868027895689010620e-02,-1.260882616043090820e-01,-1.323477327823638916e-01,-8.880560100078582764e-02,-2.100420147180557251e-01,1.475338637828826904e-01,-3.355377018451690674e-01,-1.843382269144058228e-01,-2.600219547748565674e-01,-6.868027895689010620e-02,-1.932295560836791992e-01,-1.042892932891845703e+00,-2.408734261989593506e-01,-6.868027895689010620e-02,-2.947356998920440674e-01,-8.055948019027709961e-01,-5.603318288922309875e-02,-3.006099760532379150e-01,-3.447848260402679443e-01,-5.479626059532165527e-01,-6.868027895689010620e-02,-7.936757802963256836e-02,-8.226093053817749023e-01,-2.520759403705596924e-01,-3.849988877773284912e-01,3.407262563705444336e-01,4.357759952545166016e-01,4.508762061595916748e-01
-6.119999885559082031e+00,-6.314256668090820312e+00,2.164838075637817383e+00,-2.430761307477951050e-01,9.540768861770629883e-01,6.881880164146423340e-01,-4.302470684051513672e-01,-4.250409901142120361e-01,-1.342188715934753418e-01,-3.478846848011016846e-01,4.121124446392059326e-01,-1.027392864227294922e+00,-9.168537855148315430e-01,-4.302470684051513672e-01,-5.392421483993530273e-01,-1.342188715934753418e-01,-1.835588216781616211e-01,-5.710974335670471191e-01,-1.943632960319519043e-01,-1.383428871631622314e-01,-4.450852870941162109e-01,1.141074061393737793e+00,-1.387157082557678223e+00,-2.269345074892044067e-01,-6.868027895689010620e-02,-1.260882616043090820e-01,-1.323477327823638916e-01,-8.880560100078582764e-02,-2.100420147180557251e-01,-2.007644064724445343e-02,-3.355377018451690674e-01,-1.843382269144058228e-01,1.955365180969238281e+00,-6.868027895689010620e-02,-1.932295560836791992e-01,1.249424181878566742e-02,5.066648006439208984e+00,-6.868027895689010620e-02,-2.947356998920440674e-01,-8.055948019027709961e-01,-5.603318288922309875e-02,-3.006099760532379150e-01,-3.447848260402679443e-01,1.043619751930236816e+00,-6.868027895689010620e-02,-7.936757802963256836e-02,4.084149301052093506e-01,-2.520759403705596924e-01,3.256535530090332031e+00,-1.036930918693542480e+00,9.938458204269409180e-01,-1.054464936256408691e+00
-4.590000152587890625e+00,-4.621651172637939453e+00,-5.343453884124755859e-01,-4.619066715240478516e-01,-3.088752031326293945e-01,6.881880164146423340e-01,-8.956370353698730469e-01,-4.250409901142120361e-01,-1.342188715934753418e-01,1.520744681358337402e+00,7.231311202049255371e-01,-1.499747782945632935e-01,-9.198898822069168091e-02,-8.956370353698730469e-01,7.455539703369140625e-01,-1.342188715934753418e-01,-1.835588216781616211e-01,6.329083442687988281e-01,-4.611821472644805908e-01,-1.383428871631622314e-01,-1.992148309946060181e-01,-5.068075656890869141e-01,1.187315285205841064e-01,-2.269345074892044067e-01,-6.868027895689010620e-02,-1.260882616043090820e-01,-1.323477327823638916e-01,-8.880560100078582764e-02,-2.100420147180557251e-01,5.583797097206115723e-01,-3.355377018451690674e-01,-1.843382269144058228e-01,-2.600219547748565674e-01,-6.868027895689010620e-02,5.175191879272460938e+00,6.560926437377929688e-01,-2.408734261989593506e-01,-6.868027895689010620e-02,3.258775711059570312e+00,9.086295366287231445e-01,-5.603318288922309875e-02,-3.006099760532379150e-01,1.676476597785949707e+00,-5.479626059532165527e-01,-6.868027895689010620e-02,-7.936757802963256836e-02,4.084149301052093506e-01,-2.520759403705596924e-01,3.793824315071105957e-01,-1.154823005199432373e-01,1.858854174613952637e+00,-7.002669572830200195e-01
7.999999821186065674e-02,-1.320079326629638672e+00,-5.343453884124755859e-01,-6.402245759963989258e-01,-3.088752031326293945e-01,-7.583650946617126465e-01,-6.342477202415466309e-01,-4.250409901142120361e-01,-1.342188715934753418e-01,-3.478846848011016846e-01,-8.836446404457092285e-01,-1.027392864227294922e+00,-9.168537855148315430e-01,-6.342477202415466309e-01,-5.392421483993530273e-01,-1.342188715934753418e-01,-1.835588216781616211e-01,-5.710974335670471191e-01,6.010422110557556152e-01,-1.383428871631622314e-01,4.103641808032989502e-01,-5.068075656890869141e-01,1.414423227310180664e+00,-2.269345074892044067e-01,-6.868027895689010620e-02,-1.260882616043090820e-01,-1.323477327823638916e-01,-8.880560100078582764e-02,-2.100420147180557251e-01,-1.206011891365051270e+00,3.409590721130371094e+00,-1.843382269144058228e-01,-2.600219547748565674e-01,-6.868027895689010620e-02,-1.932295560836791992e-01,1.522336363792419434e+00,-2.408734261989593506e-01,-6.868027895689010620e-02,-2.947356998920440674e-01,-8.055948019027709961e-01,-5.603318288922309875e-02,-3.006099760532379150e-01,-3.447848260402679443e-01,-5.479626059532165527e-01,-6.868027895689010620e-02,-7.936757802963256836e-02,-8.226093053817749023e-01,-2.520759403705596924e-01,-3.849988877773284912e-01,-8.123980760574340820e-01,-2.309927701950073242e+00,1.070722579956054688e+00
-3.640000104904174805e+00,-4.033064842224121094e+00,8.152463436126708984e-01,2.308169454336166382e-01,-3.088752031326293945e-01,-7.583650946617126465e-01,4.704694747924804688e-01,-4.250409901142120361e-01,-1.342188715934753418e-01,-3.478846848011016846e-01,-8.836446404457092285e-01,3.068402528762817383e+00,9.839867800474166870e-02,4.704694747924804688e-01,-5.392421483993530273e-01,-1.342188715934753418e-01,-1.835588216781616211e-01,-5.710974335670471191e-01,-8.379311561584472656e-01,-1.383428871631622314e-01,7.903031110763549805e-01,-5.068075656890869141e-01,-7.444716691970825195e-01,2.004006147384643555e+00,-6.868027895689010620e-02,-1.260882616043090820e-01,-1.323477327823638916e-01,-8.880560100078582764e-02,-2.100420147180557251e-01,-5.783973932266235352e-01,-3.355377018451690674e-01,-1.843382269144058228e-01,-2.600219547748565674e-01,-6.868027895689010620e-02,-1.932295560836791992e-01,-4.913874268531799316e-01,-2.408734261989593506e-01,-6.868027895689010620e-02,-2.947356998920440674e-01,1.082315370440483093e-01,-5.603318288922309875e-02,-3.006099760532379150e-01,-3.447848260402679443e-01,1.043619751930236816e+00,-6.868027895689010620e-02,-7.936757802963256836e-02,-8.226093053817749023e-01,-2.520759403705596924e-01,-3.849988877773284912e-01,2.988044738769531250e+00,-6.296300888061523438e-01,1.070722579956054688e+00
2.890000104904174805e+00,2.664838790893554688e+00,-5.343453884124755859e-01,-9.749544858932495117e-01,-3.088752031326293945e-01,-7.583650946617126465e-01,-1.397113800048828125e+00,-4.250409901142120361e-01,-1.342188715934753418e-01,-3.478846848011016846e-01,-8.836446404457092285e-01,1.856267094612121582e+00,3.511512517929077148e+00,-1.397113800048828125e+00,-5.392421483993530273e-01,-1.342188715934753418e-01,-1.835588216781616211e-01,-5.710974335670471191e-01,-7.300163507461547852e-01,-1.383428871631622314e-01,7.629394531250000000e-01,-5.068075656890869141e-01,1.438420176506042480e+00,-2.269345074892044067e-01,-6.868027895689010620e-02,-1.260882616043090820e-01,-1.323477327823638916e-01,-8.880560100078582764e-02,-2.100420147180557251e-01,5.293565392494201660e-01,-3.355377018451690674e-01,-1.843382269144058228e-01,-2.600219547748565674e-01,-6.868027895689010620e-02,-1.932295560836791992e-01,-2.447798550128936768e-01,-2.408734261989593506e-01,-6.868027895689010620e-02,-2.947356998920440674e-01,-8.055948019027709961e-01,-5.603318288922309875e-02,-3.006099760532379150e-01,-3.447848260402679443e-01,-5.479626059532165527e-01,-6.868027895689010620e-02,-7.936757802963256836e-02,-8.226093053817749023e-01,-2.520759403705596924e-01,-7.774757593870162964e-02,1.796867966651916504e+00,-9.035916328430175781e-01,1.070722579956054688e+00
-9.310000419616699219e+00,-8.464503288269042969e+00,2.164838075637817383e+00,-3.668729066848754883e-01,-3.088752031326293945e-01,-7.583650946617126465e-01,9.474985003471374512e-01,-4.250409901142120361e-01,-1.342188715934753418e-01,-3.478846848011016846e-01,-8.836446404457092285e-01,1.263754725456237793e+00,-1.012517884373664856e-01,9.474985003471374512e-01,6.967188119888305664e-01,-1.342188715934753418e-01,4.160666942596435547e+00,3.279542624950408936e-01,-6.183257326483726501e-02,-1.383428871631622314e-01,-5.962560772895812988e-01,-5.068075656890869141e-01,-5.697960853576660156e-01,-2.269345074892044067e-01,-6.868027895689010620e-02,-1.260882616043090820e-01,-1.323477327823638916e-01,-8.880560100078582764e-02,-2.100420147180557251e-01,-5.783973932266235352e-01,-3.355377018451690674e-01,-1.843382269144058228e-01,-2.600219547748565674e-01,-6.868027895689010620e-02,-1.932295560836791992e-01,-7.964356541633605957e-01,-2.408734261989593506e-01,-6.868027895689010620e-02,-2.947356998920440674e-01,8.249673247337341309e-02,-5.603318288922309875e-02,-3.006099760532379150e-01,-3.447848260402679443e-01,1.043619751930236816e+00,-6.868027895689010620e-02,1.259960269927978516e+01,-8.226093053817749023e-01,-2.520759403705596924e-01,2.495850324630737305e+00,1.214600682258605957e+00,1.105459809303283691e+00,6.574916243553161621e-01
5.999999865889549255e-02,-1.911194175481796265e-01,-5.343453884124755859e-01,2.661140859127044678e-01,2.615957260131835938e+00,-7.583650946617126465e-01,1.114508032798767090e+00,1.584390044212341309e+00,-1.342188715934753418e-01,-3.478846848011016846e-01,-8.836446404457092285e-01,-1.027392864227294922e+00,-9.168537855148315430e-01,1.114508032798767090e+00,-5.392421483993530273e-01,-1.342188715934753418e-01,-1.835588216781616211e-01,-5.710974335670471191e-01,2.078907042741775513e-01,-1.383428871631622314e-01,-1.029725670814514160e-01,1.178474545478820801e+00,7.384523153305053711e-01,-2.269345074892044067e-01,-6.868027895689010620e-02,-1.260882616043090820e-01,-1.323477327823638916e-01,-8.880560100078582764e-02,-2.100420147180557251e-01,-1.206011891365051270e+00,3.409590721130371094e+00,-1.843382269144058228e-01,-2.600219547748565674e-01,-6.868027895689010620e-02,-1.932295560836791992e-01,9.476950168609619141e-01,-2.408734261989593506e-01,-6.868027895689010620e-02,-2.947356998920440674e-01,-8.055948019027709961e-01,-5.603318288922309875e-02,1.861469745635986328e+00,-3.447848260402679443e-01,-5.479626059532165527e-01,-6.868027895689010620e-02,-7.936757802963256836e-02,-8.226093053817749023e-01,-2.520759403705596924e-01,-3.849988877773284912e-01,-6.104543209075927734e-01,-9.035916328430175781e-01,1.070722579956054688e+00
-3.880000114440917969e+00,-3.276251077651977539e+00,-5.343453884124755859e-01,-9.749544858932495117e-01,-3.088752031326293945e-01,3.581294298171997070e+00,-1.429073572158813477e+00,-4.250409901142120361e-01,-1.342188715934753418e-01,-3.478846848011016846e-01,2.355748176574707031e+00,-1.027392864227294922e+00,-9.168537855148315430e-01,-1.429073572158813477e+00,-5.392421483993530273e-01,-1.342188715934753418e-01,-1.835588216781616211e-01,-5.710974335670471191e-01,1.408122330904006958e-01,-1.383428871631622314e-01,1.376207232475280762e+00,-5.068075656890869141e-01,1.445779204368591309e+00,-2.269345074892044067e-01,-6.868027895689010620e-02,-1.260882616043090820e-01,-1.323477327823638916e-01,-8.880560100078582764e-02,-2.100420147180557251e-01,8.999319672584533691e-01,-3.355377018451690674e-01,-1.843382269144058228e-01,-2.600219547748565674e-01,-6.868027895689010620e-02,-1.932295560836791992e-01,1.035881757736206055e+00,-2.408734261989593506e-01,-6.868027895689010620e-02,-2.947356998920440674e-01,-8.055948019027709961e-01,-5.603318288922309875e-02,-3.006099760532379150e-01,-3.447848260402679443e-01,-5.479626059532165527e-01,-6.868027895689010620e-02,-7.936757802963256836e-02,2.870463371276855469e+00,6.780192375183105469e+00,-3.849988877773284912e-01,-1.036930918693542480e+00,-1.190598964691162109e+00,-1.408662796020507812e+00
-4.130000114440917969e+00,-3.586099624633789062e+00,-5.343453884124755859e-01,2.008382797241210938e+00,7.558090686798095703e-01,-7.583650946617126465e-01,1.390070796012878418e+00,-4.250409901142120361e-01,-1.342188715934753418e-01,1.489225029945373535e+00,-8.836446404457092285e-01,1.785591840744018555e+00,2.246030330657958984e+00,1.390070796012878418e+00,6.967188119888305664e-01,-1.342188715934753418e-01,4.160666942596435547e+00,-5.710974335670471191e-01,1.383056282997131348e+00,-1.383428871631622314e-01,9.594480395317077637e-01,-5.068075656890869141e-01,-3.339344561100006104e-01,-2.269345074892044067e-01,-6.868027895689010620e-02,-1.260882616043090820e-01,-1.323477327823638916e-01,-8.880560100078582764e-02,-2.100420147180557251e-01,6.768316626548767090e-01,-3.355377018451690674e-01,-1.843382269144058228e-01,-2.600219547748565674e-01,-6.868027895689010620e-02,-1.932295560836791992e-01,-6.777515411376953125e-01,-2.408734261989593506e-01,-6.868027895689010620e-02,-2.947356998920440674e-01,1.800574183464050293e+00,-5.603318288922309875e-02,-3.006099760532379150e-01,-3.447848260402679443e-01,-5.479626059532165527e-01,-6.868027895689010620e-02,-7.936757802963256836e-02,-8.226093053817749023e-01,-2.520759403705596924e-01,-3.849988877773284912e-01,1.727414846420288086e+00,1.009340733289718628e-01,8.227840065956115723e-01
-8.000000119209289551e-01,-3.160922765731811523e+00,-5.343453884124755859e-01,-9.749544858932495117e-01,6.660689711570739746e-01,6.881880164146423340e-01,1.490855336189270020e+00,-4.250409901142120361e-01,-1.342188715934753418e-01,-3.478846848011016846e-01,1.046686768531799316e+00,-1.027392864227294922e+00,-9.168537855148315430e-01,1.490855336189270020e+00,-5.392421483993530273e-01,-1.342188715934753418e-01,-1.835588216781616211e-01,-5.710974335670471191e-01,-4.918954074382781982e-01,-1.383428871631622314e-01,-7.735267281532287598e-02,1.160480260848999023e+00,4.945358932018280029e-01,-2.269345074892044067e-01,-6.868027895689010620e-02,-1.260882616043090820e-01,-1.323477327823638916e-01,-8.880560100078582764e-02,-2.100420147180557251e-01,-2.007644064724445343e-02,-3.355377018451690674e-01,-1.843382269144058228e-01,-2.600219547748565674e-01,-6.868027895689010620e-02,-1.932295560836791992e-01,-8.025200963020324707e-01,-2.408734261989593506e-01,-6.868027895689010620e-02,-2.947356998920440674e-01,-8.055948019027709961e-01,-5.603318288922309875e-02,-3.006099760532379150e-01,-3.447848260402679443e-01,-5.479626059532165527e-01,-6.868027895689010620e-02,-7.936757802963256836e-02,4.084149301052093506e-01,-2.520759403705596924e-01,-3.849988877773284912e-01,-1.036930918693542480e+00,-1.860732734203338623e-01,-1.408662796020507812e+00
-2.440000057220458984e+00,-2.528258085250854492e+00,-5.343453884124755859e-01,3.196307718753814697e-01,-3.088752031326293945e-01,-7.583650946617126465e-01,1.023172497749328613e+00,1.517045617103576660e+00,-1.342188715934753418e-01,-3.478846848011016846e-01,-8.836446404457092285e-01,8.479303121566772461e-01,7.651066184043884277e-01,1.023172497749328613e+00,6.967188119888305664e-01,-1.342188715934753418e-01,-1.835588216781616211e-01,1.216191172599792480e+00,-9.075061231851577759e-02,-1.383428871631622314e-01,-3.966623544692993164e-01,-5.068075656890869141e-01,-1.198012351989746094e+00,-2.269345074892044067e-01,-6.868027895689010620e-02,-1.260882616043090820e-01,-1.323477327823638916e-01,-8.880560100078582764e-02,-2.100420147180557251e-01,-5.783973932266235352e-01,-3.355377018451690674e-01,-1.843382269144058228e-01,-2.600219547748565674e-01,-6.868027895689010620e-02,-1.932295560836791992e-01,-9.217299818992614746e-01,-2.408734261989593506e-01,-6.868027895689010620e-02,-2.947356998920440674e-01,8.249673247337341309e-02,-5.603318288922309875e-02,-3.006099760532379150e-01,-3.447848260402679443e-01,-5.479626059532165527e-01,-6.868027895689010620e-02,-7.936757802963256836e-02,-8.226093053817749023e-01,-2.520759403705596924e-01,-3.849988877773284912e-01,8.059662580490112305e-01,1.105459809303283691e+00,6.574916243553161621e-01
-4.820000171661376953e+00,-3.810996055603027344e+00,-5.343453884124755859e-01,1.731284618377685547e+00,-3.088752031326293945e-01,-7.583650946617126465e-01,-3.462900593876838684e-02,-4.250409901142120361e-01,-1.342188715934753418e-01,-3.478846848011016846e-01,-3.462043106555938721e-01,-5.762308835983276367e-01,-9.168537855148315430e-01,-3.462900593876838684e-02,-5.392421483993530273e-01,-1.342188715934753418e-01,-1.835588216781616211e-01,3.171394169330596924e-01,4.936923086643218994e-01,-1.383428871631622314e-01,1.703766226768493652e+00,2.287189245223999023e+00,-5.650935173034667969e-01,-2.269345074892044067e-01,-6.868027895689010620e-02,-1.260882616043090820e-01,-1.323477327823638916e-01,-8.880560100078582764e-02,-2.100420147180557251e-01,1.735427260398864746e+00,3.409590721130371094e+00,5.424810886383056641e+00,-2.600219547748565674e-01,-6.868027895689010620e-02,-1.932295560836791992e-01,-1.015976190567016602e+00,-2.408734261989593506e-01,-6.868027895689010620e-02,-2.947356998920440674e-01,-8.055948019027709961e-01,-5.603318288922309875e-02,4.023549556732177734e+00,-3.447848260402679443e-01,-5.479626059532165527e-01,-6.868027895689010620e-02,-7.936757802963256836e-02,5.332511901855468750e+00,-2.520759403705596924e-01,-3.849988877773284912e-01,1.221742510795593262e+00,-5.335032343864440918e-01,6.574916243553161621e-01
2.299999952316284180e+00,1.932402849197387695e+00,-5.343453884124755859e-01,-9.749544858932495117e-01,-3.088752031326293945e-01,-7.583650946617126465e-01,-1.432547450065612793e+00,-4.250409901142120361e-01,-1.342188715934753418e-01,-3.478846848011016846e-01,-8.836446404457092285e-01,4.321058988571166992e-01,1.609784960746765137e+00,-1.432547450065612793e+00,-5.392421483993530273e-01,-1.342188715934753418e-01,-1.835588216781616211e-01,-5.710974335670471191e-01,-9.826307892799377441e-01,-1.383428871631622314e-01,-1.869414150714874268e-01,-5.068075656890869141e-01,1.436565041542053223e+00,-2.269345074892044067e-01,-6.868027895689010620e-02,-1.260882616043090820e-01,-1.323477327823638916e-01,-8.880560100078582764e-02,-2.100420147180557251e-01,-6.275557875633239746e-01,-3.355377018451690674e-01,-1.843382269144058228e-01,-2.600219547748565674e-01,-6.868027895689010620e-02,-1.932295560836791992e-01,2.603787779808044434e-01,-2.408734261989593506e-01,-6.868027895689010620e-02,-2.947356998920440674e-01,-8.055948019027709961e-01,-5.603318288922309875e-02,-3.006099760532379150e-01,-3.447848260402679443e-01,-5.479626059532165527e-01,-6.868027895689010620e-02,-7.936757802963256836e-02,-8.226093053817749023e-01,-2.520759403705596924e-01,-3.849988877773284912e-01,3.973318338394165039e-01,-1.908117413520812988e+00,1.070722579956054688e+00
-3.039999961853027344e+00,-3.315477371215820312e+00,-5.343453884124755859e-01,-9.749544858932495117e-01,-3.088752031326293945e-01,2.134741067886352539e+00,-2.381657809019088745e-01,-4.250409901142120361e-01,-1.342188715934753418e-01,-3.478846848011016846e-01,2.021340608596801758e+00,-1.027392864227294922e+00,-9.168537855148315430e-01,-2.381657809019088745e-01,-5.392421483993530273e-01,-1.342188715934753418e-01,-1.835588216781616211e-01,-5.710974335670471191e-01,4.158886075019836426e-01,-1.383428871631622314e-01,3.576700925827026367e+00,-5.068075656890869141e-01,1.307830452919006348e+00,-2.269345074892044067e-01,-6.868027895689010620e-02,-1.260882616043090820e-01,-1.323477327823638916e-01,-8.880560100078582764e-02,-2.100420147180557251e-01,1.116700649261474609e+00,-3.355377018451690674e-01,-1.843382269144058228e-01,-2.600219547748565674e-01,-6.868027895689010620e-02,-1.932295560836791992e-01,-7.433195710182189941e-01,-2.408734261989593506e-01,-6.868027895689010620e-02,-2.947356998920440674e-01,-3.608982637524604797e-02,-5.603318288922309875e-02,-3.006099760532379150e-01,-3.447848260402679443e-01,-5.479626059532165527e-01,-6.868027895689010620e-02,-7.936757802963256836e-02,1.639439105987548828e+00,3.379752397537231445e+00,4.431490004062652588e-01,-1.036930918693542480e+00,-2.339078336954116821e-01,-1.408662796020507812e+00
-2.470000028610229492e+00,-2.196375846862792969e+00,-5.343453884124755859e-01,-9.749544858932495117e-01,-3.088752031326293945e-01,2.134741067886352539e+00,-1.415178060531616211e+00,-4.250409901142120361e-01,-1.342188715934753418e-01,-3.478846848011016846e-01,1.654158949851989746e+00,-2.455558776855468750e-01,7.547589540481567383e-01,-1.415178060531616211e+00,-5.392421483993530273e-01,-1.342188715934753418e-01,-1.835588216781616211e-01,-5.710974335670471191e-01,1.371369324624538422e-02,-1.383428871631622314e-01,1.016482472419738770e+00,-5.068075656890869141e-01,1.445777773857116699e+00,-2.269345074892044067e-01,-6.868027895689010620e-02,-1.260882616043090820e-01,-1.323477327823638916e-01,-8.880560100078582764e-02,-2.100420147180557251e-01,1.744315147399902344e+00,-3.355377018451690674e-01,-1.843382269144058228e-01,-2.600219547748565674e-01,-6.868027895689010620e-02,-1.932295560836791992e-01,1.080951690673828125e+00,-2.408734261989593506e-01,-6.868027895689010620e-02,-2.947356998920440674e-01,-8.055948019027709961e-01,-5.603318288922309875e-02,-3.006099760532379150e-01,3.697738170623779297e+00,-5.479626059532165527e-01,-6.868027895689010620e-02,-7.936757802963256836e-02,1.639439105987548828e+00,3.264058113098144531e+00,1.207421302795410156e+00,-8.075572550296783447e-02,1.105459809303283691e+00,-9.954319000244140625e-01
-4.400000095367431641e+00,-4.628606796264648438e+00,8.152463436126708984e-01,2.308169454336166382e-01,-3.088752031326293945e-01,-7.583650946617126465e-01,4.061996340751647949e-01,-4.250409901142120361e-01,-1.342188715934753418e-01,-3.478846848011016846e-01,-8.836446404457092285e-01,1.263754725456237793e+00,6.471543014049530029e-02,4.061996340751647949e-01,-5.392421483993530273e-01,-1.342188715934753418e-01,-1.835588216781616211e-01,-5.710974335670471191e-01,-8.913735151290893555e-01,-1.383428871631622314e-01,-2.562224268913269043e-01,-5.068075656890869141e-01,-7.444716691970825195e-01,2.004006147384643555e+00,-6.868027895689010620e-02,-1.260882616043090820e-01,-1.323477327823638916e-01,-8.880560100078582764e-02,-2.100420147180557251e-01,-5.783973932266235352e-01,-3.355377018451690674e-01,-1.843382269144058228e-01,-2.600219547748565674e-01,-6.868027895689010620e-02,-1.932295560836791992e-01,-5.058097839355468750e-01,-2.408734261989593506e-01,-6.868027895689010620e-02,-2.947356998920440674e-01,1.082315370440483093e-01,-5.603318288922309875e-02,-3.006099760532379150e-01,-3.447848260402679443e-01,1.043619751930236816e+00,-6.868027895689010620e-02,-7.936757802963256836e-02,-8.226093053817749023e-01,-2.520759403705596924e-01,-3.849988877773284912e-01,1.214600682258605957e+00,6.749488115310668945e-01,1.070722579956054688e+00
-3.650000095367431641e+00,-3.388469934463500977e+00,8.152463436126708984e-01,3.724722266197204590e-01,-3.088752031326293945e-01,-7.583650946617126465e-01,-1.096969723701477051e+00,-4.250409901142120361e-01,-1.342188715934753418e-01,1.645524263381958008e+00,-8.836446404457092285e-01,8.479303121566772461e-01,1.693466424942016602e+00,-1.096969723701477051e+00,-5.392421483993530273e-01,-1.342188715934753418e-01,-1.835588216781616211e-01,-5.710974335670471191e-01,-8.664031028747558594e-01,-1.383428871631622314e-01,-3.655429184436798096e-01,-5.068075656890869141e-01,-2.234980612993240356e-01,-2.269345074892044067e-01,-6.868027895689010620e-02,-1.260882616043090820e-01,-1.323477327823638916e-01,-8.880560100078582764e-02,-2.100420147180557251e-01,1.328674674034118652e+00,-3.355377018451690674e-01,-1.843382269144058228e-01,-2.600219547748565674e-01,-6.868027895689010620e-02,-1.932295560836791992e-01,8.138373494148254395e-01,-2.408734261989593506e-01,-6.868027895689010620e-02,-2.947356998920440674e-01,-8.055948019027709961e-01,-5.603318288922309875e-02,-3.006099760532379150e-01,-3.447848260402679443e-01,1.043619751930236816e+00,-6.868027895689010620e-02,-7.936757802963256836e-02,-8.226093053817749023e-01,-2.520759403705596924e-01,-3.849988877773284912e-01,8.059662580490112305e-01,-4.730806350708007812e-01,1.070722579956054688e+00
1.159999966621398926e+00,1.081327676773071289e+00,-5.343453884124755859e-01,-9.749544858932495117e-01,-3.088752031326293945e-01,-7.583650946617126465e-01,-1.015680789947509766e+00,-4.250409901142120361e-01,-1.342188715934753418e-01,-3.478846848011016846e-01,-2.347351759672164917e-01,-5.439367890357971191e-02,1.998498678207397461e+00,-1.015680789947509766e+00,-5.392421483993530273e-01,-1.342188715934753418e-01,-1.835588216781616211e-01,-5.710974335670471191e-01,-6.316388845443725586e-01,-1.383428871631622314e-01,-2.405285686254501343e-01,-5.068075656890869141e-01,1.191970944404602051e+00,-2.269345074892044067e-01,-6.868027895689010620e-02,-1.260882616043090820e-01,-1.323477327823638916e-01,-8.880560100078582764e-02,-2.100420147180557251e-01,1.475338637828826904e-01,-3.355377018451690674e-01,-1.843382269144058228e-01,-2.600219547748565674e-01,-6.868027895689010620e-02,-1.932295560836791992e-01,8.012177944183349609e-01,-2.408734261989593506e-01,-6.868027895689010620e-02,-2.947356998920440674e-01,-8.055948019027709961e-01,-5.603318288922309875e-02,9.255133867263793945e-01,-3.447848260402679443e-01,-5.479626059532165527e-01,-6.868027895689010620e-02,-7.936757802963256836e-02,-8.226093053817749023e-01,-2.520759403705596924e-01,3.017179965972900391e-01,-8.075572550296783447e-02,-9.035916328430175781e-01,-1.689701229333877563e-01
3.119999885559082031e+00,2.271537780761718750e+00,-5.343453884124755859e-01,-3.130471110343933105e-01,3.590901374816894531e+00,-7.583650946617126465e-01,8.247857093811035156e-01,1.666952729225158691e+00,-1.342188715934753418e-01,-3.478846848011016846e-01,-8.836446404457092285e-01,-1.027392864227294922e+00,-9.168537855148315430e-01,8.247857093811035156e-01,-5.392421483993530273e-01,-1.342188715934753418e-01,-1.835588216781616211e-01,-5.710974335670471191e-01,-1.056468486785888672e+00,-1.383428871631622314e-01,-3.120898902416229248e-01,-5.068075656890869141e-01,9.339200854301452637e-01,-2.269345074892044067e-01,-6.868027895689010620e-02,-1.260882616043090820e-01,-1.323477327823638916e-01,-8.880560100078582764e-02,-2.100420147180557251e-01,-1.206011891365051270e+00,3.409590721130371094e+00,-1.843382269144058228e-01,-2.600219547748565674e-01,-6.868027895689010620e-02,-1.932295560836791992e-01,7.832124710083007812e+00,-2.408734261989593506e-01,-6.868027895689010620e-02,-2.947356998920440674e-01,-8.055948019027709961e-01,-5.603318288922309875e-02,2.972375631332397461e+00,-3.447848260402679443e-01,-5.479626059532165527e-01,-6.868027895689010620e-02,-7.936757802963256836e-02,-8.226093053817749023e-01,-2.520759403705596924e-01,-3.849988877773284912e-01,-5.929313898086547852e-01,-2.309927701950073242e+00,1.070722579956054688e+00
-1.152999973297119141e+01,-9.156071662902832031e+00,2.164838075637817383e+00,2.156931310892105103e-01,9.540768861770629883e-01,2.134741067886352539e+00,1.578286170959472656e+00,-4.250409901142120361e-01,-1.342188715934753418e-01,-3.478846848011016846e-01,2.572266101837158203e+00,1.210061788558959961e+00,-9.168537855148315430e-01,1.578286170959472656e+00,1.932679772377014160e+00,-1.342188715934753418e-01,-1.835588216781616211e-01,-5.710974335670471191e-01,2.695066928863525391e-01,-1.383428871631622314e-01,6.919041275978088379e-02,-5.068075656890869141e-01,-7.597326040267944336e-01,-2.269345074892044067e-01,-6.868027895689010620e-02,-1.260882616043090820e-01,-1.323477327823638916e-01,-8.880560100078582764e-02,-2.100420147180557251e-01,5.728912949562072754e-01,-3.355377018451690674e-01,-1.843382269144058228e-01,-2.600219547748565674e-01,-6.868027895689010620e-02,-1.932295560836791992e-01,-9.042278528213500977e-01,-2.408734261989593506e-01,-6.868027895689010620e-02,-2.947356998920440674e-01,3.059072017669677734e+00,-5.603318288922309875e-02,-3.006099760532379150e-01,-3.447848260402679443e-01,1.043619751930236816e+00,-6.868027895689010620e-02,-7.936757802963256836e-02,2.870463371276855469e+00,-2.520759403705596924e-01,4.257919788360595703e+00,-1.036930918693542480e+00,-1.354249268770217896e-01,-1.408662796020507812e+00
-4.610000133514404297e+00,-3.257840633392333984e+00,-5.343453884124755859e-01,-9.749544858932495117e-01,-3.088752031326293945e-01,2.134741067886352539e+00,-2.291336655616760254e-01,-4.250409901142120361e-01,-1.342188715934753418e-01,-3.478846848011016846e-01,1.909871578216552734e+00,-1.027392864227294922e+00,-9.168537855148315430e-01,-2.291336655616760254e-01,-5.392421483993530273e-01,-1.342188715934753418e-01,-1.835588216781616211e-01,-5.710974335670471191e-01,4.269661605358123779e-01,-1.383428871631622314e-01,4.453142642974853516e+00,-5.068075656890869141e-01,1.302355051040649414e+00,-2.269345074892044067e-01,-6.868027895689010620e-02,-1.260882616043090820e-01,-1.323477327823638916e-01,-8.880560100078582764e-02,-2.100420147180557251e-01,-2.007644064724445343e-02,-3.355377018451690674e-01,-1.843382269144058228e-01,-2.600219547748565674e-01,-6.868027895689010620e-02,-1.932295560836791992e-01,-9.203942418098449707e-01,-2.408734261989593506e-01,-6.868027895689010620e-02,-2.947356998920440674e-01,7.334151268005371094e-01,-5.603318288922309875e-02,-3.006099760532379150e-01,-3.447848260402679443e-01,-5.479626059532165527e-01,-6.868027895689010620e-02,-7.936757802963256836e-02,1.639439105987548828e+00,3.379752397537231445e+00,8.525685220956802368e-02,-1.036930918693542480e+00,-8.031390905380249023e-01,-1.408662796020507812e+00
3.130000114440917969e+00,2.585172653198242188e+00,-5.343453884124755859e-01,-9.749544858932495117e-01,-3.088752031326293945e-01,-7.583650946617126465e-01,-1.403420209884643555e+00,-4.250409901142120361e-01,-1.342188715934753418e-01,-3.478846848011016846e-01,-8.836446404457092285e-01,3.103740215301513672e+00,8.430170416831970215e-01,-1.403420209884643555e+00,-5.392421483993530273e-01,-1.342188715934753418e-01,-1.835588216781616211e-01,-5.710974335670471191e-01,-8.569228649139404297e-01,-1.383428871631622314e-01,1.217860221862792969e+00,-5.068075656890869141e-01,1.421220898628234863e+00,-2.269345074892044067e-01,-6.868027895689010620e-02,-1.260882616043090820e-01,-1.323477327823638916e-01,-8.880560100078582764e-02,-2.100420147180557251e-01,-1.206011891365051270e+00,-3.355377018451690674e-01,-1.843382269144058228e-01,-2.600219547748565674e-01,-6.868027895689010620e-02,-1.932295560836791992e-01,1.126566171646118164e+00,-2.408734261989593506e-01,-6.868027895689010620e-02,-2.947356998920440674e-01,-8.055948019027709961e-01,-5.603318288922309875e-02,-3.006099760532379150e-01,-3.447848260402679443e-01,-5.479626059532165527e-01,-6.868027895689010620e-02,-7.936757802963256836e-02,-8.226093053817749023e-01,-2.520759403705596924e-01,-3.849988877773284912e-01,3.022771120071411133e+00,-1.461661458015441895e+00,1.070722579956054688e+00
-3.680000066757202148e+00,-3.377859115600585938e+00,-5.343453884124755859e-01,-3.278608322143554688e-01,-3.088752031326293945e-01,-7.583650946617126465e-01,7.963843345642089844e-01,-4.250409901142120361e-01,-1.342188715934753418e-01,-3.478846848011016846e-01,-2.347351759672164917e-01,3.614307045936584473e-01,-1.089067012071609497e-01,7.963843345642089844e-01,6.967188119888305664e-01,-1.342188715934753418e-01,-1.835588216781616211e-01,3.279542624950408936e-01,-1.168691739439964294e-01,-1.383428871631622314e-01,-2.678922116756439209e-01,1.294884204864501953e+00,-1.045653074979782104e-01,-2.269345074892044067e-01,-6.868027895689010620e-02,-1.260882616043090820e-01,-1.323477327823638916e-01,-8.880560100078582764e-02,-2.100420147180557251e-01,1.551389694213867188e-02,-3.355377018451690674e-01,-1.843382269144058228e-01,-2.600219547748565674e-01,-6.868027895689010620e-02,-1.932295560836791992e-01,2.083230316638946533e-01,-2.408734261989593506e-01,-6.868027895689010620e-02,-2.947356998920440674e-01,-8.055948019027709961e-01,-5.603318288922309875e-02,-3.006099760532379150e-01,-3.447848260402679443e-01,-5.479626059532165527e-01,-6.868027895689010620e-02,-7.936757802963256836e-02,-8.226093053817749023e-01,-2.520759403705596924e-01,-3.849988877773284912e-01,3.278786838054656982e-01,1.535970807075500488e+00,-1.689701229333877563e-01
-3.099999904632568359e+00,-3.539951324462890625e+00,-5.343453884124755859e-01,-9.749544858932495117e-01,-3.088752031326293945e-01,2.134741067886352539e+00,-3.215589225292205811e-01,-4.250409901142120361e-01,-1.342188715934753418e-01,-3.478846848011016846e-01,1.652135014533996582e+00,-1.027392864227294922e+00,-9.168537855148315430e-01,-3.215589225292205811e-01,-5.392421483993530273e-01,-1.342188715934753418e-01,-1.835588216781616211e-01,-5.710974335670471191e-01,2.829416096210479736e-01,-1.383428871631622314e-01,1.540523290634155273e+00,-5.068075656890869141e-01,-1.092136621475219727e+00,-2.269345074892044067e-01,-6.868027895689010620e-02,-1.260882616043090820e-01,-1.323477327823638916e-01,-8.880560100078582764e-02,-2.100420147180557251e-01,1.165858983993530273e+00,-3.355377018451690674e-01,-1.843382269144058228e-01,-2.600219547748565674e-01,-6.868027895689010620e-02,-1.932295560836791992e-01,-6.002156808972358704e-02,5.066648006439208984e+00,-6.868027895689010620e-02,-2.947356998920440674e-01,7.281726598739624023e-01,-5.603318288922309875e-02,-3.006099760532379150e-01,-3.447848260402679443e-01,-5.479626059532165527e-01,-6.868027895689010620e-02,-7.936757802963256836e-02,2.870463371276855469e+00,-2.520759403705596924e-01,-3.849988877773284912e-01,-1.036930918693542480e+00,2.348708361387252808e-01,-1.408662796020507812e+00
-8.420000076293945312e+00,-9.435554504394531250e+00,8.152463436126708984e-01,1.651851683855056763e-01,6.660689711570739746e-01,2.134741067886352539e+00,2.109143018722534180e+00,1.517045617103576660e+00,-1.342188715934753418e-01,-3.478846848011016846e-01,2.315588712692260742e+00,2.658496201038360596e-01,-3.178579211235046387e-01,2.109143018722534180e+00,6.967188119888305664e-01,-1.342188715934753418e-01,-1.835588216781616211e-01,3.279542624950408936e-01,-4.517693072557449341e-02,-1.383428871631622314e-01,1.166821599006652832e+00,1.160480260848999023e+00,-1.296778321266174316e+00,-2.269345074892044067e-01,-6.868027895689010620e-02,7.930952072143554688e+00,-1.323477327823638916e-01,-8.880560100078582764e-02,-2.100420147180557251e-01,1.151347398757934570e+00,-3.355377018451690674e-01,-1.843382269144058228e-01,-2.600219547748565674e-01,-6.868027895689010620e-02,-1.932295560836791992e-01,-4.484207630157470703e-01,-2.408734261989593506e-01,-6.868027895689010620e-02,-2.947356998920440674e-01,-3.608982637524604797e-02,-5.603318288922309875e-02,-3.006099760532379150e-01,-3.447848260402679443e-01,1.043619751930236816e+00,-6.868027895689010620e-02,-7.936757802963256836e-02,1.639439105987548828e+00,3.379752397537231445e+00,6.375269293785095215e-01,-1.502088755369186401e-01,8.822318911552429199e-01,-1.078078031539916992e+00
-8.299999833106994629e-01,-9.500772356986999512e-01,-5.343453884124755859e-01,-9.749544858932495117e-01,-3.088752031326293945e-01,6.881880164146423340e-01,-1.432547450065612793e+00,-4.250409901142120361e-01,-1.342188715934753418e-01,-3.478846848011016846e-01,1.006280422210693359e+00,-2.455558776855468750e-01,7.189828753471374512e-01,-1.432547450065612793e+00,-5.392421483993530273e-01,-1.342188715934753418e-01,-1.835588216781616211e-01,-5.710974335670471191e-01,-3.827514648437500000e-01,-1.383428871631622314e-01,2.430569082498550415e-01,-5.068075656890869141e-01,1.445047259330749512e+00,-2.269345074892044067e-01,-6.868027895689010620e-02,-1.260882616043090820e-01,-1.323477327823638916e-01,-8.880560100078582764e-02,-2.100420147180557251e-01,1.475338637828826904e-01,-3.355377018451690674e-01,-1.843382269144058228e-01,-2.600219547748565674e-01,-6.868027895689010620e-02,-1.932295560836791992e-01,1.079148888587951660e+00,-2.408734261989593506e-01,-6.868027895689010620e-02,-2.947356998920440674e-01,-8.055948019027709961e-01,-5.603318288922309875e-02,-3.006099760532379150e-01,3.697738170623779297e+00,-5.479626059532165527e-01,-6.868027895689010620e-02,-7.936757802963256836e-02,4.084149301052093506e-01,-2.520759403705596924e-01,1.190089821815490723e+00,-8.075572550296783447e-02,-4.013288021087646484e-01,-7.888164520263671875e-01
-3.750000000000000000e+00,-3.227115631103515625e+00,-5.343453884124755859e-01,-3.796306848526000977e-01,-3.088752031326293945e-01,-7.583650946617126465e-01,1.299110531806945801e+00,-4.250409901142120361e-01,-1.342188715934753418e-01,-3.478846848011016846e-01,-2.347351759672164917e-01,1.299092292785644531e+00,2.166653394699096680e+00,1.299110531806945801e+00,6.967188119888305664e-01,-1.342188715934753418e-01,-1.835588216781616211e-01,3.279542624950408936e-01,-1.145802065730094910e-02,-1.383428871631622314e-01,4.203572869300842285e-01,1.150742292404174805e+00,-1.098942309617996216e-01,-2.269345074892044067e-01,-6.868027895689010620e-02,-1.260882616043090820e-01,-1.323477327823638916e-01,-8.880560100078582764e-02,4.760952472686767578e+00,1.304446220397949219e+00,-3.355377018451690674e-01,-1.843382269144058228e-01,-2.600219547748565674e-01,-6.868027895689010620e-02,-1.932295560836791992e-01,-6.100715398788452148e-01,-2.408734261989593506e-01,-6.868027895689010620e-02,-2.947356998920440674e-01,9.010277986526489258e-01,-5.603318288922309875e-02,-3.006099760532379150e-01,-3.447848260402679443e-01,-5.479626059532165527e-01,-6.868027895689010620e-02,-7.936757802963256836e-02,4.084149301052093506e-01,-2.520759403705596924e-01,3.045793175697326660e-01,1.249327301979064941e+00,1.379421353340148926e+00,3.269069194793701172e-01
-2.362000083923339844e+01,-2.474663543701171875e+01,7.563205242156982422e+00,6.052594661712646484e+00,-3.088752031326293945e-01,-7.583650946617126465e-01,6.054165363311767578e-01,-4.250409901142120361e-01,-1.342188715934753418e-01,-3.478846848011016846e-01,-8.836446404457092285e-01,-1.027392864227294922e+00,-1.481124639511108398e+00,6.054165363311767578e-01,-5.392421483993530273e-01,-1.342188715934753418e-01,-1.835588216781616211e-01,-5.710974335670471191e-01,-6.266825199127197266e-01,-1.383428871631622314e-01,-3.706457138061523438e+00,6.491083145141601562e+00,-7.261680960655212402e-01,1.315870952606201172e+01,-6.868027895689010620e-02,-1.260882616043090820e-01,-1.323477327823638916e-01,-8.880560100078582764e-02,-2.100420147180557251e-01,-1.206011891365051270e+00,-3.355377018451690674e-01,-1.843382269144058228e-01,-2.600219547748565674e-01,-6.868027895689010620e-02,-1.932295560836791992e-01,8.593367785215377808e-02,-2.408734261989593506e-01,-6.868027895689010620e-02,-2.947356998920440674e-01,-8.055948019027709961e-01,-5.603318288922309875e-02,-3.006099760532379150e-01,-3.447848260402679443e-01,9.001531600952148438e+00,-6.868027895689010620e-02,-7.936757802963256836e-02,-8.226093053817749023e-01,-2.520759403705596924e-01,-3.849988877773284912e-01,6.489970684051513672e-01,-1.740696430206298828e+00,1.070722579956054688e+00
1.789999961853027344e+00,-5.846607089042663574e-01,-5.343453884124755859e-01,-4.514492750167846680e-01,2.615957260131835938e+00,-7.583650946617126465e-01,9.998697042465209961e-01,1.229525208473205566e+00,-1.342188715934753418e-01,-3.478846848011016846e-01,-8.836446404457092285e-01,-1.027392864227294922e+00,-9.168537855148315430e-01,9.998697042465209961e-01,-5.392421483993530273e-01,-1.342188715934753418e-01,-1.835588216781616211e-01,-5.710974335670471191e-01,1.963478326797485352e+00,-1.383428871631622314e-01,-2.678357437252998352e-02,-5.068075656890869141e-01,8.018258213996887207e-01,-2.269345074892044067e-01,-6.868027895689010620e-02,-1.260882616043090820e-01,-1.323477327823638916e-01,-8.880560100078582764e-02,-2.100420147180557251e-01,-1.206011891365051270e+00,3.409590721130371094e+00,-1.843382269144058228e-01,-2.600219547748565674e-01,-6.868027895689010620e-02,-1.932295560836791992e-01,1.139242172241210938e+00,-2.408734261989593506e-01,-6.868027895689010620e-02,-2.947356998920440674e-01,1.397744417190551758e+00,-5.603318288922309875e-02,-3.006099760532379150e-01,-3.447848260402679443e-01,-5.479626059532165527e-01,-6.868027895689010620e-02,-7.936757802963256836e-02,-8.226093053817749023e-01,-2.520759403705596924e-01,-3.849988877773284912e-01,-6.857699155807495117e-01,-1.506307125091552734e+00,1.070722579956054688e+00
-4.289999961853027344e+00,-4.297804355621337891e+00,8.152463436126708984e-01,4.760118722915649414e-01,-3.088752031326293945e-01,-7.583650946617126465e-01,-1.257463455200195312e+00,-4.250409901142120361e-01,-1.342188715934753418e-01,1.645524263381958008e+00,-8.836446404457092285e-01,-1.027392864227294922e+00,-9.168537855148315430e-01,-1.257463455200195312e+00,-5.392421483993530273e-01,-1.342188715934753418e-01,-1.835588216781616211e-01,-5.710974335670471191e-01,-1.159770727157592773e+00,-1.383428871631622314e-01,-1.412068486213684082e+00,-5.068075656890869141e-01,-2.628788948059082031e-01,-2.269345074892044067e-01,-6.868027895689010620e-02,-1.260882616043090820e-01,-1.323477327823638916e-01,-8.880560100078582764e-02,-2.100420147180557251e-01,1.717623174190521240e-01,-3.355377018451690674e-01,-1.843382269144058228e-01,-2.600219547748565674e-01,-6.868027895689010620e-02,-1.932295560836791992e-01,1.950500607490539551e+00,-2.408734261989593506e-01,-6.868027895689010620e-02,-2.947356998920440674e-01,-8.055948019027709961e-01,-5.603318288922309875e-02,-3.006099760532379150e-01,-3.447848260402679443e-01,1.043619751930236816e+00,-6.868027895689010620e-02,-7.936757802963256836e-02,-8.226093053817749023e-01,-2.520759403705596924e-01,-3.849988877773284912e-01,-1.036930918693542480e+00,-1.238433599472045898e+00,1.070722579956054688e+00
-4.399999976158142090e-01,-1.693531423807144165e-01,-5.343453884124755859e-01,-9.749544858932495117e-01,-3.088752031326293945e-01,6.881880164146423340e-01,-1.415178060531616211e+00,-4.250409901142120361e-01,-1.342188715934753418e-01,-3.478846848011016846e-01,1.033135771751403809e+00,8.230243921279907227e-01,1.677270054817199707e+00,-1.415178060531616211e+00,-5.392421483993530273e-01,-1.342188715934753418e-01,-1.835588216781616211e-01,4.442990720272064209e-01,-3.725709617137908936e-01,-1.383428871631622314e-01,6.995604038238525391e-01,-5.068075656890869141e-01,1.441728830337524414e+00,-2.269345074892044067e-01,-6.868027895689010620e-02,-1.260882616043090820e-01,-1.323477327823638916e-01,-8.880560100078582764e-02,-2.100420147180557251e-01,-1.329047679901123047e-01,-3.355377018451690674e-01,-1.843382269144058228e-01,-2.600219547748565674e-01,-6.868027895689010620e-02,-1.932295560836791992e-01,-6.164564490318298340e-01,-2.408734261989593506e-01,-6.868027895689010620e-02,-2.947356998920440674e-01,-8.055948019027709961e-01,-5.603318288922309875e-02,-3.006099760532379150e-01,-3.447848260402679443e-01,-5.479626059532165527e-01,-6.868027895689010620e-02,-7.936757802963256836e-02,4.084149301052093506e-01,-2.520759403705596924e-01,6.103863716125488281e-01,7.712396979331970215e-01,-5.017813444137573242e-01,-4.169086515903472900e-01
2.509999990463256836e+00,2.387408971786499023e+00,-5.343453884124755859e-01,-9.749544858932495117e-01,-3.088752031326293945e-01,-7.583650946617126465e-01,-1.409619808197021484e+00,-4.250409901142120361e-01,-1.342188715934753418e-01,-3.478846848011016846e-01,-8.836446404457092285e-01,1.369767427444458008e+00,2.557274580001831055e+00,-1.409619808197021484e+00,-5.392421483993530273e-01,-1.342188715934753418e-01,-1.835588216781616211e-01,-5.710974335670471191e-01,-7.740649580955505371e-01,-1.383428871631622314e-01,3.363213539123535156e-01,-5.068075656890869141e-01,1.424485921859741211e+00,-2.269345074892044067e-01,-6.868027895689010620e-02,-1.260882616043090820e-01,-1.323477327823638916e-01,-8.880560100078582764e-02,-2.100420147180557251e-01,-6.767141222953796387e-01,-3.355377018451690674e-01,-1.843382269144058228e-01,-2.600219547748565674e-01,-6.868027895689010620e-02,-1.932295560836791992e-01,-2.128553390502929688e-01,-2.408734261989593506e-01,-6.868027895689010620e-02,-2.947356998920440674e-01,-8.055948019027709961e-01,-5.603318288922309875e-02,-3.006099760532379150e-01,-3.447848260402679443e-01,-5.479626059532165527e-01,-6.868027895689010620e-02,-7.936757802963256836e-02,-8.226093053817749023e-01,-2.520759403705596924e-01,-6.616604328155517578e-02,1.318780422210693359e+00,-1.238433599472045898e+00,1.070722579956054688e+00
-3.609999895095825195e+00,-2.872677326202392578e+00,-5.343453884124755859e-01,-9.749544858932495117e-01,-3.088752031326293945e-01,2.134741067886352539e+00,-2.527561187744140625e-01,-4.250409901142120361e-01,-1.342188715934753418e-01,-3.478846848011016846e-01,2.077075242996215820e+00,-1.027392864227294922e+00,-9.168537855148315430e-01,-2.527561187744140625e-01,-5.392421483993530273e-01,-1.342188715934753418e-01,-1.835588216781616211e-01,-5.710974335670471191e-01,3.891502320766448975e-01,-1.383428871631622314e-01,3.138480186462402344e+00,-5.068075656890869141e-01,1.297314763069152832e+00,-2.269345074892044067e-01,-6.868027895689010620e-02,-1.260882616043090820e-01,-1.323477327823638916e-01,-8.880560100078582764e-02,-2.100420147180557251e-01,2.302636146545410156e+00,-3.355377018451690674e-01,-1.843382269144058228e-01,-2.600219547748565674e-01,-6.868027895689010620e-02,-1.932295560836791992e-01,-5.580400228500366211e-01,-2.408734261989593506e-01,-6.868027895689010620e-02,-2.947356998920440674e-01,1.353314280509948730e+00,-5.603318288922309875e-02,-3.006099760532379150e-01,-3.447848260402679443e-01,-5.479626059532165527e-01,-6.868027895689010620e-02,-7.936757802963256836e-02,1.639439105987548828e+00,3.379752397537231445e+00,5.205590724945068359e-01,-1.036930918693542480e+00,-2.536044120788574219e-01,-1.408662796020507812e+00
-6.320000171661376953e+00,-5.758173942565917969e+00,-5.343453884124755859e-01,2.962566137313842773e+00,-3.088752031326293945e-01,-7.583650946617126465e-01,-5.526669621467590332e-01,-4.250409901142120361e-01,-1.342188715934753418e-01,1.489225029945373535e+00,-8.836446404457092285e-01,-1.027392864227294922e+00,6.460990905761718750e-01,-5.526669621467590332e-01,-5.392421483993530273e-01,-1.342188715934753418e-01,-1.835588216781616211e-01,3.171394169330596924e-01,-7.829953432083129883e-01,-1.383428871631622314e-01,-1.336416006088256836e+00,-5.068075656890869141e-01,-6.294236779212951660e-01,-2.269345074892044067e-01,-6.868027895689010620e-02,-1.260882616043090820e-01,-1.323477327823638916e-01,-8.880560100078582764e-02,-2.100420147180557251e-01,-5.171247720718383789e-01,-3.355377018451690674e-01,5.424810886383056641e+00,-2.600219547748565674e-01,-6.868027895689010620e-02,-1.932295560836791992e-01,3.899547755718231201e-01,-2.408734261989593506e-01,-6.868027895689010620e-02,-2.947356998920440674e-01,1.004872202873229980e+00,-5.603318288922309875e-02,-3.006099760532379150e-01,-3.447848260402679443e-01,-5.479626059532165527e-01,-6.868027895689010620e-02,-7.936757802963256836e-02,4.084149301052093506e-01,-2.520759403705596924e-01,-3.849988877773284912e-01,-1.036930918693542480e+00,3.879414200782775879e-01,1.070722579956054688e+00
-4.329999923706054688e+00,-4.626403808593750000e+00,-5.343453884124755859e-01,-4.619066715240478516e-01,-3.088752031326293945e-01,6.881880164146423340e-01,-8.531027436256408691e-01,-4.250409901142120361e-01,-1.342188715934753418e-01,1.520744681358337402e+00,7.231311202049255371e-01,-1.408067941665649414e-01,-1.007350459694862366e-01,-8.531027436256408691e-01,7.455539703369140625e-01,-1.342188715934753418e-01,-1.835588216781616211e-01,6.329083442687988281e-01,-4.906957447528839111e-01,-1.383428871631622314e-01,-1.992148309946060181e-01,-5.068075656890869141e-01,1.391538679599761963e-01,-2.269345074892044067e-01,-6.868027895689010620e-02,-1.260882616043090820e-01,-1.323477327823638916e-01,-8.880560100078582764e-02,-2.100420147180557251e-01,6.075381040573120117e-01,-3.355377018451690674e-01,-1.843382269144058228e-01,-2.600219547748565674e-01,-6.868027895689010620e-02,5.175191879272460938e+00,5.772202610969543457e-01,-2.408734261989593506e-01,-6.868027895689010620e-02,3.258775711059570312e+00,8.390690684318542480e-01,-5.603318288922309875e-02,-3.006099760532379150e-01,1.676476597785949707e+00,-5.479626059532165527e-01,-6.868027895689010620e-02,-7.936757802963256836e-02,4.084149301052093506e-01,-2.520759403705596924e-01,2.976303994655609131e-01,-1.154823005199432373e-01,1.607722640037536621e+00,-7.002669572830200195e-01
-4.199999809265136719e+00,-4.136816978454589844e+00,8.152463436126708984e-01,8.148316144943237305e-01,2.615957260131835938e+00,-7.583650946617126465e-01,1.197186589241027832e+00,1.584390044212341309e+00,-1.342188715934753418e-01,-3.478846848011016846e-01,-8.836446404457092285e-01,-5.408932566642761230e-01,-6.523125171661376953e-01,1.197186589241027832e+00,-5.392421483993530273e-01,-1.342188715934753418e-01,-1.835588216781616211e-01,-5.710974335670471191e-01,-7.729454636573791504e-01,-1.383428871631622314e-01,-6.784141063690185547e-01,1.242665052413940430e+00,-6.633145213127136230e-01,2.004006147384643555e+00,-6.868027895689010620e-02,-1.260882616043090820e-01,-1.323477327823638916e-01,-8.880560100078582764e-02,-2.100420147180557251e-01,-5.292389988899230957e-01,2.473308563232421875e+00,-1.843382269144058228e-01,-2.600219547748565674e-01,-6.868027895689010620e-02,-1.932295560836791992e-01,1.249424181878566742e-02,-2.408734261989593506e-01,-6.868027895689010620e-02,-2.947356998920440674e-01,-8.055948019027709961e-01,-5.603318288922309875e-02,-3.006099760532379150e-01,-3.447848260402679443e-01,1.043619751930236816e+00,-6.868027895689010620e-02,-7.936757802963256836e-02,-8.226093053817749023e-01,-2.520759403705596924e-01,-3.849988877773284912e-01,2.891152203083038330e-01,-7.600879669189453125e-01,1.070722579956054688e+00
-9.340000152587890625e+00,-7.904799461364746094e+00,-5.343453884124755859e-01,2.334227561950683594e+00,-3.088752031326293945e-01,2.134741067886352539e+00,-2.569694817066192627e-01,-4.250409901142120361e-01,-1.342188715934753418e-01,1.489225029945373535e+00,2.949916124343872070e+00,1.833421289920806885e-01,-2.753133475780487061e-01,-2.569694817066192627e-01,-5.392421483993530273e-01,-1.342188715934753418e-01,-1.835588216781616211e-01,3.171394169330596924e-01,-3.251681625843048096e-01,-1.383428871631622314e-01,9.477782845497131348e-01,1.242665052413940430e+00,-5.552698969841003418e-01,-2.269345074892044067e-01,-6.868027895689010620e-02,-1.260882616043090820e-01,-1.323477327823638916e-01,-8.880560100078582764e-02,-2.100420147180557251e-01,1.259381055831909180e+00,-3.355377018451690674e-01,-1.843382269144058228e-01,-2.600219547748565674e-01,-6.868027895689010620e-02,-1.932295560836791992e-01,-1.065653204917907715e+00,-2.408734261989593506e-01,-6.868027895689010620e-02,-2.947356998920440674e-01,9.963868558406829834e-02,-5.603318288922309875e-02,-3.006099760532379150e-01,-3.447848260402679443e-01,-5.479626059532165527e-01,-6.868027895689010620e-02,-7.936757802963256836e-02,1.639439105987548828e+00,-2.520759403705596924e-01,1.029263138771057129e+00,-6.154488921165466309e-01,-4.277636706829071045e-01,-6.794317960739135742e-01
-3.880000114440917969e+00,-4.217292308807373047e+00,8.152463436126708984e-01,2.308169454336166382e-01,-3.088752031326293945e-01,-7.583650946617126465e-01,4.590466320514678955e-01,-4.250409901142120361e-01,-1.342188715934753418e-01,-3.478846848011016846e-01,-8.836446404457092285e-01,2.617240667343139648e+00,9.330070018768310547e-02,4.590466320514678955e-01,-5.392421483993530273e-01,-1.342188715934753418e-01,-1.835588216781616211e-01,-5.710974335670471191e-01,-8.461926579475402832e-01,-1.383428871631622314e-01,5.286717414855957031e-01,-5.068075656890869141e-01,-7.444716691970825195e-01,2.004006147384643555e+00,-6.868027895689010620e-02,-1.260882616043090820e-01,-1.323477327823638916e-01,-8.880560100078582764e-02,-2.100420147180557251e-01,-5.783973932266235352e-01,-3.355377018451690674e-01,-1.843382269144058228e-01,-2.600219547748565674e-01,-6.868027895689010620e-02,-1.932295560836791992e-01,-4.932903647422790527e-01,-2.408734261989593506e-01,-6.868027895689010620e-02,-2.947356998920440674e-01,1.082315370440483093e-01,-5.603318288922309875e-02,-3.006099760532379150e-01,-3.447848260402679443e-01,1.043619751930236816e+00,-6.868027895689010620e-02,-7.936757802963256836e-02,-8.226093053817749023e-01,-2.520759403705596924e-01,-3.849988877773284912e-01,2.544683694839477539e+00,-3.008762300014495850e-01,1.070722579956054688e+00
-3.410000085830688477e+00,-3.152293682098388672e+00,-5.343453884124755859e-01,-3.796306848526000977e-01,-3.088752031326293945e-01,-7.583650946617126465e-01,9.727733731269836426e-01,-4.250409901142120361e-01,-1.342188715934753418e-01,-3.478846848011016846e-01,-8.836446404457092285e-01,8.479303121566772461e-01,5.453214645385742188e-01,9.727733731269836426e-01,6.967188119888305664e-01,-1.342188715934753418e-01,-1.835588216781616211e-01,3.279542624950408936e-01,-3.805769234895706177e-02,-1.383428871631622314e-01,-3.792918026447296143e-01,1.150742292404174805e+00,-1.121835783123970032e-01,-2.269345074892044067e-01,-6.868027895689010620e-02,-1.260882616043090820e-01,-1.323477327823638916e-01,-8.880560100078582764e-02,4.760952472686767578e+00,-1.206011891365051270e+00,-3.355377018451690674e-01,-1.843382269144058228e-01,-2.600219547748565674e-01,-6.868027895689010620e-02,-1.932295560836791992e-01,-5.358564257621765137e-01,-2.408734261989593506e-01,-6.868027895689010620e-02,-2.947356998920440674e-01,9.705882668495178223e-01,-5.603318288922309875e-02,-3.006099760532379150e-01,-3.447848260402679443e-01,-5.479626059532165527e-01,-6.868027895689010620e-02,-7.936757802963256836e-02,-8.226093053817749023e-01,-2.520759403705596924e-01,-3.849988877773284912e-01,8.059662580490112305e-01,-5.687497258186340332e-01,5.748454332351684570e-01
-4.090000152587890625e+00,-4.113551616668701172e+00,2.164838075637817383e+00,-3.012411296367645264e-01,-3.088752031326293945e-01,-7.583650946617126465e-01,-5.177335143089294434e-01,-4.250409901142120361e-01,-1.342188715934753418e-01,-3.478846848011016846e-01,-8.836446404457092285e-01,8.125926852226257324e-01,2.614344954490661621e-01,-5.177335143089294434e-01,-5.392421483993530273e-01,-1.342188715934753418e-01,-1.835588216781616211e-01,-5.710974335670471191e-01,-8.963031172752380371e-01,-1.383428871631622314e-01,-5.403885841369628906e-01,-5.068075656890869141e-01,-3.132684230804443359e-01,-2.269345074892044067e-01,-6.868027895689010620e-02,-1.260882616043090820e-01,-1.323477327823638916e-01,-8.880560100078582764e-02,-2.100420147180557251e-01,6.133135408163070679e-02,-3.355377018451690674e-01,-1.843382269144058228e-01,-2.600219547748565674e-01,-6.868027895689010620e-02,-1.932295560836791992e-01,2.955332994461059570e-01,-2.408734261989593506e-01,-6.868027895689010620e-02,-2.947356998920440674e-01,-8.055948019027709961e-01,-5.603318288922309875e-02,-3.006099760532379150e-01,-3.447848260402679443e-01,1.043619751930236816e+00,-6.868027895689010620e-02,-7.936757802963256836e-02,-8.226093053817749023e-01,-2.520759403705596924e-01,2.684380292892456055e+00,7.712396979331970215e-01,4.357759952545166016e-01,1.070722579956054688e+00
-5.260000228881835938e+00,-5.924175262451171875e+00,8.152463436126708984e-01,2.825867831707000732e-01,-3.088752031326293945e-01,6.881880164146423340e-01,7.019305229187011719e-01,-4.250409901142120361e-01,-1.342188715934753418e-01,-3.478846848011016846e-01,3.852571547031402588e-01,3.011872172355651855e-01,-9.109432995319366455e-02,7.019305229187011719e-01,-5.392421483993530273e-01,-1.342188715934753418e-01,-1.835588216781616211e-01,6.329083442687988281e-01,-2.538713812828063965e-01,-1.383428871631622314e-01,2.764969170093536377e-01,-5.068075656890869141e-01,-1.450316905975341797e+00,-2.269345074892044067e-01,-6.868027895689010620e-02,-1.260882616043090820e-01,-1.323477327823638916e-01,-8.880560100078582764e-02,-2.100420147180557251e-01,1.151347398757934570e+00,-3.355377018451690674e-01,-1.843382269144058228e-01,1.955365180969238281e+00,-6.868027895689010620e-02,-1.932295560836791992e-01,-7.576708793640136719e-01,-2.408734261989593506e-01,-6.868027895689010620e-02,-2.947356998920440674e-01,-8.055948019027709961e-01,-5.603318288922309875e-02,-3.006099760532379150e-01,1.676476597785949707e+00,1.043619751930236816e+00,-6.868027895689010620e-02,-7.936757802963256836e-02,4.084149301052093506e-01,-2.520759403705596924e-01,3.219652473926544189e-01,3.278786838054656982e-01,1.607722640037536621e+00,-4.169086515903472900e-01
-4.400000095367431641e+00,-3.191014289855957031e+00,-5.343453884124755859e-01,-9.749544858932495117e-01,-3.088752031326293945e-01,2.134741067886352539e+00,-2.341638505458831787e-01,-4.250409901142120361e-01,-1.342188715934753418e-01,-3.478846848011016846e-01,1.965606093406677246e+00,-1.027392864227294922e+00,-9.168537855148315430e-01,-2.341638505458831787e-01,-5.392421483993530273e-01,-1.342188715934753418e-01,-1.835588216781616211e-01,-5.710974335670471191e-01,4.210795164108276367e-01,-1.383428871631622314e-01,4.014921665191650391e+00,-5.068075656890869141e-01,1.308207631111145020e+00,-2.269345074892044067e-01,-6.868027895689010620e-02,-1.260882616043090820e-01,-1.323477327823638916e-01,-8.880560100078582764e-02,-2.100420147180557251e-01,-2.007644064724445343e-02,-3.355377018451690674e-01,-1.843382269144058228e-01,-2.600219547748565674e-01,-6.868027895689010620e-02,-1.932295560836791992e-01,-8.318569064140319824e-01,-2.408734261989593506e-01,-6.868027895689010620e-02,-2.947356998920440674e-01,7.334151268005371094e-01,-5.603318288922309875e-02,-3.006099760532379150e-01,-3.447848260402679443e-01,-5.479626059532165527e-01,-6.868027895689010620e-02,-7.936757802963256836e-02,1.639439105987548828e+00,3.379752397537231445e+00,2.642029225826263428e-01,-1.036930918693542480e+00,-6.392427682876586914e-01,-1.408662796020507812e+00
-4.420000076293945312e+00,-4.587576866149902344e+00,8.152463436126708984e-01,2.308169454336166382e-01,-3.088752031326293945e-01,-7.583650946617126465e-01,4.187714159488677979e-01,-4.250409901142120361e-01,-1.342188715934753418e-01,-3.478846848011016846e-01,-8.836446404457092285e-01,3.967683017253875732e-01,8.043559193611145020e-01,4.187714159488677979e-01,-5.392421483993530273e-01,-1.342188715934753418e-01,-1.835588216781616211e-01,-5.710974335670471191e-01,-8.566527962684631348e-01,-1.383428871631622314e-01,-6.144984960556030273e-01,-5.068075656890869141e-01,-7.426568269729614258e-01,2.004006147384643555e+00,-6.868027895689010620e-02,-1.260882616043090820e-01,-1.323477327823638916e-01,-8.880560100078582764e-02,-2.100420147180557251e-01,-6.275557875633239746e-01,-3.355377018451690674e-01,-1.843382269144058228e-01,-2.600219547748565674e-01,-6.868027895689010620e-02,-1.932295560836791992e-01,-5.565134286880493164e-01,-2.408734261989593506e-01,-6.868027895689010620e-02,-2.947356998920440674e-01,1.082315370440483093e-01,-5.603318288922309875e-02,-3.006099760532379150e-01,-3.447848260402679443e-01,1.043619751930236816e+00,-6.868027895689010620e-02,-7.936757802963256836e-02,-8.226093053817749023e-01,-2.520759403705596924e-01,-3.849988877773284912e-01,3.626052737236022949e-01,4.357759952545166016e-01,1.070722579956054688e+00
-7.030000209808349609e+00,-6.555780410766601562e+00,8.152463436126708984e-01,-4.492915868759155273e-01,-3.088752031326293945e-01,6.881880164146423340e-01,5.278006196022033691e-01,-4.250409901142120361e-01,-1.342188715934753418e-01,-3.478846848011016846e-01,6.803171634674072266e-01,-1.027392864227294922e+00,-9.168537855148315430e-01,5.278006196022033691e-01,-5.392421483993530273e-01,-1.342188715934753418e-01,-1.835588216781616211e-01,-5.710974335670471191e-01,2.816040515899658203e-01,-1.383428871631622314e-01,7.012936472892761230e-02,1.141074061393737793e+00,-1.474595189094543457e+00,-2.269345074892044067e-01,-6.868027895689010620e-02,-1.260882616043090820e-01,-1.323477327823638916e-01,-8.880560100078582764e-02,-2.100420147180557251e-01,1.165858983993530273e+00,-3.355377018451690674e-01,-1.843382269144058228e-01,-2.600219547748565674e-01,-6.868027895689010620e-02,-1.932295560836791992e-01,-6.945025324821472168e-01,-2.408734261989593506e-01,-6.868027895689010620e-02,-2.947356998920440674e-01,-1.108927205204963684e-01,-5.603318288922309875e-02,-3.006099760532379150e-01,-3.447848260402679443e-01,1.043619751930236816e+00,-6.868027895689010620e-02,-7.936757802963256836e-02,4.084149301052093506e-01,-2.520759403705596924e-01,-3.849988877773284912e-01,-1.036930918693542480e+00,1.009340733289718628e-01,-1.408662796020507812e+00
-6.460000038146972656e+00,-6.365800380706787109e+00,8.152463436126708984e-01,1.651851683855056763e-01,-3.088752031326293945e-01,-7.583650946617126465e-01,7.289063334465026855e-01,1.517045617103576660e+00,-1.342188715934753418e-01,-3.478846848011016846e-01,-8.836446404457092285e-01,-8.973127603530883789e-02,-2.950918674468994141e-01,7.289063334465026855e-01,6.967188119888305664e-01,-1.342188715934753418e-01,-1.835588216781616211e-01,3.279542624950408936e-01,-1.069920137524604797e-01,-1.383428871631622314e-01,-9.792130589485168457e-01,-5.068075656890869141e-01,-1.299718856811523438e+00,-2.269345074892044067e-01,-6.868027895689010620e-02,7.930952072143554688e+00,-1.323477327823638916e-01,-8.880560100078582764e-02,-2.100420147180557251e-01,-1.206011891365051270e+00,-3.355377018451690674e-01,-1.843382269144058228e-01,-2.600219547748565674e-01,-6.868027895689010620e-02,-1.932295560836791992e-01,-7.311593890190124512e-01,-2.408734261989593506e-01,-6.868027895689010620e-02,-2.947356998920440674e-01,8.249673247337341309e-02,-5.603318288922309875e-02,-3.006099760532379150e-01,-3.447848260402679443e-01,1.043619751930236816e+00,-6.868027895689010620e-02,-7.936757802963256836e-02,-8.226093053817749023e-01,-2.520759403705596924e-01,-3.849988877773284912e-01,-1.154823005199432373e-01,5.027443766593933105e-01,2.442607581615447998e-01
-2.500000000000000000e-01,-1.762551218271255493e-01,-5.343453884124755859e-01,-9.749544858932495117e-01,2.615957260131835938e+00,6.881880164146423340e-01,1.455199360847473145e+00,1.584390044212341309e+00,-1.342188715934753418e-01,-3.478846848011016846e-01,1.033135771751403809e+00,-6.364743709564208984e-01,-9.168537855148315430e-01,1.455199360847473145e+00,-5.392421483993530273e-01,-1.342188715934753418e-01,-1.835588216781616211e-01,5.870563983917236328e-01,-4.002036750316619873e-01,-1.383428871631622314e-01,5.126425623893737793e-01,-5.068075656890869141e-01,7.619805335998535156e-01,-2.269345074892044067e-01,-6.868027895689010620e-02,-1.260882616043090820e-01,-1.323477327823638916e-01,-8.880560100078582764e-02,-2.100420147180557251e-01,-1.206011891365051270e+00,2.473308563232421875e+00,-1.843382269144058228e-01,-2.600219547748565674e-01,-6.868027895689010620e-02,-1.932295560836791992e-01,-1.152038499712944031e-01,-2.408734261989593506e-01,-6.868027895689010620e-02,-2.947356998920440674e-01,-8.055948019027709961e-01,-5.603318288922309875e-02,-3.006099760532379150e-01,-3.447848260402679443e-01,-5.479626059532165527e-01,-6.868027895689010620e-02,-7.936757802963256836e-02,4.084149301052093506e-01,-2.520759403705596924e-01,-7.392575740814208984e-01,-6.104543209075927734e-01,-5.017813444137573242e-01,-1.054464936256408691e+00
-4.150000095367431641e+00,-3.833878517150878906e+00,-5.343453884124755859e-01,-9.749544858932495117e-01,-3.088752031326293945e-01,2.134741067886352539e+00,-2.574790418148040771e-01,-4.250409901142120361e-01,-1.342188715934753418e-01,-3.478846848011016846e-01,1.429196715354919434e+00,-1.027392864227294922e+00,-9.168537855148315430e-01,-2.574790418148040771e-01,-5.392421483993530273e-01,-1.342188715934753418e-01,-1.835588216781616211e-01,-5.710974335670471191e-01,4.170889556407928467e-01,-1.383428871631622314e-01,3.293406724929809570e+00,2.372290611267089844e+00,-1.080945730209350586e+00,-2.269345074892044067e-01,-6.868027895689010620e-02,-1.260882616043090820e-01,-1.323477327823638916e-01,-8.880560100078582764e-02,-2.100420147180557251e-01,-2.007644064724445343e-02,-3.355377018451690674e-01,-1.843382269144058228e-01,-2.600219547748565674e-01,-6.868027895689010620e-02,-1.932295560836791992e-01,-9.096942543983459473e-01,-2.408734261989593506e-01,-6.868027895689010620e-02,-2.947356998920440674e-01,7.281726598739624023e-01,-5.603318288922309875e-02,-3.006099760532379150e-01,-3.447848260402679443e-01,-5.479626059532165527e-01,-6.868027895689010620e-02,-7.936757802963256836e-02,2.870463371276855469e+00,-2.520759403705596924e-01,-3.849988877773284912e-01,-1.036930918693542480e+00,-4.277636706829071045e-01,-1.408662796020507812e+00
-1.009999990463256836e+00,-1.336313962936401367e+00,-5.343453884124755859e-01,-9.749544858932495117e-01,-3.088752031326293945e-01,6.881880164146423340e-01,-4.161523580551147461e-01,-4.250409901142120361e-01,-1.342188715934753418e-01,-3.478846848011016846e-01,9.485218524932861328e-01,-1.027392864227294922e+00,-9.168537855148315430e-01,-4.161523580551147461e-01,-5.392421483993530273e-01,-1.342188715934753418e-01,-1.835588216781616211e-01,-5.710974335670471191e-01,2.954071462154388428e-01,-1.383428871631622314e-01,7.057977318763732910e-01,-5.068075656890869141e-01,1.297163605690002441e+00,-2.269345074892044067e-01,-6.868027895689010620e-02,-1.260882616043090820e-01,-1.323477327823638916e-01,-8.880560100078582764e-02,-2.100420147180557251e-01,1.165858983993530273e+00,-3.355377018451690674e-01,-1.843382269144058228e-01,-2.600219547748565674e-01,-6.868027895689010620e-02,-1.932295560836791992e-01,7.168606668710708618e-02,-2.408734261989593506e-01,-6.868027895689010620e-02,-2.947356998920440674e-01,5.838093161582946777e-01,-5.603318288922309875e-02,-3.006099760532379150e-01,-3.447848260402679443e-01,-5.479626059532165527e-01,-6.868027895689010620e-02,-7.936757802963256836e-02,4.084149301052093506e-01,-2.520759403705596924e-01,-3.849988877773284912e-01,-1.036930918693542480e+00,-1.405854582786560059e+00,-1.408662796020507812e+00
-3.559999942779541016e+00,-3.591182231903076172e+00,-5.343453884124755859e-01,-9.749544858932495117e-01,-3.088752031326293945e-01,2.134741067886352539e+00,-3.104424774646759033e-01,-4.250409901142120361e-01,-1.342188715934753418e-01,-3.478846848011016846e-01,1.596400380134582520e+00,-1.027392864227294922e+00,-9.168537855148315430e-01,-3.104424774646759033e-01,-5.392421483993530273e-01,-1.342188715934753418e-01,-1.835588216781616211e-01,-5.710974335670471191e-01,3.518304228782653809e-01,-1.383428871631622314e-01,1.978744149208068848e+00,-5.068075656890869141e-01,-1.091767191886901855e+00,-2.269345074892044067e-01,-6.868027895689010620e-02,-1.260882616043090820e-01,-1.323477327823638916e-01,-8.880560100078582764e-02,-2.100420147180557251e-01,-2.007644064724445343e-02,-3.355377018451690674e-01,-1.843382269144058228e-01,-2.600219547748565674e-01,-6.868027895689010620e-02,-1.932295560836791992e-01,-3.654954433441162109e-01,5.066648006439208984e+00,-6.868027895689010620e-02,-2.947356998920440674e-01,8.725360035896301270e-01,-5.603318288922309875e-02,-3.006099760532379150e-01,-3.447848260402679443e-01,-5.479626059532165527e-01,-6.868027895689010620e-02,-7.936757802963256836e-02,2.870463371276855469e+00,-2.520759403705596924e-01,-3.849988877773284912e-01,-1.036930918693542480e+00,-7.780259251594543457e-01,-1.408662796020507812e+00
-8.409999847412109375e+00,-7.939732074737548828e+00,-5.343453884124755859e-01,8.227847516536712646e-03,-3.088752031326293945e-01,6.881880164146423340e-01,-9.468977451324462891e-01,-4.250409901142120361e-01,-1.342188715934753418e-01,3.233074903488159180e+00,1.160425543785095215e-01,-1.027392864227294922e+00,-9.168537855148315430e-01,-9.468977451324462891e-01,-5.392421483993530273e-01,-1.342188715934753418e-01,-1.835588216781616211e-01,7.504527568817138672e-01,-6.835158467292785645e-01,-1.383428871631622314e-01,-1.020057320594787598e+00,-5.068075656890869141e-01,-3.793156743049621582e-01,-2.269345074892044067e-01,-6.868027895689010620e-02,-1.260882616043090820e-01,-1.323477327823638916e-01,1.126055049896240234e+01,-2.100420147180557251e-01,-1.206011891365051270e+00,-3.355377018451690674e-01,-1.843382269144058228e-01,-2.600219547748565674e-01,-6.868027895689010620e-02,-1.932295560836791992e-01,1.747686028480529785e+00,-2.408734261989593506e-01,-6.868027895689010620e-02,3.258775711059570312e+00,1.883423447608947754e+00,-5.603318288922309875e-02,-3.006099760532379150e-01,1.676476597785949707e+00,-5.479626059532165527e-01,-6.868027895689010620e-02,-7.936757802963256836e-02,4.084149301052093506e-01,-2.520759403705596924e-01,-3.849988877773284912e-01,-1.036930918693542480e+00,1.440301775932312012e+00,-7.888164520263671875e-01
-4.420000076293945312e+00,-3.701730728149414062e+00,-5.343453884124755859e-01,1.887325167655944824e+00,-3.088752031326293945e-01,-7.583650946617126465e-01,-7.009463906288146973e-01,-4.250409901142120361e-01,-1.342188715934753418e-01,-3.478846848011016846e-01,-8.836446404457092285e-01,-1.027392864227294922e+00,-1.116609454154968262e+00,-7.009463906288146973e-01,-5.392421483993530273e-01,-1.342188715934753418e-01,-1.835588216781616211e-01,2.093613147735595703e+00,-1.057241678237915039e+00,-1.383428871631622314e-01,-1.161503314971923828e+00,-5.068075656890869141e-01,-3.318907022476196289e-01,-2.269345074892044067e-01,-6.868027895689010620e-02,-1.260882616043090820e-01,-1.323477327823638916e-01,-8.880560100078582764e-02,-2.100420147180557251e-01,-1.206011891365051270e+00,-3.355377018451690674e-01,-1.843382269144058228e-01,6.386139392852783203e+00,-6.868027895689010620e-02,-1.932295560836791992e-01,-2.579252421855926514e-01,-2.408734261989593506e-01,-6.868027895689010620e-02,-2.947356998920440674e-01,2.144565343856811523e+00,-5.603318288922309875e-02,-3.006099760532379150e-01,-3.447848260402679443e-01,-5.479626059532165527e-01,-6.868027895689010620e-02,-7.936757802963256836e-02,-8.226093053817749023e-01,-2.520759403705596924e-01,-3.849988877773284912e-01,-5.897537469863891602e-01,-1.621110081672668457e+00,1.070722579956054688e+00
-1.960000038146972656e+00,-2.575031757354736328e+00,-5.343453884124755859e-01,-9.749544858932495117e-01,-3.088752031326293945e-01,2.134741067886352539e+00,-2.438482046127319336e-01,-4.250409901142120361e-01,-1.342188715934753418e-01,-3.478846848011016846e-01,2.077075242996215820e+00,-1.027392864227294922e+00,-9.168537855148315430e-01,-2.438482046127319336e-01,-5.392421483993530273e-01,-1.342188715934753418e-01,-1.835588216781616211e-01,-5.710974335670471191e-01,3.712427020072937012e-01,-1.383428871631622314e-01,3.138480186462402344e+00,-5.068075656890869141e-01,1.297884345054626465e+00,-2.269345074892044067e-01,-6.868027895689010620e-02,-1.260882616043090820e-01,-1.323477327823638916e-01,-8.880560100078582764e-02,-2.100420147180557251e-01,1.165858983993530273e+00,-3.355377018451690674e-01,-1.843382269144058228e-01,-2.600219547748565674e-01,-6.868027895689010620e-02,-1.932295560836791992e-01,-4.194257855415344238e-01,-2.408734261989593506e-01,-6.868027895689010620e-02,-2.947356998920440674e-01,2.817521333694458008e+00,-5.603318288922309875e-02,-3.006099760532379150e-01,-3.447848260402679443e-01,-5.479626059532165527e-01,-6.868027895689010620e-02,-7.936757802963256836e-02,1.639439105987548828e+00,3.379752397537231445e+00,3.239727318286895752e-01,-1.036930918693542480e+00,-9.626814126968383789e-01,-1.408662796020507812e+00
-4.400000095367431641e+00,-5.584007740020751953e+00,-5.343453884124755859e-01,3.522476851940155029e-01,-3.088752031326293945e-01,6.881880164146423340e-01,1.159951448440551758e+00,-4.250409901142120361e-01,-1.342188715934753418e-01,-3.478846848011016846e-01,7.091964483261108398e-01,1.869155764579772949e-01,-3.168890774250030518e-01,1.159951448440551758e+00,6.967188119888305664e-01,-1.342188715934753418e-01,-1.835588216781616211e-01,-5.710974335670471191e-01,6.167156994342803955e-02,-1.383428871631622314e-01,-2.899681031703948975e-02,1.141074061393737793e+00,-1.401330709457397461e+00,-2.269345074892044067e-01,-6.868027895689010620e-02,-1.260882616043090820e-01,-1.323477327823638916e-01,-8.880560100078582764e-02,4.760952472686767578e+00,1.842631936073303223e+00,-3.355377018451690674e-01,-1.843382269144058228e-01,1.955365180969238281e+00,-6.868027895689010620e-02,-1.932295560836791992e-01,-9.675464630126953125e-01,-2.408734261989593506e-01,-6.868027895689010620e-02,-2.947356998920440674e-01,-3.608982637524604797e-02,-5.603318288922309875e-02,-3.006099760532379150e-01,-3.447848260402679443e-01,-5.479626059532165527e-01,-6.868027895689010620e-02,-7.936757802963256836e-02,4.084149301052093506e-01,-2.520759403705596924e-01,3.509745001792907715e-02,-5.588433146476745605e-01,4.662161767482757568e-01,-8.576882481575012207e-01
-5.210000038146972656e+00,-5.455459594726562500e+00,2.164838075637817383e+00,-9.749544858932495117e-01,9.540768861770629883e-01,6.881880164146423340e-01,-3.774856626987457275e-01,-4.250409901142120361e-01,-1.342188715934753418e-01,-3.478846848011016846e-01,6.823411583900451660e-01,-2.455558776855468750e-01,6.505980491638183594e-01,-3.774856626987457275e-01,-5.392421483993530273e-01,-1.342188715934753418e-01,-1.835588216781616211e-01,-5.710974335670471191e-01,-1.913062185049057007e-01,-1.383428871631622314e-01,-3.715225309133529663e-02,-5.068075656890869141e-01,-7.570514678955078125e-01,-2.269345074892044067e-01,-6.868027895689010620e-02,-1.260882616043090820e-01,-1.323477327823638916e-01,-8.880560100078582764e-02,-2.100420147180557251e-01,1.235152602195739746e+00,-3.355377018451690674e-01,-1.843382269144058228e-01,-2.600219547748565674e-01,-6.868027895689010620e-02,-1.932295560836791992e-01,3.918327093124389648e-01,2.412887334823608398e+00,-6.868027895689010620e-02,-2.947356998920440674e-01,-1.894787140190601349e-02,-5.603318288922309875e-02,-3.006099760532379150e-01,3.697738170623779297e+00,1.043619751930236816e+00,-6.868027895689010620e-02,-7.936757802963256836e-02,4.084149301052093506e-01,-2.520759403705596924e-01,4.865605831146240234e+00,-8.075572550296783447e-02,-1.222938671708106995e-01,-7.888164520263671875e-01
-1.185000038146972656e+01,-9.468917846679687500e+00,4.864021778106689453e+00,2.156931310892105103e-01,2.217029094696044922e+00,2.134741067886352539e+00,1.620556473731994629e+00,-4.250409901142120361e-01,-1.342188715934753418e-01,-3.478846848011016846e-01,2.248327016830444336e+00,1.210061788558959961e+00,-9.168537855148315430e-01,1.620556473731994629e+00,1.932679772377014160e+00,-1.342188715934753418e-01,-1.835588216781616211e-01,-5.710974335670471191e-01,2.878828942775726318e-01,-1.383428871631622314e-01,-2.110187560319900513e-01,-5.068075656890869141e-01,-7.557948231697082520e-01,-2.269345074892044067e-01,-6.868027895689010620e-02,-1.260882616043090820e-01,-1.323477327823638916e-01,-8.880560100078582764e-02,-2.100420147180557251e-01,-2.007644064724445343e-02,-3.355377018451690674e-01,-1.843382269144058228e-01,-2.600219547748565674e-01,-6.868027895689010620e-02,-1.932295560836791992e-01,-7.331123948097229004e-01,-2.408734261989593506e-01,-6.868027895689010620e-02,-2.947356998920440674e-01,2.306709051132202148e+00,-5.603318288922309875e-02,-3.006099760532379150e-01,-3.447848260402679443e-01,2.635202169418334961e+00,-6.868027895689010620e-02,-7.936757802963256836e-02,2.870463371276855469e+00,-2.520759403705596924e-01,7.477109909057617188e+00,-1.036930918693542480e+00,-1.015205621719360352e+00,-1.408662796020507812e+00
1.279999971389770508e+00,7.507559061050415039e-01,-5.343453884124755859e-01,-9.749544858932495117e-01,-3.088752031326293945e-01,-7.583650946617126465e-01,-1.182427406311035156e+00,-4.250409901142120361e-01,-1.342188715934753418e-01,-3.478846848011016846e-01,-1.810245662927627563e-01,-1.027392864227294922e+00,1.415428161621093750e+00,-1.182427406311035156e+00,-5.392421483993530273e-01,-1.342188715934753418e-01,-1.835588216781616211e-01,-5.710974335670471191e-01,-9.713816642761230469e-01,-1.383428871631622314e-01,-7.637913823127746582e-01,-5.068075656890869141e-01,1.153424739837646484e+00,-2.269345074892044067e-01,-6.868027895689010620e-02,-1.260882616043090820e-01,-1.323477327823638916e-01,-8.880560100078582764e-02,-2.100420147180557251e-01,-1.206011891365051270e+00,-3.355377018451690674e-01,-1.843382269144058228e-01,-2.600219547748565674e-01,-6.868027895689010620e-02,-1.932295560836791992e-01,3.775832176208496094e+00,-2.408734261989593506e-01,-6.868027895689010620e-02,-2.947356998920440674e-01,-8.055948019027709961e-01,-5.603318288922309875e-02,2.151636600494384766e+00,-3.447848260402679443e-01,-5.479626059532165527e-01,-6.868027895689010620e-02,-7.936757802963256836e-02,-8.226093053817749023e-01,-2.520759403705596924e-01,-3.849988877773284912e-01,-1.036930918693542480e+00,-1.908117413520812988e+00,-1.408662796020507812e+00
-2.329999923706054688e+00,-1.998404622077941895e+00,-5.343453884124755859e-01,1.223980635404586792e-01,-3.088752031326293945e-01,-7.583650946617126465e-01,-1.121981739997863770e+00,-4.250409901142120361e-01,-1.342188715934753418e-01,-3.478846848011016846e-01,-8.836446404457092285e-01,-1.027392864227294922e+00,-9.168537855148315430e-01,-1.121981739997863770e+00,-5.392421483993530273e-01,-1.342188715934753418e-01,-1.835588216781616211e-01,-5.710974335670471191e-01,1.975961685180664062e+00,-1.383428871631622314e-01,-1.105512231588363647e-01,-5.068075656890869141e-01,1.247690796852111816e+00,-2.269345074892044067e-01,-6.868027895689010620e-02,-1.260882616043090820e-01,-1.323477327823638916e-01,-8.880560100078582764e-02,-2.100420147180557251e-01,-1.206011891365051270e+00,1.537026405334472656e+00,-1.843382269144058228e-01,-2.600219547748565674e-01,-6.868027895689010620e-02,-1.932295560836791992e-01,6.096706390380859375e-01,-2.408734261989593506e-01,-6.868027895689010620e-02,-2.947356998920440674e-01,6.688605546951293945e-01,-5.603318288922309875e-02,-3.006099760532379150e-01,-3.447848260402679443e-01,-5.479626059532165527e-01,-6.868027895689010620e-02,-7.936757802963256836e-02,-8.226093053817749023e-01,-2.520759403705596924e-01,-3.849988877773284912e-01,-1.036930918693542480e+00,-1.405854582786560059e+00,1.070722579956054688e+00
-4.429999828338623047e+00,-4.345438957214355469e+00,8.152463436126708984e-01,1.272772699594497681e-01,-3.088752031326293945e-01,-7.583650946617126465e-01,5.663283467292785645e-01,-4.250409901142120361e-01,-1.342188715934753418e-01,-3.478846848011016846e-01,-8.836446404457092285e-01,8.832678794860839844e-01,1.242666602134704590e+00,5.663283467292785645e-01,-5.392421483993530273e-01,-1.342188715934753418e-01,-1.835588216781616211e-01,-5.710974335670471191e-01,-7.514626383781433105e-01,-1.383428871631622314e-01,-5.189269185066223145e-01,-5.068075656890869141e-01,-7.059091329574584961e-01,2.004006147384643555e+00,-6.868027895689010620e-02,-1.260882616043090820e-01,-1.323477327823638916e-01,-8.880560100078582764e-02,-2.100420147180557251e-01,7.751483917236328125e-01,-3.355377018451690674e-01,-1.843382269144058228e-01,-2.600219547748565674e-01,-6.868027895689010620e-02,-1.932295560836791992e-01,-3.480650782585144043e-01,-2.408734261989593506e-01,-6.868027895689010620e-02,-2.947356998920440674e-01,-8.055948019027709961e-01,-5.603318288922309875e-02,-3.006099760532379150e-01,-3.447848260402679443e-01,1.043619751930236816e+00,-6.868027895689010620e-02,-7.936757802963256836e-02,-8.226093053817749023e-01,-2.520759403705596924e-01,-6.547805070877075195e-01,1.227448225021362305e+00,-5.687497258186340332e-01,1.070722579956054688e+00
-1.919999957084655762e+00,-1.585658550262451172e+00,-5.343453884124755859e-01,1.060026526451110840e+00,3.878909349441528320e+00,6.881880164146423340e-01,1.503872632980346680e+00,1.584390044212341309e+00,-1.342188715934753418e-01,-3.478846848011016846e-01,7.360517382621765137e-01,-1.027392864227294922e+00,-1.274326324462890625e+00,1.503872632980346680e+00,-5.392421483993530273e-01,-1.342188715934753418e-01,-1.835588216781616211e-01,-5.710974335670471191e-01,-2.334752380847930908e-01,-1.383428871631622314e-01,4.990277886390686035e-01,1.369001030921936035e+00,-5.438799858093261719e-01,-2.269345074892044067e-01,-6.868027895689010620e-02,-1.260882616043090820e-01,-1.323477327823638916e-01,-8.880560100078582764e-02,-2.100420147180557251e-01,-2.007644064724445343e-02,2.473308563232421875e+00,-1.843382269144058228e-01,-2.600219547748565674e-01,-6.868027895689010620e-02,-1.932295560836791992e-01,-1.680483371019363403e-01,2.412887334823608398e+00,-6.868027895689010620e-02,-2.947356998920440674e-01,9.558460116386413574e-01,-5.603318288922309875e-02,-3.006099760532379150e-01,-3.447848260402679443e-01,-5.479626059532165527e-01,-6.868027895689010620e-02,-7.936757802963256836e-02,4.084149301052093506e-01,-2.520759403705596924e-01,-4.991101473569869995e-02,-6.104543209075927734e-01,4.100189208984375000e-01,-5.822010040283203125e-01
-2.300000041723251343e-01,-4.749246835708618164e-01,-5.343453884124755859e-01,-9.749544858932495117e-01,-3.088752031326293945e-01,6.881880164146423340e-01,-1.410217285156250000e+00,-4.250409901142120361e-01,-1.342188715934753418e-01,-3.478846848011016846e-01,1.033135771751403809e+00,1.203511238098144531e+00,-4.572126641869544983e-02,-1.410217285156250000e+00,-5.392421483993530273e-01,-1.342188715934753418e-01,-1.835588216781616211e-01,6.329083442687988281e-01,-4.182149171829223633e-01,-1.383428871631622314e-01,9.914394021034240723e-01,-5.068075656890869141e-01,1.421222090721130371e+00,-2.269345074892044067e-01,-6.868027895689010620e-02,-1.260882616043090820e-01,-1.323477327823638916e-01,-8.880560100078582764e-02,-2.100420147180557251e-01,5.930265188217163086e-01,-3.355377018451690674e-01,-1.843382269144058228e-01,-2.600219547748565674e-01,-6.868027895689010620e-02,-1.932295560836791992e-01,9.278642535209655762e-01,-2.408734261989593506e-01,-6.868027895689010620e-02,-2.947356998920440674e-01,-8.055948019027709961e-01,-5.603318288922309875e-02,-3.006099760532379150e-01,1.676476597785949707e+00,-5.479626059532165527e-01,-6.868027895689010620e-02,-7.936757802963256836e-02,4.084149301052093506e-01,-2.520759403705596924e-01,4.820902049541473389e-01,1.214600682258605957e+00,8.314982652664184570e-01,-2.816694676876068115e-01
-7.980000019073486328e+00,-7.657955169677734375e+00,-5.343453884124755859e-01,2.896565914154052734e+00,3.479981184005737305e+00,6.881880164146423340e-01,1.415706992149353027e+00,3.275690078735351562e+00,-1.342188715934753418e-01,-3.478846848011016846e-01,8.444273471832275391e-01,8.479303121566772461e-01,8.315399885177612305e-01,1.415706992149353027e+00,4.675401687622070312e+00,-1.342188715934753418e-01,-1.835588216781616211e-01,1.273543477058410645e+00,1.246347308158874512e+00,-1.383428871631622314e-01,3.969506323337554932e-01,-5.068075656890869141e-01,-5.088419318199157715e-01,-2.269345074892044067e-01,1.456021976470947266e+01,-1.260882616043090820e-01,-1.323477327823638916e-01,-8.880560100078582764e-02,-2.100420147180557251e-01,4.921712726354598999e-02,-3.355377018451690674e-01,-1.843382269144058228e-01,-2.600219547748565674e-01,-6.868027895689010620e-02,-1.932295560836791992e-01,-8.605100512504577637e-01,-2.408734261989593506e-01,-6.868027895689010620e-02,-2.947356998920440674e-01,3.548265218734741211e+00,-5.603318288922309875e-02,-3.006099760532379150e-01,-3.447848260402679443e-01,-5.479626059532165527e-01,-6.868027895689010620e-02,-7.936757802963256836e-02,4.084149301052093506e-01,-2.520759403705596924e-01,-1.137580633163452148e+00,1.144001841545104980e+00,-5.978664159774780273e-01,-7.360915839672088623e-02
-5.299999713897705078e-01,-1.727501034736633301e+00,-5.343453884124755859e-01,2.817228734493255615e-01,-3.088752031326293945e-01,-7.583650946617126465e-01,-5.071033835411071777e-01,-4.250409901142120361e-01,-1.342188715934753418e-01,-3.478846848011016846e-01,-8.836446404457092285e-01,9.186055064201354980e-01,2.257641077041625977e+00,-5.071033835411071777e-01,-5.392421483993530273e-01,-1.342188715934753418e-01,-1.835588216781616211e-01,3.171394169330596924e-01,-8.649006485939025879e-01,-1.383428871631622314e-01,-8.130967617034912109e-02,-5.068075656890869141e-01,-6.120880246162414551e-01,-2.269345074892044067e-01,-6.868027895689010620e-02,-1.260882616043090820e-01,-1.323477327823638916e-01,-8.880560100078582764e-02,-2.100420147180557251e-01,1.501079678535461426e+00,-3.355377018451690674e-01,-1.843382269144058228e-01,-2.600219547748565674e-01,-6.868027895689010620e-02,-1.932295560836791992e-01,-4.832748472690582275e-01,-2.408734261989593506e-01,-6.868027895689010620e-02,-2.947356998920440674e-01,-8.055948019027709961e-01,-5.603318288922309875e-02,-3.006099760532379150e-01,-3.447848260402679443e-01,-5.479626059532165527e-01,-6.868027895689010620e-02,-7.936757802963256836e-02,-8.226093053817749023e-01,-2.520759403705596924e-01,-3.849988877773284912e-01,1.718383312225341797e+00,-1.621110081672668457e+00,1.070722579956054688e+00
-4.769999980926513672e+00,-4.587539672851562500e+00,-5.343453884124755859e-01,-4.619066715240478516e-01,-3.088752031326293945e-01,6.881880164146423340e-01,-9.170223474502563477e-01,-4.250409901142120361e-01,-1.342188715934753418e-01,1.520744681358337402e+00,7.231311202049255371e-01,-6.364743709564208984e-01,-1.313282549381256104e-01,-9.170223474502563477e-01,7.455539703369140625e-01,-1.342188715934753418e-01,-1.835588216781616211e-01,-5.710974335670471191e-01,-4.779798984527587891e-01,-1.383428871631622314e-01,-3.695535659790039062e-01,-5.068075656890869141e-01,1.186614781618118286e-01,-2.269345074892044067e-01,-6.868027895689010620e-02,-1.260882616043090820e-01,-1.323477327823638916e-01,-8.880560100078582764e-02,-2.100420147180557251e-01,6.075381040573120117e-01,-3.355377018451690674e-01,-1.843382269144058228e-01,-2.600219547748565674e-01,-6.868027895689010620e-02,5.175191879272460938e+00,8.725784420967102051e-01,-2.408734261989593506e-01,-6.868027895689010620e-02,3.258775711059570312e+00,9.086295366287231445e-01,-5.603318288922309875e-02,-3.006099760532379150e-01,1.676476597785949707e+00,-5.479626059532165527e-01,-6.868027895689010620e-02,-7.936757802963256836e-02,4.084149301052093506e-01,-2.520759403705596924e-01,3.276061415672302246e-01,-5.588433146476745605e-01,1.535970807075500488e+00,-9.954319000244140625e-01
-1.027000045776367188e+01,-8.995556831359863281e+00,8.152463436126708984e-01,5.114111304283142090e-02,-3.088752031326293945e-01,6.881880164146423340e-01,-9.239701032638549805e-01,-4.250409901142120361e-01,3.949869632720947266e+00,3.389374017715454102e+00,8.918724954128265381e-02,-6.273064017295837402e-01,-1.623713523149490356e-01,-9.239701032638549805e-01,-5.392421483993530273e-01,3.949869632720947266e+00,-1.835588216781616211e-01,-5.710974335670471191e-01,-5.779579877853393555e-01,-1.383428871631622314e-01,-8.201819658279418945e-01,-5.068075656890869141e-01,-4.470245838165283203e-01,-2.269345074892044067e-01,-6.868027895689010620e-02,-1.260882616043090820e-01,-1.323477327823638916e-01,1.126055049896240234e+01,-2.100420147180557251e-01,-5.292389988899230957e-01,-3.355377018451690674e-01,-1.843382269144058228e-01,-2.600219547748565674e-01,-6.868027895689010620e-02,-1.932295560836791992e-01,5.908914804458618164e-01,-2.408734261989593506e-01,-6.868027895689010620e-02,3.258775711059570312e+00,5.151736363768577576e-02,-5.603318288922309875e-02,-3.006099760532379150e-01,1.676476597785949707e+00,1.043619751930236816e+00,-6.868027895689010620e-02,-7.936757802963256836e-02,4.084149301052093506e-01,-2.520759403705596924e-01,2.254161387681961060e-01,-5.588433146476745605e-01,1.775143623352050781e+00,-7.888164520263671875e-01
-5.099999904632568359e+00,-5.574182033538818359e+00,8.152463436126708984e-01,2.825867831707000732e-01,-3.088752031326293945e-01,-7.583650946617126465e-01,1.814863458275794983e-02,-4.250409901142120361e-01,-1.342188715934753418e-01,-3.478846848011016846e-01,-8.836446404457092285e-01,-1.027392864227294922e+00,-9.168537855148315430e-01,1.814863458275794983e-02,-5.392421483993530273e-01,-1.342188715934753418e-01,-1.835588216781616211e-01,-5.710974335670471191e-01,-1.598993301391601562e+00,-1.383428871631622314e-01,-1.564379334449768066e+00,-5.068075656890869141e-01,-7.657604217529296875e-01,2.004006147384643555e+00,-6.868027895689010620e-02,-1.260882616043090820e-01,-1.323477327823638916e-01,-8.880560100078582764e-02,-2.100420147180557251e-01,-1.206011891365051270e+00,-3.355377018451690674e-01,-1.843382269144058228e-01,-2.600219547748565674e-01,-6.868027895689010620e-02,-1.932295560836791992e-01,5.307982563972473145e-01,-2.408734261989593506e-01,-6.868027895689010620e-02,-2.947356998920440674e-01,1.777919679880142212e-01,-5.603318288922309875e-02,-3.006099760532379150e-01,-3.447848260402679443e-01,1.043619751930236816e+00,-6.868027895689010620e-02,-7.936757802963256836e-02,-8.226093053817749023e-01,-2.520759403705596924e-01,-3.849988877773284912e-01,-1.036930918693542480e+00,-9.035916328430175781e-01,1.070722579956054688e+00
-6.250000000000000000e+00,-6.006771087646484375e+00,8.152463436126708984e-01,1.591033935546875000e+00,-3.088752031326293945e-01,-7.583650946617126465e-01,3.905033171176910400e-01,-4.250409901142120361e-01,-1.342188715934753418e-01,-3.478846848011016846e-01,-8.836446404457092285e-01,3.614307045936584473e-01,4.556293785572052002e-01,3.905033171176910400e-01,-5.392421483993530273e-01,-1.342188715934753418e-01,-1.835588216781616211e-01,3.171394169330596924e-01,-9.220005273818969727e-01,-1.383428871631622314e-01,-7.683519721031188965e-01,-5.068075656890869141e-01,-7.287932038307189941e-01,2.004006147384643555e+00,-6.868027895689010620e-02,-1.260882616043090820e-01,-1.323477327823638916e-01,-8.880560100078582764e-02,-2.100420147180557251e-01,-5.783973932266235352e-01,-3.355377018451690674e-01,-1.843382269144058228e-01,-2.600219547748565674e-01,-6.868027895689010620e-02,-1.932295560836791992e-01,-8.603904843330383301e-01,-2.408734261989593506e-01,-6.868027895689010620e-02,-2.947356998920440674e-01,1.082315370440483093e-01,-5.603318288922309875e-02,-3.006099760532379150e-01,-3.447848260402679443e-01,1.043619751930236816e+00,-6.868027895689010620e-02,-7.936757802963256836e-02,-8.226093053817749023e-01,-2.520759403705596924e-01,-3.849988877773284912e-01,3.278786838054656982e-01,1.356591224670410156e+00,1.070722579956054688e+00
-7.000000000000000000e+00,-6.533911228179931641e+00,-5.343453884124755859e-01,1.851869523525238037e-01,-3.088752031326293945e-01,6.881880164146423340e-01,9.121887683868408203e-01,-4.250409901142120361e-01,-1.342188715934753418e-01,1.520744681358337402e+00,7.231311202049255371e-01,-2.995840013027191162e-01,-9.168537855148315430e-01,9.121887683868408203e-01,1.981514930725097656e+00,-1.342188715934753418e-01,-1.835588216781616211e-01,-5.710974335670471191e-01,-5.939075723290443420e-02,-1.383428871631622314e-01,-7.021560668945312500e-01,1.294884204864501953e+00,-1.001036837697029114e-01,-2.269345074892044067e-01,-6.868027895689010620e-02,-1.260882616043090820e-01,-1.323477327823638916e-01,-8.880560100078582764e-02,-2.100420147180557251e-01,-2.007644064724445343e-02,-3.355377018451690674e-01,-1.843382269144058228e-01,-2.600219547748565674e-01,-6.868027895689010620e-02,5.175191879272460938e+00,-1.004071626812219620e-02,-2.408734261989593506e-01,-6.868027895689010620e-02,3.258775711059570312e+00,1.678134441375732422e+00,-5.603318288922309875e-02,-3.006099760532379150e-01,-3.447848260402679443e-01,-5.479626059532165527e-01,-6.868027895689010620e-02,-7.936757802963256836e-02,4.084149301052093506e-01,-2.520759403705596924e-01,7.410769816488027573e-03,-1.036930918693542480e+00,8.543283939361572266e-01,-1.408662796020507812e+00
-2.109999895095825195e+00,-2.236132621765136719e+00,-5.343453884124755859e-01,3.196307718753814697e-01,-3.088752031326293945e-01,-7.583650946617126465e-01,1.084479570388793945e+00,1.517045617103576660e+00,-1.342188715934753418e-01,-3.478846848011016846e-01,-8.836446404457092285e-01,1.750254273414611816e+00,8.448171615600585938e-01,1.084479570388793945e+00,6.967188119888305664e-01,-1.342188715934753418e-01,-1.835588216781616211e-01,1.216191172599792480e+00,-9.071323275566101074e-02,-1.383428871631622314e-01,1.266004294157028198e-01,-5.068075656890869141e-01,-1.197940111160278320e+00,-2.269345074892044067e-01,-6.868027895689010620e-02,-1.260882616043090820e-01,-1.323477327823638916e-01,-8.880560100078582764e-02,-2.100420147180557251e-01,-5.783973932266235352e-01,-3.355377018451690674e-01,-1.843382269144058228e-01,-2.600219547748565674e-01,-6.868027895689010620e-02,-1.932295560836791992e-01,-9.506544470787048340e-01,-2.408734261989593506e-01,-6.868027895689010620e-02,-2.947356998920440674e-01,8.249673247337341309e-02,-5.603318288922309875e-02,-3.006099760532379150e-01,-3.447848260402679443e-01,-5.479626059532165527e-01,-6.868027895689010620e-02,-7.936757802963256836e-02,-8.226093053817749023e-01,-2.520759403705596924e-01,-3.849988877773284912e-01,1.692688226699829102e+00,1.105459809303283691e+00,7.607993483543395996e-01
-3.430000066757202148e+00,-3.156929492950439453e+00,-5.343453884124755859e-01,-3.278608322143554688e-01,-3.088752031326293945e-01,-7.583650946617126465e-01,8.437680602073669434e-01,-4.250409901142120361e-01,-1.342188715934753418e-01,-3.478846848011016846e-01,-2.347351759672164917e-01,1.263754725456237793e+00,-7.331513613462448120e-02,8.437680602073669434e-01,6.967188119888305664e-01,-1.342188715934753418e-01,-1.835588216781616211e-01,3.279542624950408936e-01,-1.168403550982475281e-01,-1.383428871631622314e-01,2.553705573081970215e-01,1.294884204864501953e+00,-1.045653074979782104e-01,-2.269345074892044067e-01,-6.868027895689010620e-02,-1.260882616043090820e-01,-1.323477327823638916e-01,-8.880560100078582764e-02,-2.100420147180557251e-01,6.431283950805664062e-01,-3.355377018451690674e-01,-1.843382269144058228e-01,-2.600219547748565674e-01,-6.868027895689010620e-02,-1.932295560836791992e-01,2.474142760038375854e-01,-2.408734261989593506e-01,-6.868027895689010620e-02,-2.947356998920440674e-01,-8.055948019027709961e-01,-5.603318288922309875e-02,-3.006099760532379150e-01,-3.447848260402679443e-01,-5.479626059532165527e-01,-6.868027895689010620e-02,-7.936757802963256836e-02,-8.226093053817749023e-01,-2.520759403705596924e-01,-3.849988877773284912e-01,1.214600682258605957e+00,1.440301775932312012e+00,1.409530341625213623e-01
-9.800000190734863281e-01,-1.330918550491333008e+00,-5.343453884124755859e-01,-9.749544858932495117e-01,-3.088752031326293945e-01,6.881880164146423340e-01,-4.139012694358825684e-01,-4.250409901142120361e-01,-1.342188715934753418e-01,-3.478846848011016846e-01,9.485218524932861328e-01,-1.027392864227294922e+00,-9.168537855148315430e-01,-4.139012694358825684e-01,-5.392421483993530273e-01,-1.342188715934753418e-01,-1.835588216781616211e-01,-5.710974335670471191e-01,3.053019642829895020e-01,-1.383428871631622314e-01,7.057977318763732910e-01,-5.068075656890869141e-01,1.297515630722045898e+00,-2.269345074892044067e-01,-6.868027895689010620e-02,-1.260882616043090820e-01,-1.323477327823638916e-01,-8.880560100078582764e-02,-2.100420147180557251e-01,5.728912949562072754e-01,-3.355377018451690674e-01,-1.843382269144058228e-01,-2.600219547748565674e-01,-6.868027895689010620e-02,-1.932295560836791992e-01,8.738415315747261047e-03,-2.408734261989593506e-01,-6.868027895689010620e-02,-2.947356998920440674e-01,5.838093161582946777e-01,-5.603318288922309875e-02,-3.006099760532379150e-01,-3.447848260402679443e-01,-5.479626059532165527e-01,-6.868027895689010620e-02,-7.936757802963256836e-02,4.084149301052093506e-01,-2.520759403705596924e-01,-3.849988877773284912e-01,-1.036930918693542480e+00,-4.013288021087646484e-01,-1.408662796020507812e+00
-6.960000038146972656e+00,-6.714217662811279297e+00,8.152463436126708984e-01,1.014465093612670898e+00,-3.088752031326293945e-01,6.881880164146423340e-01,7.201243638992309570e-01,-4.250409901142120361e-01,-1.342188715934753418e-01,-3.478846848011016846e-01,8.817318081855773926e-02,-1.027392864227294922e+00,-9.168537855148315430e-01,7.201243638992309570e-01,-5.392421483993530273e-01,-1.342188715934753418e-01,-1.835588216781616211e-01,-5.710974335670471191e-01,-2.061369270086288452e-01,-1.383428871631622314e-01,-3.565558195114135742e-01,-5.068075656890869141e-01,-1.433600306510925293e+00,-2.269345074892044067e-01,-6.868027895689010620e-02,-1.260882616043090820e-01,-1.323477327823638916e-01,-8.880560100078582764e-02,-2.100420147180557251e-01,-2.007644064724445343e-02,-3.355377018451690674e-01,-1.843382269144058228e-01,4.170752525329589844e+00,-6.868027895689010620e-02,-1.932295560836791992e-01,-1.027869701385498047e+00,2.412887334823608398e+00,-6.868027895689010620e-02,-2.947356998920440674e-01,-8.055948019027709961e-01,-5.603318288922309875e-02,-3.006099760532379150e-01,-3.447848260402679443e-01,1.043619751930236816e+00,-6.868027895689010620e-02,-7.936757802963256836e-02,4.084149301052093506e-01,-2.520759403705596924e-01,-3.849988877773284912e-01,-1.036930918693542480e+00,-8.170696347951889038e-02,-7.888164520263671875e-01
-4.800000190734863281e+00,-5.232013702392578125e+00,-5.343453884124755859e-01,1.432489633560180664e+00,-3.088752031326293945e-01,-7.583650946617126465e-01,7.700004577636718750e-01,-4.250409901142120361e-01,-1.342188715934753418e-01,-3.478846848011016846e-01,1.965487897396087646e-01,-5.762308835983276367e-01,-1.067372322082519531e+00,7.700004577636718750e-01,-5.392421483993530273e-01,-1.342188715934753418e-01,-1.835588216781616211e-01,1.243151664733886719e+00,-9.466325640678405762e-01,-1.383428871631622314e-01,-1.440572261810302734e+00,-5.068075656890869141e-01,-2.044241875410079956e-01,-2.269345074892044067e-01,-6.868027895689010620e-02,-1.260882616043090820e-01,-1.323477327823638916e-01,-8.880560100078582764e-02,-2.100420147180557251e-01,-5.783973932266235352e-01,-3.355377018451690674e-01,-1.843382269144058228e-01,-2.600219547748565674e-01,-6.868027895689010620e-02,-1.932295560836791992e-01,-9.082841277122497559e-01,-2.408734261989593506e-01,-6.868027895689010620e-02,-2.947356998920440674e-01,-8.055948019027709961e-01,-5.603318288922309875e-02,3.469422817230224609e+00,-3.447848260402679443e-01,-5.479626059532165527e-01,-6.868027895689010620e-02,-7.936757802963256836e-02,-8.226093053817749023e-01,-2.520759403705596924e-01,-3.849988877773284912e-01,-5.935698747634887695e-01,-6.296300888061523438e-01,1.070722579956054688e+00
2.299999952316284180e+00,2.101528644561767578e+00,-5.343453884124755859e-01,-9.749544858932495117e-01,-3.088752031326293945e-01,-7.583650946617126465e-01,-1.418999314308166504e+00,-4.250409901142120361e-01,-1.342188715934753418e-01,-3.478846848011016846e-01,-8.836446404457092285e-01,1.299092292785644531e+00,8.026642799377441406e-01,-1.418999314308166504e+00,-5.392421483993530273e-01,-1.342188715934753418e-01,-1.835588216781616211e-01,-5.710974335670471191e-01,-9.612321853637695312e-01,-1.383428871631622314e-01,1.713346391916275024e-01,-5.068075656890869141e-01,1.421219706535339355e+00,-2.269345074892044067e-01,-6.868027895689010620e-02,-1.260882616043090820e-01,-1.323477327823638916e-01,-8.880560100078582764e-02,-2.100420147180557251e-01,-1.206011891365051270e+00,-3.355377018451690674e-01,-1.843382269144058228e-01,-2.600219547748565674e-01,-6.868027895689010620e-02,-1.932295560836791992e-01,1.088538527488708496e+00,-2.408734261989593506e-01,-6.868027895689010620e-02,-2.947356998920440674e-01,-8.055948019027709961e-01,-5.603318288922309875e-02,-3.006099760532379150e-01,-3.447848260402679443e-01,-5.479626059532165527e-01,-6.868027895689010620e-02,-7.936757802963256836e-02,-8.226093053817749023e-01,-2.520759403705596924e-01,-3.849988877773284912e-01,1.249327301979064941e+00,-1.104496836662292480e+00,1.070722579956054688e+00
-4.909999847412109375e+00,-5.724817276000976562e+00,2.164838075637817383e+00,-9.749544858932495117e-01,9.540768861770629883e-01,6.881880164146423340e-01,-4.069534838199615479e-01,-4.250409901142120361e-01,-1.342188715934753418e-01,-3.478846848011016846e-01,6.803171634674072266e-01,-1.027392864227294922e+00,-9.168537855148315430e-01,-4.069534838199615479e-01,-5.392421483993530273e-01,-1.342188715934753418e-01,-1.835588216781616211e-01,-5.710974335670471191e-01,2.960794568061828613e-01,-1.383428871631622314e-01,-1.263227313756942749e-02,-5.068075656890869141e-01,-7.519725561141967773e-01,-2.269345074892044067e-01,-6.868027895689010620e-02,-1.260882616043090820e-01,-1.323477327823638916e-01,-8.880560100078582764e-02,-2.100420147180557251e-01,-2.007644064724445343e-02,-3.355377018451690674e-01,-1.843382269144058228e-01,-2.600219547748565674e-01,-6.868027895689010620e-02,-1.932295560836791992e-01,-8.891306817531585693e-02,2.412887334823608398e+00,-6.868027895689010620e-02,-2.947356998920440674e-01,-8.055948019027709961e-01,-5.603318288922309875e-02,-3.006099760532379150e-01,-3.447848260402679443e-01,1.043619751930236816e+00,-6.868027895689010620e-02,-7.936757802963256836e-02,4.084149301052093506e-01,-2.520759403705596924e-01,3.159259557723999023e+00,-1.036930918693542480e+00,6.031969189643859863e-01,-1.408662796020507812e+00
-3.500000000000000000e+00,-3.288400650024414062e+00,-5.343453884124755859e-01,-3.278608322143554688e-01,-3.088752031326293945e-01,-7.583650946617126465e-01,5.600753426551818848e-01,-4.250409901142120361e-01,-1.342188715934753418e-01,-3.478846848011016846e-01,-8.836446404457092285e-01,-5.408932566642761230e-01,-3.553784787654876709e-01,5.600753426551818848e-01,-5.392421483993530273e-01,-1.342188715934753418e-01,-1.835588216781616211e-01,3.279542624950408936e-01,-2.371076196432113647e-01,-1.383428871631622314e-01,-1.164186000823974609e+00,1.294884204864501953e+00,-1.381894797086715698e-01,-2.269345074892044067e-01,-6.868027895689010620e-02,-1.260882616043090820e-01,-1.323477327823638916e-01,-8.880560100078582764e-02,-2.100420147180557251e-01,-5.292389988899230957e-01,-3.355377018451690674e-01,-1.843382269144058228e-01,-2.600219547748565674e-01,-6.868027895689010620e-02,-1.932295560836791992e-01,1.251690238714218140e-01,-2.408734261989593506e-01,-6.868027895689010620e-02,-2.947356998920440674e-01,-8.055948019027709961e-01,-5.603318288922309875e-02,-3.006099760532379150e-01,-3.447848260402679443e-01,-5.479626059532165527e-01,-6.868027895689010620e-02,-7.936757802963256836e-02,-8.226093053817749023e-01,-2.520759403705596924e-01,-3.849988877773284912e-01,-5.588433146476745605e-01,1.009340733289718628e-01,-1.689701229333877563e-01
-5.260000228881835938e+00,-5.834029674530029297e+00,8.152463436126708984e-01,-4.492915868759155273e-01,-3.088752031326293945e-01,6.881880164146423340e-01,6.803552508354187012e-01,-4.250409901142120361e-01,-1.342188715934753418e-01,-3.478846848011016846e-01,6.823411583900451660e-01,-2.455558776855468750e-01,5.534196496009826660e-01,6.803552508354187012e-01,-5.392421483993530273e-01,-1.342188715934753418e-01,-1.835588216781616211e-01,-5.710974335670471191e-01,-2.762470841407775879e-01,-1.383428871631622314e-01,4.560938104987144470e-02,1.141074061393737793e+00,-1.470945477485656738e+00,-2.269345074892044067e-01,-6.868027895689010620e-02,-1.260882616043090820e-01,-1.323477327823638916e-01,-8.880560100078582764e-02,-2.100420147180557251e-01,1.235152602195739746e+00,-3.355377018451690674e-01,-1.843382269144058228e-01,-2.600219547748565674e-01,-6.868027895689010620e-02,-1.932295560836791992e-01,-4.194257855415344238e-01,2.412887334823608398e+00,-6.868027895689010620e-02,-2.947356998920440674e-01,-8.055948019027709961e-01,-5.603318288922309875e-02,-3.006099760532379150e-01,3.697738170623779297e+00,1.043619751930236816e+00,-6.868027895689010620e-02,-7.936757802963256836e-02,4.084149301052093506e-01,-2.520759403705596924e-01,7.213783264160156250e-01,-8.075572550296783447e-02,-1.222938671708106995e-01,-7.888164520263671875e-01
-4.469999790191650391e+00,-4.542078971862792969e+00,8.152463436126708984e-01,1.272772699594497681e-01,-3.088752031326293945e-01,-7.583650946617126465e-01,4.746176600456237793e-01,-4.250409901142120361e-01,-1.342188715934753418e-01,-3.478846848011016846e-01,-8.836446404457092285e-01,4.321058988571166992e-01,1.115794777870178223e+00,4.746176600456237793e-01,-5.392421483993530273e-01,-1.342188715934753418e-01,-1.835588216781616211e-01,-5.710974335670471191e-01,-8.003417253494262695e-01,-1.383428871631622314e-01,-7.805582880973815918e-01,-5.068075656890869141e-01,-7.077230811119079590e-01,2.004006147384643555e+00,-6.868027895689010620e-02,-1.260882616043090820e-01,-1.323477327823638916e-01,-8.880560100078582764e-02,-2.100420147180557251e-01,8.243067264556884766e-01,-3.355377018451690674e-01,-1.843382269144058228e-01,-2.600219547748565674e-01,-6.868027895689010620e-02,-1.932295560836791992e-01,-2.804602086544036865e-01,-2.408734261989593506e-01,-6.868027895689010620e-02,-2.947356998920440674e-01,-8.055948019027709961e-01,-5.603318288922309875e-02,-3.006099760532379150e-01,-3.447848260402679443e-01,1.043619751930236816e+00,-6.868027895689010620e-02,-7.936757802963256836e-02,-8.226093053817749023e-01,-2.520759403705596924e-01,-6.793061494827270508e-01,7.840872406959533691e-01,-1.506307125091552734e+00,1.070722579956054688e+00
-4.019999980926513672e+00,-4.130743026733398438e+00,-5.343453884124755859e-01,-3.278608322143554688e-01,-3.088752031326293945e-01,6.881880164146423340e-01,9.205260872840881348e-01,-4.250409901142120361e-01,-1.342188715934753418e-01,-3.478846848011016846e-01,1.033135771751403809e+00,-2.995840013027191162e-01,-9.168537855148315430e-01,9.205260872840881348e-01,6.967188119888305664e-01,-1.342188715934753418e-01,-1.835588216781616211e-01,-5.710974335670471191e-01,-5.765097960829734802e-02,-1.383428871631622314e-01,-2.963960170745849609e-01,1.294884204864501953e+00,-1.001167297363281250e-01,-2.269345074892044067e-01,-6.868027895689010620e-02,-1.260882616043090820e-01,-1.323477327823638916e-01,-8.880560100078582764e-02,-2.100420147180557251e-01,-1.206011891365051270e+00,-3.355377018451690674e-01,-1.843382269144058228e-01,-2.600219547748565674e-01,-6.868027895689010620e-02,-1.932295560836791992e-01,9.136659651994705200e-02,-2.408734261989593506e-01,-6.868027895689010620e-02,-2.947356998920440674e-01,-3.608982637524604797e-02,-5.603318288922309875e-02,-3.006099760532379150e-01,-3.447848260402679443e-01,-5.479626059532165527e-01,-6.868027895689010620e-02,-7.936757802963256836e-02,4.084149301052093506e-01,-2.520759403705596924e-01,4.419917613267898560e-02,-1.036930918693542480e+00,3.520655035972595215e-01,-1.408662796020507812e+00
-2.259999990463256836e+00,-2.265918970108032227e+00,-5.343453884124755859e-01,3.196307718753814697e-01,-3.088752031326293945e-01,-7.583650946617126465e-01,9.948822259902954102e-01,1.517045617103576660e+00,-1.342188715934753418e-01,-3.478846848011016846e-01,-8.836446404457092285e-01,1.750254273414611816e+00,7.139638066291809082e-01,9.948822259902954102e-01,6.967188119888305664e-01,-1.342188715934753418e-01,-1.835588216781616211e-01,1.216191172599792480e+00,-1.084700673818588257e-01,-1.383428871631622314e-01,1.266004294157028198e-01,-5.068075656890869141e-01,-1.199216961860656738e+00,-2.269345074892044067e-01,-6.868027895689010620e-02,-1.260882616043090820e-01,-1.323477327823638916e-01,-8.880560100078582764e-02,-2.100420147180557251e-01,-5.783973932266235352e-01,-3.355377018451690674e-01,-1.843382269144058228e-01,-2.600219547748565674e-01,-6.868027895689010620e-02,-1.932295560836791992e-01,-8.160387277603149414e-01,-2.408734261989593506e-01,-6.868027895689010620e-02,-2.947356998920440674e-01,1.520571559667587280e-01,-5.603318288922309875e-02,-3.006099760532379150e-01,-3.447848260402679443e-01,-5.479626059532165527e-01,-6.868027895689010620e-02,-7.936757802963256836e-02,-8.226093053817749023e-01,-2.520759403705596924e-01,-3.849988877773284912e-01,1.692688226699829102e+00,1.105459809303283691e+00,7.607993483543395996e-01
-4.399999976158142090e-01,-5.414004921913146973e-01,-5.343453884124755859e-01,-9.749544858932495117e-01,-3.088752031326293945e-01,-7.583650946617126465e-01,-5.951085686683654785e-01,-4.250409901142120361e-01,-1.342188715934753418e-01,-3.478846848011016846e-01,-3.482282757759094238e-01,-1.027392864227294922e+00,-9.168537855148315430e-01,-5.951085686683654785e-01,-5.392421483993530273e-01,-1.342188715934753418e-01,-1.835588216781616211e-01,-5.710974335670471191e-01,4.484912455081939697e-01,-1.383428871631622314e-01,3.760254979133605957e-01,7.805030345916748047e-01,1.257798433303833008e+00,-2.269345074892044067e-01,-6.868027895689010620e-02,-1.260882616043090820e-01,-1.323477327823638916e-01,-8.880560100078582764e-02,-2.100420147180557251e-01,-1.206011891365051270e+00,-3.355377018451690674e-01,-1.843382269144058228e-01,-2.600219547748565674e-01,-6.868027895689010620e-02,-1.932295560836791992e-01,-9.464933872222900391e-01,-2.408734261989593506e-01,-6.868027895689010620e-02,-2.947356998920440674e-01,-3.999714553356170654e-02,-5.603318288922309875e-02,-3.006099760532379150e-01,-3.447848260402679443e-01,-5.479626059532165527e-01,-6.868027895689010620e-02,-7.936757802963256836e-02,-8.226093053817749023e-01,-2.520759403705596924e-01,2.544835209846496582e-01,-1.036930918693542480e+00,-7.026864886283874512e-01,-1.408662796020507812e+00
-6.679999828338623047e+00,-6.871968269348144531e+00,2.164838075637817383e+00,2.452041149139404297e+00,2.332924604415893555e+00,6.881880164146423340e-01,-7.894983887672424316e-01,-4.250409901142120361e-01,-1.342188715934753418e-01,5.258003234863281250e+00,-8.836446404457092285e-01,9.186055064201354980e-01,2.592221021652221680e+00,-7.894983887672424316e-01,-5.392421483993530273e-01,-1.342188715934753418e-01,-1.835588216781616211e-01,-5.710974335670471191e-01,1.292548537254333496e+00,-1.383428871631622314e-01,1.976252049207687378e-01,-5.068075656890869141e-01,-4.693407118320465088e-01,-2.269345074892044067e-01,-6.868027895689010620e-02,-1.260882616043090820e-01,-1.323477327823638916e-01,-8.880560100078582764e-02,-2.100420147180557251e-01,2.112560749053955078e+00,-3.355377018451690674e-01,-1.843382269144058228e-01,-2.600219547748565674e-01,-6.868027895689010620e-02,-1.932295560836791992e-01,-1.002409577369689941e+00,-2.408734261989593506e-01,-6.868027895689010620e-02,3.258775711059570312e+00,8.657513260841369629e-01,-5.603318288922309875e-02,-3.006099760532379150e-01,-3.447848260402679443e-01,2.635202169418334961e+00,-6.868027895689010620e-02,-7.936757802963256836e-02,4.084149301052093506e-01,-2.520759403705596924e-01,-4.173983335494995117e-01,1.613939523696899414e+00,6.031969189643859863e-01,3.269069194793701172e-01
-9.300000190734863281e+00,-9.874628067016601562e+00,2.164838075637817383e+00,1.436588406562805176e+00,-3.088752031326293945e-01,-7.583650946617126465e-01,2.057386487722396851e-01,-4.250409901142120361e-01,-1.342188715934753418e-01,-3.478846848011016846e-01,-8.836446404457092285e-01,-1.027392864227294922e+00,-1.014032125473022461e+00,2.057386487722396851e-01,-5.392421483993530273e-01,-1.342188715934753418e-01,-1.835588216781616211e-01,-5.710974335670471191e-01,-1.066294670104980469e+00,-1.383428871631622314e-01,-1.991936445236206055e+00,-5.068075656890869141e-01,-7.288599014282226562e-01,4.234946727752685547e+00,-6.868027895689010620e-02,-1.260882616043090820e-01,-1.323477327823638916e-01,-8.880560100078582764e-02,-2.100420147180557251e-01,-1.206011891365051270e+00,-3.355377018451690674e-01,-1.843382269144058228e-01,-2.600219547748565674e-01,-6.868027895689010620e-02,-1.932295560836791992e-01,-8.889040946960449219e-01,-2.408734261989593506e-01,-6.868027895689010620e-02,-2.947356998920440674e-01,-8.055948019027709961e-01,-5.603318288922309875e-02,-3.006099760532379150e-01,-3.447848260402679443e-01,2.635202169418334961e+00,-6.868027895689010620e-02,-7.936757802963256836e-02,-8.226093053817749023e-01,-2.520759403705596924e-01,-3.849988877773284912e-01,-1.036930918693542480e+00,-1.405854582786560059e+00,1.070722579956054688e+00
-1.610000014305114746e+00,-1.549860715866088867e+00,-5.343453884124755859e-01,3.129758536815643311e-01,-3.088752031326293945e-01,-7.583650946617126465e-01,-1.470065474510192871e+00,-4.250409901142120361e-01,-1.342188715934753418e-01,-3.478846848011016846e-01,-8.836446404457092285e-01,-1.027392864227294922e+00,-9.168537855148315430e-01,-1.470065474510192871e+00,-5.392421483993530273e-01,-1.342188715934753418e-01,-1.835588216781616211e-01,-5.710974335670471191e-01,1.289072990417480469e+00,-1.383428871631622314e-01,-6.450814008712768555e-01,-5.068075656890869141e-01,7.441565394401550293e-01,-2.269345074892044067e-01,-6.868027895689010620e-02,-1.260882616043090820e-01,-1.323477327823638916e-01,-8.880560100078582764e-02,-2.100420147180557251e-01,1.695044524967670441e-02,-3.355377018451690674e-01,-1.843382269144058228e-01,-2.600219547748565674e-01,-6.868027895689010620e-02,-1.932295560836791992e-01,1.747686028480529785e+00,-2.408734261989593506e-01,-6.868027895689010620e-02,-2.947356998920440674e-01,-8.055948019027709961e-01,-5.603318288922309875e-02,-3.006099760532379150e-01,-3.447848260402679443e-01,-5.479626059532165527e-01,-6.868027895689010620e-02,-7.936757802963256836e-02,-8.226093053817749023e-01,-2.520759403705596924e-01,-3.849988877773284912e-01,-1.036930918693542480e+00,-1.238433599472045898e+00,1.070722579956054688e+00
-6.269999980926513672e+00,-6.204295158386230469e+00,8.152463436126708984e-01,-4.492915868759155273e-01,-3.088752031326293945e-01,6.881880164146423340e-01,6.166024804115295410e-01,-4.250409901142120361e-01,-1.342188715934753418e-01,-3.478846848011016846e-01,6.823411583900451660e-01,-2.455558776855468750e-01,6.107909083366394043e-01,6.166024804115295410e-01,-5.392421483993530273e-01,-1.342188715934753418e-01,-1.835588216781616211e-01,-5.710974335670471191e-01,-3.146428763866424561e-01,-1.383428871631622314e-01,4.560938104987144470e-02,1.141074061393737793e+00,-1.474470615386962891e+00,-2.269345074892044067e-01,-6.868027895689010620e-02,-1.260882616043090820e-01,-1.323477327823638916e-01,-8.880560100078582764e-02,-2.100420147180557251e-01,2.421087980270385742e+00,-3.355377018451690674e-01,-1.843382269144058228e-01,-2.600219547748565674e-01,-6.868027895689010620e-02,-1.932295560836791992e-01,-5.170772671699523926e-01,-2.408734261989593506e-01,-6.868027895689010620e-02,-2.947356998920440674e-01,-8.055948019027709961e-01,-5.603318288922309875e-02,-3.006099760532379150e-01,3.697738170623779297e+00,1.043619751930236816e+00,-6.868027895689010620e-02,-7.936757802963256836e-02,4.084149301052093506e-01,-2.520759403705596924e-01,9.148581027984619141e-01,-8.075572550296783447e-02,-3.455218076705932617e-01,-7.888164520263671875e-01
-1.990000009536743164e+00,-1.820158481597900391e+00,-5.343453884124755859e-01,1.281723231077194214e-01,-3.088752031326293945e-01,-7.583650946617126465e-01,-5.534219145774841309e-01,-4.250409901142120361e-01,-1.342188715934753418e-01,-3.478846848011016846e-01,-8.836446404457092285e-01,-1.027392864227294922e+00,-9.168537855148315430e-01,-5.534219145774841309e-01,-5.392421483993530273e-01,-1.342188715934753418e-01,-1.835588216781616211e-01,-5.710974335670471191e-01,3.829126656055450439e-01,-1.383428871631622314e-01,5.892904475331306458e-02,8.793274760246276855e-01,1.039179921150207520e+00,-2.269345074892044067e-01,-6.868027895689010620e-02,-1.260882616043090820e-01,-1.323477327823638916e-01,-8.880560100078582764e-02,-2.100420147180557251e-01,-1.206011891365051270e+00,2.473308563232421875e+00,-1.843382269144058228e-01,-2.600219547748565674e-01,-6.868027895689010620e-02,-1.932295560836791992e-01,-5.909418463706970215e-01,-2.408734261989593506e-01,-6.868027895689010620e-02,-2.947356998920440674e-01,-8.055948019027709961e-01,-5.603318288922309875e-02,6.185628890991210938e+00,-3.447848260402679443e-01,-5.479626059532165527e-01,-6.868027895689010620e-02,-7.936757802963256836e-02,-8.226093053817749023e-01,-2.520759403705596924e-01,-3.849988877773284912e-01,-7.029839754104614258e-01,-7.026864886283874512e-01,1.070722579956054688e+00
-6.440000057220458984e+00,-7.150559425354003906e+00,8.152463436126708984e-01,1.014465093612670898e+00,-3.088752031326293945e-01,6.881880164146423340e-01,7.779854536056518555e-01,-4.250409901142120361e-01,-1.342188715934753418e-01,-3.478846848011016846e-01,-2.329596318304538727e-02,-1.027392864227294922e+00,-9.168537855148315430e-01,7.779854536056518555e-01,-5.392421483993530273e-01,-1.342188715934753418e-01,-1.835588216781616211e-01,-5.710974335670471191e-01,3.200418651103973389e-01,-1.383428871631622314e-01,5.198858380317687988e-01,-5.068075656890869141e-01,-1.433096528053283691e+00,-2.269345074892044067e-01,-6.868027895689010620e-02,-1.260882616043090820e-01,-1.323477327823638916e-01,-8.880560100078582764e-02,-2.100420147180557251e-01,-6.130442023277282715e-01,-3.355377018451690674e-01,-1.843382269144058228e-01,4.170752525329589844e+00,-6.868027895689010620e-02,-1.932295560836791992e-01,-8.394523859024047852e-01,-2.408734261989593506e-01,-6.868027895689010620e-02,-2.947356998920440674e-01,-8.055948019027709961e-01,-5.603318288922309875e-02,-3.006099760532379150e-01,-3.447848260402679443e-01,1.043619751930236816e+00,-6.868027895689010620e-02,-7.936757802963256836e-02,4.084149301052093506e-01,-2.520759403705596924e-01,-3.849988877773284912e-01,-1.036930918693542480e+00,-3.626931905746459961e-01,-7.888164520263671875e-01
-3.180000066757202148e+00,-3.084385871887207031e+00,-5.343453884124755859e-01,-3.278608322143554688e-01,-3.088752031326293945e-01,-7.583650946617126465e-01,7.399533390998840332e-01,-4.250409901142120361e-01,-1.342188715934753418e-01,-3.478846848011016846e-01,-8.836446404457092285e-01,3.614307045936584473e-01,-1.469847708940505981e-01,7.399533390998840332e-01,-5.392421483993530273e-01,-1.342188715934753418e-01,-1.835588216781616211e-01,3.279542624950408936e-01,-2.108852416276931763e-01,-1.383428871631622314e-01,-6.409232020378112793e-01,1.294884204864501953e+00,-1.361469328403472900e-01,-2.269345074892044067e-01,-6.868027895689010620e-02,-1.260882616043090820e-01,-1.323477327823638916e-01,-8.880560100078582764e-02,-2.100420147180557251e-01,-5.783973932266235352e-01,-3.355377018451690674e-01,-1.843382269144058228e-01,-2.600219547748565674e-01,-6.868027895689010620e-02,-1.932295560836791992e-01,5.756415799260139465e-02,-2.408734261989593506e-01,-6.868027895689010620e-02,-2.947356998920440674e-01,8.249673247337341309e-02,-5.603318288922309875e-02,-3.006099760532379150e-01,-3.447848260402679443e-01,-5.479626059532165527e-01,-6.868027895689010620e-02,-7.936757802963256836e-02,-8.226093053817749023e-01,-2.520759403705596924e-01,-3.849988877773284912e-01,3.278786838054656982e-01,9.045546650886535645e-01,4.508762061595916748e-01
-7.780000209808349609e+00,-8.215251922607421875e+00,8.152463436126708984e-01,1.661558747291564941e+00,-3.088752031326293945e-01,6.881880164146423340e-01,1.097985982894897461e+00,-4.250409901142120361e-01,-1.342188715934753418e-01,-3.478846848011016846e-01,5.583306774497032166e-03,-2.995840013027191162e-01,-9.168537855148315430e-01,1.097985982894897461e+00,6.967188119888305664e-01,-1.342188715934753418e-01,-1.835588216781616211e-01,-5.710974335670471191e-01,3.073173165321350098e-01,-1.383428871631622314e-01,-4.408705979585647583e-02,-5.068075656890869141e-01,-1.433344960212707520e+00,-2.269345074892044067e-01,-6.868027895689010620e-02,-1.260882616043090820e-01,-1.323477327823638916e-01,-8.880560100078582764e-02,-2.100420147180557251e-01,-6.130442023277282715e-01,-3.355377018451690674e-01,-1.843382269144058228e-01,4.170752525329589844e+00,-6.868027895689010620e-02,-1.932295560836791992e-01,-1.034454822540283203e+00,-2.408734261989593506e-01,-6.868027895689010620e-02,-2.947356998920440674e-01,-3.608982637524604797e-02,-5.603318288922309875e-02,-3.006099760532379150e-01,-3.447848260402679443e-01,1.043619751930236816e+00,-6.868027895689010620e-02,-7.936757802963256836e-02,4.084149301052093506e-01,-2.520759403705596924e-01,-2.633700668811798096e-01,-1.036930918693542480e+00,1.105459809303283691e+00,-8.576882481575012207e-01
-1.080000042915344238e+00,-1.415083885192871094e+00,-5.343453884124755859e-01,-5.327832698822021484e-01,-3.088752031326293945e-01,-7.583650946617126465e-01,-6.405007243156433105e-01,-4.250409901142120361e-01,-1.342188715934753418e-01,-3.478846848011016846e-01,-8.836446404457092285e-01,-1.027392864227294922e+00,-9.168537855148315430e-01,-6.405007243156433105e-01,-5.392421483993530273e-01,-1.342188715934753418e-01,-1.835588216781616211e-01,-5.710974335670471191e-01,4.769136011600494385e-01,-1.383428871631622314e-01,3.042523935437202454e-02,-5.068075656890869141e-01,1.277084350585937500e+00,-2.269345074892044067e-01,-6.868027895689010620e-02,-1.260882616043090820e-01,-1.323477327823638916e-01,-8.880560100078582764e-02,-2.100420147180557251e-01,-1.206011891365051270e+00,2.473308563232421875e+00,-1.843382269144058228e-01,-2.600219547748565674e-01,-6.868027895689010620e-02,-1.932295560836791992e-01,1.251690238714218140e-01,-2.408734261989593506e-01,-6.868027895689010620e-02,-2.947356998920440674e-01,-8.055948019027709961e-01,-5.603318288922309875e-02,-3.006099760532379150e-01,-3.447848260402679443e-01,-5.479626059532165527e-01,-6.868027895689010620e-02,-7.936757802963256836e-02,-8.226093053817749023e-01,-2.520759403705596924e-01,-3.849988877773284912e-01,-7.403277754783630371e-01,-1.908117413520812988e+00,1.070722579956054688e+00
-6.010000228881835938e+00,-5.916858196258544922e+00,8.152463436126708984e-01,-4.492915868759155273e-01,-3.088752031326293945e-01,6.881880164146423340e-01,6.315540671348571777e-01,-4.250409901142120361e-01,-1.342188715934753418e-01,-3.478846848011016846e-01,6.823411583900451660e-01,-2.455558776855468750e-01,5.981937050819396973e-01,6.315540671348571777e-01,-5.392421483993530273e-01,-1.342188715934753418e-01,-1.835588216781616211e-01,-5.710974335670471191e-01,-2.998514473438262939e-01,-1.383428871631622314e-01,4.560938104987144470e-02,1.141074061393737793e+00,-1.472774624824523926e+00,-2.269345074892044067e-01,-6.868027895689010620e-02,-1.260882616043090820e-01,-1.323477327823638916e-01,-8.880560100078582764e-02,-2.100420147180557251e-01,1.284310936927795410e+00,-3.355377018451690674e-01,-1.843382269144058228e-01,-2.600219547748565674e-01,-6.868027895689010620e-02,-1.932295560836791992e-01,-4.823734462261199951e-01,-2.408734261989593506e-01,-6.868027895689010620e-02,-2.947356998920440674e-01,-8.055948019027709961e-01,-5.603318288922309875e-02,-3.006099760532379150e-01,3.697738170623779297e+00,1.043619751930236816e+00,-6.868027895689010620e-02,-7.936757802963256836e-02,4.084149301052093506e-01,-2.520759403705596924e-01,8.659703731536865234e-01,-8.075572550296783447e-02,7.706179022789001465e-01,-7.888164520263671875e-01
-1.889999985694885254e+00,-2.138463497161865234e+00,-5.343453884124755859e-01,2.356136590242385864e-01,-3.088752031326293945e-01,-7.583650946617126465e-01,-5.169460773468017578e-01,-4.250409901142120361e-01,-1.342188715934753418e-01,-3.478846848011016846e-01,-8.836446404457092285e-01,-5.762308835983276367e-01,-9.168537855148315430e-01,-5.169460773468017578e-01,-5.392421483993530273e-01,-1.342188715934753418e-01,-1.835588216781616211e-01,-5.710974335670471191e-01,2.204201668500900269e-01,-1.383428871631622314e-01,-5.830542743206024170e-02,-5.068075656890869141e-01,1.020205020904541016e+00,-2.269345074892044067e-01,-6.868027895689010620e-02,-1.260882616043090820e-01,-1.323477327823638916e-01,-8.880560100078582764e-02,-2.100420147180557251e-01,-5.783973932266235352e-01,1.537026405334472656e+00,-1.843382269144058228e-01,-2.600219547748565674e-01,-6.868027895689010620e-02,-1.932295560836791992e-01,1.812798157334327698e-02,-2.408734261989593506e-01,-6.868027895689010620e-02,-2.947356998920440674e-01,8.209824562072753906e-01,-5.603318288922309875e-02,4.023549556732177734e+00,-3.447848260402679443e-01,-5.479626059532165527e-01,-6.868027895689010620e-02,-7.936757802963256836e-02,-8.226093053817749023e-01,-2.520759403705596924e-01,-3.849988877773284912e-01,-5.935698747634887695e-01,-1.104496836662292480e+00,1.070722579956054688e+00
-5.899999737739562988e-01,-1.059437021613121033e-01,-5.343453884124755859e-01,-9.749544858932495117e-01,-3.088752031326293945e-01,-7.583650946617126465e-01,-6.534699201583862305e-01,-4.250409901142120361e-01,-1.342188715934753418e-01,-3.478846848011016846e-01,-2.367591410875320435e-01,-1.027392864227294922e+00,2.984762787818908691e-01,-6.534699201583862305e-01,-5.392421483993530273e-01,-1.342188715934753418e-01,-1.835588216781616211e-01,-5.710974335670471191e-01,2.481578886508941650e-01,-1.383428871631622314e-01,-3.838524222373962402e-01,-5.068075656890869141e-01,1.236606836318969727e+00,-2.269345074892044067e-01,-6.868027895689010620e-02,-1.260882616043090820e-01,-1.323477327823638916e-01,-8.880560100078582764e-02,-2.100420147180557251e-01,-6.649638414382934570e-01,-3.355377018451690674e-01,-1.843382269144058228e-01,-2.600219547748565674e-01,-6.868027895689010620e-02,-1.932295560836791992e-01,8.913576006889343262e-01,-2.408734261989593506e-01,-6.868027895689010620e-02,-2.947356998920440674e-01,-8.055948019027709961e-01,-5.603318288922309875e-02,-3.006099760532379150e-01,-3.447848260402679443e-01,-5.479626059532165527e-01,-6.868027895689010620e-02,-7.936757802963256836e-02,-8.226093053817749023e-01,-2.520759403705596924e-01,3.344188034534454346e-01,-1.036930918693542480e+00,1.009340733289718628e-01,-1.408662796020507812e+00
-4.719999790191650391e+00,-4.814143657684326172e+00,8.152463436126708984e-01,2.308169454336166382e-01,-3.088752031326293945e-01,-7.583650946617126465e-01,3.381772041320800781e-01,-4.250409901142120361e-01,-1.342188715934753418e-01,-3.478846848011016846e-01,-8.836446404457092285e-01,3.614307045936584473e-01,1.433139480650424957e-02,3.381772041320800781e-01,-5.392421483993530273e-01,-1.342188715934753418e-01,-1.835588216781616211e-01,-5.710974335670471191e-01,-9.667898416519165039e-01,-1.383428871631622314e-01,-7.794852256774902344e-01,-5.068075656890869141e-01,-7.444728612899780273e-01,2.004006147384643555e+00,-6.868027895689010620e-02,-1.260882616043090820e-01,-1.323477327823638916e-01,-8.880560100078582764e-02,-2.100420147180557251e-01,-5.783973932266235352e-01,-3.355377018451690674e-01,-1.843382269144058228e-01,-2.600219547748565674e-01,-6.868027895689010620e-02,-1.932295560836791992e-01,-5.339784622192382812e-01,-2.408734261989593506e-01,-6.868027895689010620e-02,-2.947356998920440674e-01,1.082315370440483093e-01,-5.603318288922309875e-02,-3.006099760532379150e-01,-3.447848260402679443e-01,1.043619751930236816e+00,-6.868027895689010620e-02,-7.936757802963256836e-02,-8.226093053817749023e-01,-2.520759403705596924e-01,-3.849988877773284912e-01,3.278786838054656982e-01,5.027443766593933105e-01,1.070722579956054688e+00
-5.739999771118164062e+00,-9.460431098937988281e+00,-5.343453884124755859e-01,3.264286756515502930e+00,-3.088752031326293945e-01,6.881880164146423340e-01,1.680616736412048340e+00,-4.250409901142120361e-01,-1.342188715934753418e-01,1.489225029945373535e+00,1.006280422210693359e+00,1.401224017143249512e+00,7.997691035270690918e-01,1.680616736412048340e+00,3.195804119110107422e+00,-1.342188715934753418e-01,8.504892349243164062e+00,3.339423656463623047e+00,1.712139606475830078e+00,-1.383428871631622314e-01,1.299213409423828125e+00,1.033411145210266113e+00,-2.572923302650451660e-01,-2.269345074892044067e-01,-6.868027895689010620e-02,-1.260882616043090820e-01,-1.323477327823638916e-01,-8.880560100078582764e-02,-2.100420147180557251e-01,3.600078105926513672e+00,6.007443666458129883e-01,-1.843382269144058228e-01,-2.600219547748565674e-01,-6.868027895689010620e-02,-1.932295560836791992e-01,-1.010152101516723633e+00,-2.408734261989593506e-01,-6.868027895689010620e-02,-2.947356998920440674e-01,-8.055948019027709961e-01,-5.603318288922309875e-02,1.861469745635986328e+00,-3.447848260402679443e-01,-5.479626059532165527e-01,1.456021976470947266e+01,-7.936757802963256836e-02,1.639439105987548828e+00,-2.520759403705596924e-01,-1.506948590278625488e+00,2.903129160404205322e-01,1.882841438055038452e-01,-3.460690677165985107e-01
1.800000071525573730e-01,9.326668083667755127e-02,-5.343453884124755859e-01,-4.262782037258148193e-01,-3.088752031326293945e-01,-7.583650946617126465e-01,-1.068510174751281738e+00,-4.250409901142120361e-01,-1.342188715934753418e-01,-3.478846848011016846e-01,-8.836446404457092285e-01,1.263754725456237793e+00,-4.987136274576187134e-02,-1.068510174751281738e+00,-5.392421483993530273e-01,-1.342188715934753418e-01,-1.835588216781616211e-01,-5.710974335670471191e-01,1.960300326347351074e+00,-1.383428871631622314e-01,6.844701766967773438e-01,-5.068075656890869141e-01,1.241776585578918457e+00,-2.269345074892044067e-01,-6.868027895689010620e-02,-1.260882616043090820e-01,-1.323477327823638916e-01,-8.880560100078582764e-02,-2.100420147180557251e-01,-5.783973932266235352e-01,6.007443666458129883e-01,-1.843382269144058228e-01,-2.600219547748565674e-01,-6.868027895689010620e-02,-1.932295560836791992e-01,8.124852180480957031e-01,-2.408734261989593506e-01,-6.868027895689010620e-02,-2.947356998920440674e-01,-6.836710870265960693e-02,-5.603318288922309875e-02,-3.006099760532379150e-01,-3.447848260402679443e-01,-5.479626059532165527e-01,-6.868027895689010620e-02,-7.936757802963256836e-02,-8.226093053817749023e-01,-2.520759403705596924e-01,-3.849988877773284912e-01,1.214600682258605957e+00,6.749488115310668945e-01,1.070722579956054688e+00
-3.880000114440917969e+00,-5.818169593811035156e+00,-5.343453884124755859e-01,1.602349162101745605e+00,-3.088752031326293945e-01,-7.583650946617126465e-01,-1.364806652069091797e+00,-4.250409901142120361e-01,-1.342188715934753418e-01,1.489225029945373535e+00,-8.836446404457092285e-01,3.260931074619293213e-01,1.089183837175369263e-01,-1.364806652069091797e+00,-5.392421483993530273e-01,-1.342188715934753418e-01,-1.835588216781616211e-01,-5.710974335670471191e-01,-7.563337683677673340e-01,-1.383428871631622314e-01,-5.626550912857055664e-01,-5.068075656890869141e-01,-1.555493772029876709e-01,-2.269345074892044067e-01,-6.868027895689010620e-02,-1.260882616043090820e-01,-1.323477327823638916e-01,-8.880560100078582764e-02,-2.100420147180557251e-01,2.017561674118041992e+00,-3.355377018451690674e-01,5.424810886383056641e+00,-2.600219547748565674e-01,-6.868027895689010620e-02,-1.932295560836791992e-01,1.049102306365966797e+00,-2.408734261989593506e-01,-6.868027895689010620e-02,-2.947356998920440674e-01,-8.055948019027709961e-01,1.784656906127929688e+01,-3.006099760532379150e-01,-3.447848260402679443e-01,-5.479626059532165527e-01,-6.868027895689010620e-02,-7.936757802963256836e-02,4.084149301052093506e-01,-2.520759403705596924e-01,-3.849988877773284912e-01,2.931521236896514893e-01,-1.860732734203338623e-01,1.070722579956054688e+00
1.580000042915344238e+00,1.566698551177978516e+00,-5.343453884124755859e-01,-9.749544858932495117e-01,-3.088752031326293945e-01,-7.583650946617126465e-01,-1.002882957458496094e+00,-4.250409901142120361e-01,-1.342188715934753418e-01,-3.478846848011016846e-01,-2.078798711299896240e-01,8.125926852226257324e-01,1.330775022506713867e+00,-1.002882957458496094e+00,-5.392421483993530273e-01,-1.342188715934753418e-01,-1.835588216781616211e-01,-5.710974335670471191e-01,-7.203939557075500488e-01,-1.383428871631622314e-01,2.827342152595520020e-01,-5.068075656890869141e-01,1.174546122550964355e+00,-2.269345074892044067e-01,-6.868027895689010620e-02,-1.260882616043090820e-01,-1.323477327823638916e-01,-8.880560100078582764e-02,-2.100420147180557251e-01,-5.783973932266235352e-01,-3.355377018451690674e-01,-1.843382269144058228e-01,-2.600219547748565674e-01,-6.868027895689010620e-02,-1.932295560836791992e-01,8.181189894676208496e-01,-2.408734261989593506e-01,-6.868027895689010620e-02,-2.947356998920440674e-01,-8.055948019027709961e-01,-5.603318288922309875e-02,9.255133867263793945e-01,-3.447848260402679443e-01,-5.479626059532165527e-01,-6.868027895689010620e-02,-7.936757802963256836e-02,-8.226093053817749023e-01,-2.520759403705596924e-01,-3.849988877773284912e-01,7.712396979331970215e-01,1.105459809303283691e+00,2.442607581615447998e-01
-6.399999856948852539e-01,-9.853173494338989258e-01,-5.343453884124755859e-01,-1.941516697406768799e-01,-3.088752031326293945e-01,-7.583650946617126465e-01,-5.388315916061401367e-01,-4.250409901142120361e-01,-1.342188715934753418e-01,-3.478846848011016846e-01,-8.836446404457092285e-01,-1.027392864227294922e+00,-9.168537855148315430e-01,-5.388315916061401367e-01,-5.392421483993530273e-01,-1.342188715934753418e-01,-1.835588216781616211e-01,-5.710974335670471191e-01,5.992224216461181641e-01,-1.383428871631622314e-01,1.197672843933105469e+00,-5.068075656890869141e-01,1.333448171615600586e+00,-2.269345074892044067e-01,-6.868027895689010620e-02,-1.260882616043090820e-01,-1.323477327823638916e-01,-8.880560100078582764e-02,-2.100420147180557251e-01,-1.206011891365051270e+00,5.282154560089111328e+00,-1.843382269144058228e-01,-2.600219547748565674e-01,-6.868027895689010620e-02,-1.932295560836791992e-01,1.909186482429504395e+00,-2.408734261989593506e-01,-6.868027895689010620e-02,-2.947356998920440674e-01,-8.055948019027709961e-01,-5.603318288922309875e-02,-3.006099760532379150e-01,-3.447848260402679443e-01,-5.479626059532165527e-01,-6.868027895689010620e-02,-7.936757802963256836e-02,-8.226093053817749023e-01,-2.520759403705596924e-01,-3.849988877773284912e-01,-5.131778120994567871e-01,-2.661511659622192383e+00,1.070722579956054688e+00
-4.530000209808349609e+00,-3.903222322463989258e+00,-5.343453884124755859e-01,-9.749544858932495117e-01,-3.088752031326293945e-01,2.134741067886352539e+00,-2.510948777198791504e-01,-4.250409901142120361e-01,-1.342188715934753418e-01,-3.478846848011016846e-01,1.261993050575256348e+00,-1.027392864227294922e+00,-9.168537855148315430e-01,-2.510948777198791504e-01,-5.392421483993530273e-01,-1.342188715934753418e-01,-1.835588216781616211e-01,-5.710974335670471191e-01,4.254774153232574463e-01,-1.383428871631622314e-01,4.608068943023681641e+00,5.251389026641845703e+00,-1.069767236709594727e+00,-2.269345074892044067e-01,-6.868027895689010620e-02,-1.260882616043090820e-01,-1.323477327823638916e-01,-8.880560100078582764e-02,-2.100420147180557251e-01,-1.206011891365051270e+00,-3.355377018451690674e-01,-1.843382269144058228e-01,-2.600219547748565674e-01,-6.868027895689010620e-02,-1.932295560836791992e-01,-1.076728105545043945e+00,-2.408734261989593506e-01,-6.868027895689010620e-02,-2.947356998920440674e-01,-8.055948019027709961e-01,-5.603318288922309875e-02,-3.006099760532379150e-01,-3.447848260402679443e-01,-5.479626059532165527e-01,-6.868027895689010620e-02,-7.936757802963256836e-02,2.870463371276855469e+00,-2.520759403705596924e-01,-3.849988877773284912e-01,-1.036930918693542480e+00,-2.547361135482788086e+00,-1.408662796020507812e+00
-6.400000095367431641e+00,-6.194296360015869141e+00,8.152463436126708984e-01,1.591033935546875000e+00,-3.088752031326293945e-01,-7.583650946617126465e-01,3.686816394329071045e-01,-4.250409901142120361e-01,-1.342188715934753418e-01,-3.478846848011016846e-01,-8.836446404457092285e-01,-8.973127603530883789e-02,4.134779572486877441e-01,3.686816394329071045e-01,-5.392421483993530273e-01,-1.342188715934753418e-01,-1.835588216781616211e-01,3.171394169330596924e-01,-9.583694934844970703e-01,-1.383428871631622314e-01,-1.029983401298522949e+00,-5.068075656890869141e-01,-7.287932038307189941e-01,2.004006147384643555e+00,-6.868027895689010620e-02,-1.260882616043090820e-01,-1.323477327823638916e-01,-8.880560100078582764e-02,-2.100420147180557251e-01,-5.783973932266235352e-01,-3.355377018451690674e-01,-1.843382269144058228e-01,-2.600219547748565674e-01,-6.868027895689010620e-02,-1.932295560836791992e-01,-8.663691282272338867e-01,-2.408734261989593506e-01,-6.868027895689010620e-02,-2.947356998920440674e-01,1.082315370440483093e-01,-5.603318288922309875e-02,-3.006099760532379150e-01,-3.447848260402679443e-01,1.043619751930236816e+00,-6.868027895689010620e-02,-7.936757802963256836e-02,-8.226093053817749023e-01,-2.520759403705596924e-01,-3.849988877773284912e-01,-1.154823005199432373e-01,1.248963475227355957e+00,1.070722579956054688e+00
-7.400000095367431641e-01,-7.015034556388854980e-01,-5.343453884124755859e-01,-5.191848874092102051e-01,-3.088752031326293945e-01,-7.583650946617126465e-01,-1.396029949188232422e+00,-4.250409901142120361e-01,-1.342188715934753418e-01,-3.478846848011016846e-01,-8.836446404457092285e-01,-5.408932566642761230e-01,-9.602009505033493042e-02,-1.396029949188232422e+00,-5.392421483993530273e-01,-1.342188715934753418e-01,-1.835588216781616211e-01,-5.710974335670471191e-01,4.982981204986572266e+00,-1.383428871631622314e-01,-3.351612091064453125e-01,-5.068075656890869141e-01,1.281897187232971191e+00,-2.269345074892044067e-01,-6.868027895689010620e-02,-1.260882616043090820e-01,-1.323477327823638916e-01,-8.880560100078582764e-02,-2.100420147180557251e-01,-7.732329964637756348e-01,6.007443666458129883e-01,-1.843382269144058228e-01,-2.600219547748565674e-01,-6.868027895689010620e-02,-1.932295560836791992e-01,8.877519965171813965e-01,-2.408734261989593506e-01,-6.868027895689010620e-02,-2.947356998920440674e-01,-8.055948019027709961e-01,-5.603318288922309875e-02,-3.006099760532379150e-01,-3.447848260402679443e-01,-5.479626059532165527e-01,-6.868027895689010620e-02,-7.936757802963256836e-02,-8.226093053817749023e-01,-2.520759403705596924e-01,-3.849988877773284912e-01,-5.588433146476745605e-01,1.009340733289718628e-01,1.070722579956054688e+00
-9.449999809265136719e+00,-9.008277893066406250e+00,8.152463436126708984e-01,3.777632117271423340e-01,7.558090686798095703e-01,2.134741067886352539e+00,1.246206641197204590e+00,1.557367324829101562e+00,-1.342188715934753418e-01,1.645524263381958008e+00,1.383930325508117676e+00,-1.027392864227294922e+00,-9.168537855148315430e-01,1.246206641197204590e+00,-5.392421483993530273e-01,-1.342188715934753418e-01,4.160666942596435547e+00,-5.710974335670471191e-01,3.780546039342880249e-02,-1.383428871631622314e-01,4.137846529483795166e-01,1.141074061393737793e+00,-8.316276073455810547e-01,-2.269345074892044067e-01,-6.868027895689010620e-02,-1.260882616043090820e-01,-1.323477327823638916e-01,-8.880560100078582764e-02,-2.100420147180557251e-01,-8.655820041894912720e-02,-3.355377018451690674e-01,-1.843382269144058228e-01,-2.600219547748565674e-01,-6.868027895689010620e-02,-1.932295560836791992e-01,-3.576094806194305420e-01,-2.408734261989593506e-01,-6.868027895689010620e-02,-2.947356998920440674e-01,9.141910076141357422e-01,-5.603318288922309875e-02,-3.006099760532379150e-01,-3.447848260402679443e-01,1.043619751930236816e+00,-6.868027895689010620e-02,-7.936757802963256836e-02,1.639439105987548828e+00,3.264058113098144531e+00,-3.849988877773284912e-01,-1.036930918693542480e+00,1.440301775932312012e+00,-1.202047348022460938e+00
-2.869999885559082031e+00,-2.664827585220336914e+00,-5.343453884124755859e-01,-9.749544858932495117e-01,-3.088752031326293945e-01,2.134741067886352539e+00,-4.085561037063598633e-01,-4.250409901142120361e-01,-1.342188715934753418e-01,-3.478846848011016846e-01,2.355748176574707031e+00,-1.027392864227294922e+00,-9.168537855148315430e-01,-4.085561037063598633e-01,-5.392421483993530273e-01,-1.342188715934753418e-01,-1.835588216781616211e-01,-5.710974335670471191e-01,-3.231818079948425293e-01,-1.383428871631622314e-01,1.031411767005920410e+00,2.788955450057983398e+00,-1.143646717071533203e+00,-2.269345074892044067e-01,-6.868027895689010620e-02,-1.260882616043090820e-01,-1.323477327823638916e-01,-8.880560100078582764e-02,-2.100420147180557251e-01,1.165858983993530273e+00,-3.355377018451690674e-01,-1.843382269144058228e-01,-2.600219547748565674e-01,-6.868027895689010620e-02,-1.932295560836791992e-01,3.185189664363861084e-01,5.066648006439208984e+00,-6.868027895689010620e-02,-2.947356998920440674e-01,-8.055948019027709961e-01,-5.603318288922309875e-02,-3.006099760532379150e-01,-3.447848260402679443e-01,-5.479626059532165527e-01,-6.868027895689010620e-02,-7.936757802963256836e-02,1.639439105987548828e+00,-2.520759403705596924e-01,-3.849988877773284912e-01,-1.036930918693542480e+00,-1.289947748184204102e+00,-1.408662796020507812e+00
-3.819999933242797852e+00,-3.918070793151855469e+00,-5.343453884124755859e-01,-3.087078928947448730e-01,-3.088752031326293945e-01,6.881880164146423340e-01,8.441572189331054688e-01,-4.250409901142120361e-01,-1.342188715934753418e-01,-3.478846848011016846e-01,7.360517382621765137e-01,-1.027392864227294922e+00,-7.566893696784973145e-01,8.441572189331054688e-01,6.967188119888305664e-01,-1.342188715934753418e-01,-1.835588216781616211e-01,3.279542624950408936e-01,-2.364140301942825317e-01,-1.383428871631622314e-01,-4.823749661445617676e-01,1.141074061393737793e+00,-9.563864469528198242e-01,-2.269345074892044067e-01,-6.868027895689010620e-02,-1.260882616043090820e-01,-1.323477327823638916e-01,-8.880560100078582764e-02,-2.100420147180557251e-01,-2.007644064724445343e-02,-3.355377018451690674e-01,-1.843382269144058228e-01,-2.600219547748565674e-01,-6.868027895689010620e-02,-1.932295560836791992e-01,-4.231816232204437256e-01,2.412887334823608398e+00,-6.868027895689010620e-02,-2.947356998920440674e-01,-8.055948019027709961e-01,-5.603318288922309875e-02,-3.006099760532379150e-01,-3.447848260402679443e-01,-5.479626059532165527e-01,-6.868027895689010620e-02,-7.936757802963256836e-02,4.084149301052093506e-01,-2.520759403705596924e-01,-3.849988877773284912e-01,-1.036930918693542480e+00,9.938458204269409180e-01,-1.408662796020507812e+00
-5.489999771118164062e+00,-5.760102272033691406e+00,2.164838075637817383e+00,-9.749544858932495117e-01,9.540768861770629883e-01,6.881880164146423340e-01,-4.747545421123504639e-01,-4.250409901142120361e-01,-1.342188715934753418e-01,-3.478846848011016846e-01,7.360517382621765137e-01,-1.027392864227294922e+00,-9.168537855148315430e-01,-4.747545421123504639e-01,-5.392421483993530273e-01,-1.342188715934753418e-01,-1.835588216781616211e-01,-5.710974335670471191e-01,-2.887111008167266846e-01,-1.383428871631622314e-01,-4.508531093597412109e-01,-5.068075656890869141e-01,-7.598624825477600098e-01,-2.269345074892044067e-01,-6.868027895689010620e-02,-1.260882616043090820e-01,-1.323477327823638916e-01,-8.880560100078582764e-02,-2.100420147180557251e-01,-2.007644064724445343e-02,-3.355377018451690674e-01,-1.843382269144058228e-01,-2.600219547748565674e-01,-6.868027895689010620e-02,-1.932295560836791992e-01,2.415996491909027100e-01,2.412887334823608398e+00,-6.868027895689010620e-02,-2.947356998920440674e-01,-1.894787140190601349e-02,-5.603318288922309875e-02,-3.006099760532379150e-01,-3.447848260402679443e-01,1.043619751930236816e+00,-6.868027895689010620e-02,-7.936757802963256836e-02,4.084149301052093506e-01,-2.520759403705596924e-01,3.252366065979003906e+00,-1.036930918693542480e+00,-1.860732734203338623e-01,-1.408662796020507812e+00
2.559999942779541016e+00,2.526785612106323242e+00,-5.343453884124755859e-01,-9.749544858932495117e-01,-3.088752031326293945e-01,-7.583650946617126465e-01,-1.388081669807434082e+00,-4.250409901142120361e-01,-1.342188715934753418e-01,-3.478846848011016846e-01,-8.836446404457092285e-01,1.405105113983154297e+00,3.531758069992065430e+00,-1.388081669807434082e+00,-5.392421483993530273e-01,-1.342188715934753418e-01,-1.835588216781616211e-01,-5.710974335670471191e-01,-7.480976581573486328e-01,-1.383428871631622314e-01,6.662948131561279297e-01,-5.068075656890869141e-01,1.440020680427551270e+00,-2.269345074892044067e-01,-6.868027895689010620e-02,-1.260882616043090820e-01,-1.323477327823638916e-01,-8.880560100078582764e-02,-2.100420147180557251e-01,5.293565392494201660e-01,-3.355377018451690674e-01,-1.843382269144058228e-01,-2.600219547748565674e-01,-6.868027895689010620e-02,-1.932295560836791992e-01,2.754020690917968750e-01,-2.408734261989593506e-01,-6.868027895689010620e-02,-2.947356998920440674e-01,-8.055948019027709961e-01,-5.603318288922309875e-02,-3.006099760532379150e-01,-3.447848260402679443e-01,-5.479626059532165527e-01,-6.868027895689010620e-02,-7.936757802963256836e-02,-8.226093053817749023e-01,-2.520759403705596924e-01,-3.849988877773284912e-01,1.353507041931152344e+00,-2.159248828887939453e+00,1.070722579956054688e+00
-9.840000152587890625e+00,-9.132028579711914062e+00,8.152463436126708984e-01,2.150111436843872070e+00,7.558090686798095703e-01,-7.583650946617126465e-01,1.078285336494445801e+00,1.557367324829101562e+00,-1.342188715934753418e-01,1.645524263381958008e+00,-8.836446404457092285e-01,-5.439367890357971191e-02,6.228665709495544434e-01,1.078285336494445801e+00,7.078168392181396484e-01,-1.342188715934753418e-01,4.160666942596435547e+00,3.360270857810974121e-01,1.305405735969543457e+00,-1.383428871631622314e-01,-3.160468935966491699e-01,-5.068075656890869141e-01,-2.621338367462158203e-01,-2.269345074892044067e-01,-6.868027895689010620e-02,-1.260882616043090820e-01,-1.323477327823638916e-01,-8.880560100078582764e-02,-2.100420147180557251e-01,7.590150237083435059e-01,-3.355377018451690674e-01,-1.843382269144058228e-01,-2.600219547748565674e-01,-6.868027895689010620e-02,-1.932295560836791992e-01,-9.243506193161010742e-01,-2.408734261989593506e-01,-6.868027895689010620e-02,-2.947356998920440674e-01,8.257802724838256836e-01,-5.603318288922309875e-02,-3.006099760532379150e-01,-3.447848260402679443e-01,1.043619751930236816e+00,-6.868027895689010620e-02,-7.936757802963256836e-02,-8.226093053817749023e-01,-2.520759403705596924e-01,-3.849988877773284912e-01,2.470285892486572266e-01,1.440301775932312012e+00,3.623267114162445068e-01
-1.817000007629394531e+01,-1.599771213531494141e+01,2.164838075637817383e+00,5.114111304283142090e-02,-3.088752031326293945e-01,6.881880164146423340e-01,1.073870539665222168e+00,1.426091432571411133e+00,8.033958435058593750e+00,3.389374017715454102e+00,7.988392114639282227e-01,-1.027392864227294922e+00,-9.168537855148315430e-01,1.073870539665222168e+00,1.981514930725097656e+00,8.033958435058593750e+00,-1.835588216781616211e-01,-5.710974335670471191e-01,1.968741536140441895e+00,-1.383428871631622314e-01,-1.418708205223083496e+00,-5.068075656890869141e-01,-1.987740844488143921e-01,-2.269345074892044067e-01,-6.868027895689010620e-02,-1.260882616043090820e-01,-1.323477327823638916e-01,-8.880560100078582764e-02,-2.100420147180557251e-01,3.510885238647460938e-01,-3.355377018451690674e-01,-1.843382269144058228e-01,-2.600219547748565674e-01,-6.868027895689010620e-02,-1.932295560836791992e-01,-5.702597498893737793e-01,-2.408734261989593506e-01,-6.868027895689010620e-02,3.258775711059570312e+00,5.151736363768577576e-02,-5.603318288922309875e-02,-3.006099760532379150e-01,-3.447848260402679443e-01,2.635202169418334961e+00,-6.868027895689010620e-02,-7.936757802963256836e-02,4.084149301052093506e-01,-2.520759403705596924e-01,-9.234994053840637207e-01,-1.036930918693542480e+00,1.217073798179626465e+00,-1.408662796020507812e+00
-5.110000133514404297e+00,-4.871973991394042969e+00,8.152463436126708984e-01,3.724722266197204590e-01,-3.088752031326293945e-01,-7.583650946617126465e-01,-1.096969723701477051e+00,-4.250409901142120361e-01,-1.342188715934753418e-01,1.645524263381958008e+00,-8.836446404457092285e-01,3.260931074619293213e-01,5.493037775158882141e-02,-1.096969723701477051e+00,-5.392421483993530273e-01,-1.342188715934753418e-01,-1.835588216781616211e-01,-5.710974335670471191e-01,-7.756865024566650391e-01,-1.383428871631622314e-01,-7.921610474586486816e-01,-5.068075656890869141e-01,-2.233616560697555542e-01,-2.269345074892044067e-01,-6.868027895689010620e-02,-1.260882616043090820e-01,-1.323477327823638916e-01,-8.880560100078582764e-02,-2.100420147180557251e-01,1.328674674034118652e+00,-3.355377018451690674e-01,5.424810886383056641e+00,-2.600219547748565674e-01,-6.868027895689010620e-02,-1.932295560836791992e-01,9.364275336265563965e-01,-2.408734261989593506e-01,-6.868027895689010620e-02,-2.947356998920440674e-01,-8.055948019027709961e-01,-5.603318288922309875e-02,-3.006099760532379150e-01,-3.447848260402679443e-01,1.043619751930236816e+00,-6.868027895689010620e-02,-7.936757802963256836e-02,4.084149301052093506e-01,-2.520759403705596924e-01,-3.849988877773284912e-01,2.931521236896514893e-01,-5.687497258186340332e-01,1.070722579956054688e+00
-5.299999713897705078e-01,-3.451720476150512695e-01,-5.343453884124755859e-01,-5.191848874092102051e-01,-3.088752031326293945e-01,-7.583650946617126465e-01,-1.377104163169860840e+00,-4.250409901142120361e-01,-1.342188715934753418e-01,-3.478846848011016846e-01,-8.836446404457092285e-01,-8.973127603530883789e-02,-7.215739041566848755e-02,-1.377104163169860840e+00,-5.392421483993530273e-01,-1.342188715934753418e-01,-1.835588216781616211e-01,-5.710974335670471191e-01,4.982985019683837891e+00,-1.383428871631622314e-01,-7.352980971336364746e-02,-5.068075656890869141e-01,1.283789396286010742e+00,-2.269345074892044067e-01,-6.868027895689010620e-02,-1.260882616043090820e-01,-1.323477327823638916e-01,-8.880560100078582764e-02,-2.100420147180557251e-01,-1.456184834241867065e-01,6.007443666458129883e-01,-1.843382269144058228e-01,-2.600219547748565674e-01,-6.868027895689010620e-02,-1.932295560836791992e-01,1.000426769256591797e+00,-2.408734261989593506e-01,-6.868027895689010620e-02,-2.947356998920440674e-01,-8.055948019027709961e-01,-5.603318288922309875e-02,-3.006099760532379150e-01,-3.447848260402679443e-01,-5.479626059532165527e-01,-6.868027895689010620e-02,-7.936757802963256836e-02,-8.226093053817749023e-01,-2.520759403705596924e-01,-3.849988877773284912e-01,-1.154823005199432373e-01,1.009340733289718628e-01,1.070722579956054688e+00
-9.609999656677246094e+00,-8.152792930603027344e+00,8.152463436126708984e-01,9.543320536613464355e-01,7.558090686798095703e-01,6.881880164146423340e-01,1.264806032180786133e+00,1.557367324829101562e+00,-1.342188715934753418e-01,1.645524263381958008e+00,3.852571547031402588e-01,3.365248143672943115e-01,6.462318301200866699e-01,1.264806032180786133e+00,-5.392421483993530273e-01,-1.342188715934753418e-01,4.160666942596435547e+00,6.329083442687988281e-01,-7.332204282283782959e-02,-1.383428871631622314e-01,1.188876330852508545e-01,1.098523259162902832e+00,-1.313226342201232910e+00,-2.269345074892044067e-01,-6.868027895689010620e-02,-1.260882616043090820e-01,-1.323477327823638916e-01,-8.880560100078582764e-02,-2.100420147180557251e-01,7.405015826225280762e-01,-3.355377018451690674e-01,-1.843382269144058228e-01,-2.600219547748565674e-01,-6.868027895689010620e-02,-1.932295560836791992e-01,-7.158476710319519043e-01,2.412887334823608398e+00,-6.868027895689010620e-02,-2.947356998920440674e-01,1.826795578002929688e+00,-5.603318288922309875e-02,-3.006099760532379150e-01,-3.447848260402679443e-01,1.043619751930236816e+00,-6.868027895689010620e-02,-7.936757802963256836e-02,1.639439105987548828e+00,-2.520759403705596924e-01,1.116233840584754944e-01,7.493606805801391602e-01,1.984419822692871094e+00,-3.755855858325958252e-01
-5.820000171661376953e+00,-5.959029197692871094e+00,2.164838075637817383e+00,-9.749544858932495117e-01,9.540768861770629883e-01,6.881880164146423340e-01,-4.125672876834869385e-01,-4.250409901142120361e-01,-1.342188715934753418e-01,-3.478846848011016846e-01,6.803171634674072266e-01,-1.027392864227294922e+00,-9.168537855148315430e-01,-4.125672876834869385e-01,-5.392421483993530273e-01,-1.342188715934753418e-01,-1.835588216781616211e-01,-5.710974335670471191e-01,2.830215692520141602e-01,-1.383428871631622314e-01,-1.263227313756942749e-02,-5.068075656890869141e-01,-7.595842480659484863e-01,-2.269345074892044067e-01,-6.868027895689010620e-02,-1.260882616043090820e-01,-1.323477327823638916e-01,-8.880560100078582764e-02,-2.100420147180557251e-01,5.728912949562072754e-01,-3.355377018451690674e-01,-1.843382269144058228e-01,-2.600219547748565674e-01,-6.868027895689010620e-02,-1.932295560836791992e-01,2.000589482486248016e-02,-2.408734261989593506e-01,-6.868027895689010620e-02,-2.947356998920440674e-01,6.757541894912719727e-01,-5.603318288922309875e-02,-3.006099760532379150e-01,-3.447848260402679443e-01,1.043619751930236816e+00,-6.868027895689010620e-02,-7.936757802963256836e-02,4.084149301052093506e-01,-2.520759403705596924e-01,3.193886280059814453e+00,-1.036930918693542480e+00,1.105459809303283691e+00,-1.408662796020507812e+00
2.480000019073486328e+00,2.226382732391357422e+00,-5.343453884124755859e-01,-9.749544858932495117e-01,-3.088752031326293945e-01,-7.583650946617126465e-01,-1.412996411323547363e+00,-4.250409901142120361e-01,-1.342188715934753418e-01,-3.478846848011016846e-01,-8.836446404457092285e-01,1.750254273414611816e+00,8.182128071784973145e-01,-1.412996411323547363e+00,-5.392421483993530273e-01,-1.342188715934753418e-01,-1.835588216781616211e-01,-5.710974335670471191e-01,-9.186849594116210938e-01,-1.383428871631622314e-01,4.329660236835479736e-01,-5.068075656890869141e-01,1.421220898628234863e+00,-2.269345074892044067e-01,-6.868027895689010620e-02,-1.260882616043090820e-01,-1.323477327823638916e-01,-8.880560100078582764e-02,-2.100420147180557251e-01,-1.206011891365051270e+00,-3.355377018451690674e-01,-1.843382269144058228e-01,-2.600219547748565674e-01,-6.868027895689010620e-02,-1.932295560836791992e-01,1.106791853904724121e+00,-2.408734261989593506e-01,-6.868027895689010620e-02,-2.947356998920440674e-01,-8.055948019027709961e-01,-5.603318288922309875e-02,-3.006099760532379150e-01,-3.447848260402679443e-01,-5.479626059532165527e-01,-6.868027895689010620e-02,-7.936757802963256836e-02,-8.226093053817749023e-01,-2.520759403705596924e-01,-3.849988877773284912e-01,1.692688226699829102e+00,-1.238433599472045898e+00,1.070722579956054688e+00
-2.529999971389770508e+00,-3.110994577407836914e+00,-5.343453884124755859e-01,-3.796306848526000977e-01,-3.088752031326293945e-01,-7.583650946617126465e-01,1.352636218070983887e+00,-4.250409901142120361e-01,-1.342188715934753418e-01,-3.478846848011016846e-01,-8.836446404457092285e-01,1.785591840744018555e+00,1.601128935813903809e+00,1.352636218070983887e+00,6.967188119888305664e-01,-1.342188715934753418e-01,-1.835588216781616211e-01,3.279542624950408936e-01,-1.036553271114826202e-02,-1.383428871631622314e-01,4.739444255828857422e-01,1.150742292404174805e+00,-1.098306924104690552e-01,-2.269345074892044067e-01,-6.868027895689010620e-02,-1.260882616043090820e-01,-1.323477327823638916e-01,-8.880560100078582764e-02,4.760952472686767578e+00,1.206129431724548340e+00,-3.355377018451690674e-01,-1.843382269144058228e-01,-2.600219547748565674e-01,-6.868027895689010620e-02,-1.932295560836791992e-01,-4.964953362941741943e-01,-2.408734261989593506e-01,-6.868027895689010620e-02,-2.947356998920440674e-01,9.010277986526489258e-01,-5.603318288922309875e-02,-3.006099760532379150e-01,-3.447848260402679443e-01,-5.479626059532165527e-01,-6.868027895689010620e-02,-7.936757802963256836e-02,4.084149301052093506e-01,-2.520759403705596924e-01,-3.849988877773284912e-01,1.727414846420288086e+00,1.014139294624328613e+00,8.227840065956115723e-01
-7.190000057220458984e+00,-8.291043281555175781e+00,-5.343453884124755859e-01,9.956049323081970215e-01,9.540768861770629883e-01,6.881880164146423340e-01,1.042098879814147949e+00,1.760827660560607910e+00,-1.342188715934753418e-01,-3.478846848011016846e-01,9.522091746330261230e-01,-1.027392864227294922e+00,-1.996855974197387695e+00,1.042098879814147949e+00,2.068079948425292969e+00,-1.342188715934753418e-01,-1.835588216781616211e-01,3.339423656463623047e+00,1.348482608795166016e+00,-1.383428871631622314e-01,3.687821626663208008e-01,1.141074061393737793e+00,-9.260819554328918457e-01,-2.269345074892044067e-01,-6.868027895689010620e-02,-1.260882616043090820e-01,7.555852413177490234e+00,-8.880560100078582764e-02,-2.100420147180557251e-01,-2.007644064724445343e-02,-3.355377018451690674e-01,-1.843382269144058228e-01,-2.600219547748565674e-01,-6.868027895689010620e-02,-1.932295560836791992e-01,-1.062401294708251953e+00,-2.408734261989593506e-01,-6.868027895689010620e-02,-2.947356998920440674e-01,4.472366809844970703e+00,-5.603318288922309875e-02,-3.006099760532379150e-01,-3.447848260402679443e-01,-5.479626059532165527e-01,-6.868027895689010620e-02,-7.936757802963256836e-02,4.084149301052093506e-01,-2.520759403705596924e-01,-3.956346213817596436e-01,-1.036930918693542480e+00,3.520655035972595215e-01,-7.888164520263671875e-01
-4.420000076293945312e+00,-3.509248733520507812e+00,-5.343453884124755859e-01,1.835555315017700195e+00,-3.088752031326293945e-01,-7.583650946617126465e-01,-6.446694135665893555e-01,-4.250409901142120361e-01,-1.342188715934753418e-01,-3.478846848011016846e-01,-8.836446404457092285e-01,-5.408932566642761230e-01,-2.608994841575622559e-01,-6.446694135665893555e-01,-5.392421483993530273e-01,-1.342188715934753418e-01,-1.835588216781616211e-01,2.093613147735595703e+00,-8.723509311676025391e-01,-1.383428871631622314e-01,-8.998718857765197754e-01,-5.068075656890869141e-01,-3.170973658561706543e-01,-2.269345074892044067e-01,-6.868027895689010620e-02,-1.260882616043090820e-01,-1.323477327823638916e-01,-8.880560100078582764e-02,-2.100420147180557251e-01,-1.206011891365051270e+00,-3.355377018451690674e-01,-1.843382269144058228e-01,6.386139392852783203e+00,-6.868027895689010620e-02,-1.932295560836791992e-01,3.279836475849151611e-01,-2.408734261989593506e-01,-6.868027895689010620e-02,-2.947356998920440674e-01,3.102217435836791992e+00,-5.603318288922309875e-02,-3.006099760532379150e-01,-3.447848260402679443e-01,-5.479626059532165527e-01,-6.868027895689010620e-02,-7.936757802963256836e-02,-8.226093053817749023e-01,-2.520759403705596924e-01,-3.849988877773284912e-01,-1.463927775621414185e-01,-1.656985998153686523e+00,1.070722579956054688e+00
-2.640000104904174805e+00,-2.544854879379272461e+00,-5.343453884124755859e-01,3.196307718753814697e-01,-3.088752031326293945e-01,-7.583650946617126465e-01,9.474985003471374512e-01,1.517045617103576660e+00,-1.342188715934753418e-01,-3.478846848011016846e-01,-8.836446404457092285e-01,8.479303121566772461e-01,6.615201830863952637e-01,9.474985003471374512e-01,6.967188119888305664e-01,-1.342188715934753418e-01,-1.835588216781616211e-01,1.216191172599792480e+00,-1.084811538457870483e-01,-1.383428871631622314e-01,-3.966623544692993164e-01,-5.068075656890869141e-01,-1.199218153953552246e+00,-2.269345074892044067e-01,-6.868027895689010620e-02,-1.260882616043090820e-01,-1.323477327823638916e-01,-8.880560100078582764e-02,-2.100420147180557251e-01,-5.783973932266235352e-01,-3.355377018451690674e-01,-1.843382269144058228e-01,-2.600219547748565674e-01,-6.868027895689010620e-02,-1.932295560836791992e-01,-7.964356541633605957e-01,-2.408734261989593506e-01,-6.868027895689010620e-02,-2.947356998920440674e-01,1.520571559667587280e-01,-5.603318288922309875e-02,-3.006099760532379150e-01,-3.447848260402679443e-01,-5.479626059532165527e-01,-6.868027895689010620e-02,-7.936757802963256836e-02,-8.226093053817749023e-01,-2.520759403705596924e-01,-3.849988877773284912e-01,8.059662580490112305e-01,1.356591224670410156e+00,6.574916243553161621e-01
-5.600000023841857910e-01,-3.858522772789001465e-01,-5.343453884124755859e-01,-4.262782037258148193e-01,-3.088752031326293945e-01,-7.583650946617126465e-01,-1.107912540435791016e+00,-4.250409901142120361e-01,-1.342188715934753418e-01,-3.478846848011016846e-01,-8.836446404457092285e-01,-8.973127603530883789e-02,-8.746299147605895996e-02,-1.107912540435791016e+00,-5.392421483993530273e-01,-1.342188715934753418e-01,-1.835588216781616211e-01,-5.710974335670471191e-01,1.960297226905822754e+00,-1.383428871631622314e-01,-1.004239916801452637e-01,-5.068075656890869141e-01,1.241705536842346191e+00,-2.269345074892044067e-01,-6.868027895689010620e-02,-1.260882616043090820e-01,-1.323477327823638916e-01,-8.880560100078582764e-02,-2.100420147180557251e-01,-5.783973932266235352e-01,6.007443666458129883e-01,-1.843382269144058228e-01,-2.600219547748565674e-01,-6.868027895689010620e-02,-1.932295560836791992e-01,7.448803782463073730e-01,-2.408734261989593506e-01,-6.868027895689010620e-02,-2.947356998920440674e-01,-6.836710870265960693e-02,-5.603318288922309875e-02,-3.006099760532379150e-01,-3.447848260402679443e-01,-5.479626059532165527e-01,-6.868027895689010620e-02,-7.936757802963256836e-02,-8.226093053817749023e-01,-2.520759403705596924e-01,-3.849988877773284912e-01,-1.154823005199432373e-01,1.009340733289718628e-01,1.070722579956054688e+00
-6.800000071525573730e-01,-6.275224685668945312e-01,-5.343453884124755859e-01,-9.749544858932495117e-01,-3.088752031326293945e-01,6.881880164146423340e-01,-1.418651938438415527e+00,-4.250409901142120361e-01,-1.342188715934753418e-01,-3.478846848011016846e-01,1.006280422210693359e+00,1.143267631530761719e+00,1.625765442848205566e+00,-1.418651938438415527e+00,-5.392421483993530273e-01,-1.342188715934753418e-01,-1.835588216781616211e-01,-5.710974335670471191e-01,-3.643806576728820801e-01,-1.383428871631622314e-01,7.896458506584167480e-01,-5.068075656890869141e-01,1.462705969810485840e+00,-2.269345074892044067e-01,-6.868027895689010620e-02,-1.260882616043090820e-01,-1.323477327823638916e-01,-8.880560100078582764e-02,-2.100420147180557251e-01,5.930265188217163086e-01,-3.355377018451690674e-01,-1.843382269144058228e-01,-2.600219547748565674e-01,-6.868027895689010620e-02,-1.932295560836791992e-01,-3.167427703738212585e-02,-2.408734261989593506e-01,-6.868027895689010620e-02,-2.947356998920440674e-01,-8.055948019027709961e-01,-5.603318288922309875e-02,-3.006099760532379150e-01,1.676476597785949707e+00,-5.479626059532165527e-01,-6.868027895689010620e-02,-7.936757802963256836e-02,4.084149301052093506e-01,-2.520759403705596924e-01,1.239141106605529785e+00,8.059662580490112305e-01,-9.997107088565826416e-02,-4.169086515903472900e-01
