idx,mid_lat,mid_lng,end_lat,end_lng,mid_time,end_time
0,37.51534,126.9156129,36.9690858,127.0658953,0+8老 11矫,0+8老 14矫
1,37.4346262,126.7337582,37.327467,127.9207,0+8老 10矫,0+8老 14矫
2,36.6531853,127.4957084,36.1590358,127.7663842,0+8老 11矫,0+8老 14矫
3,35.167285,126.8052879,35.2493425,126.6150541,0+8老 12矫,0+8老 14矫
