중간집결 기한,최종도착 기한,mid_lat,mid_lng,end_lat,end_lng
0+23일 11시,0+23일 14시,37.51534,126.9156129,36.9690858,127.0658953
0+23일 11시,0+23일 14시,37.51534,126.9156129,36.9690858,127.0658953
0+23일 11시,0+23일 14시,37.51534,126.9156129,36.9690858,127.0658953
0+23일 11시,0+23일 14시,37.51534,126.9156129,36.9690858,127.0658953
0+23일 11시,0+23일 14시,37.51534,126.9156129,36.9690858,127.0658953
0+23일 11시,0+23일 14시,37.51534,126.9156129,36.9690858,127.0658953
0+23일 11시,0+23일 14시,37.51534,126.9156129,36.9690858,127.0658953
0+23일 11시,0+23일 14시,37.51534,126.9156129,36.9690858,127.0658953
0+23일 11시,0+23일 14시,37.51534,126.9156129,36.9690858,127.0658953
0+23일 11시,0+23일 14시,37.51534,126.9156129,36.9690858,127.0658953
0+23일 11시,0+23일 14시,37.51534,126.9156129,36.9690858,127.0658953
0+23일 11시,0+23일 14시,37.51534,126.9156129,36.9690858,127.0658953
0+23일 11시,0+23일 14시,37.51534,126.9156129,36.9690858,127.0658953
0+23일 11시,0+23일 14시,37.51534,126.9156129,36.9690858,127.0658953
0+23일 11시,0+23일 14시,37.51534,126.9156129,36.9690858,127.0658953
0+23일 11시,0+23일 14시,37.51534,126.9156129,36.9690858,127.0658953
0+23일 11시,0+23일 14시,37.51534,126.9156129,36.9690858,127.0658953
0+23일 11시,0+23일 14시,37.51534,126.9156129,36.9690858,127.0658953
0+23일 11시,0+23일 14시,37.51534,126.9156129,36.9690858,127.0658953
0+23일 11시,0+23일 14시,37.51534,126.9156129,36.9690858,127.0658953
0+23일 11시,0+23일 14시,37.51534,126.9156129,36.9690858,127.0658953
0+23일 11시,0+23일 14시,37.51534,126.9156129,36.9690858,127.0658953
0+23일 11시,0+23일 14시,37.51534,126.9156129,36.9690858,127.0658953
0+23일 11시,0+23일 14시,37.51534,126.9156129,36.9690858,127.0658953
0+23일 11시,0+23일 14시,37.51534,126.9156129,36.9690858,127.0658953
0+23일 11시,0+23일 14시,37.51534,126.9156129,36.9690858,127.0658953
0+23일 11시,0+23일 14시,37.51534,126.9156129,36.9690858,127.0658953
0+23일 11시,0+23일 14시,37.51534,126.9156129,36.9690858,127.0658953
0+23일 11시,0+23일 14시,37.51534,126.9156129,36.9690858,127.0658953
0+23일 11시,0+23일 14시,37.51534,126.9156129,36.9690858,127.0658953
0+23일 11시,0+23일 14시,37.51534,126.9156129,36.9690858,127.0658953
0+23일 11시,0+23일 14시,37.51534,126.9156129,36.9690858,127.0658953
0+23일 11시,0+23일 14시,37.51534,126.9156129,36.9690858,127.0658953
