중간집결 기한,최종도착 기한,mid_lat,mid_lng,end_lat,end_lng
0+15일 8시,0+15일 14시,37.5064513,127.0126922,37.503393,129.1305093
0+15일 8시,0+15일 14시,37.5064513,127.0126922,37.503393,129.1305093
0+15일 8시,0+15일 14시,37.5064513,127.0126922,37.503393,129.1305093
0+15일 8시,0+15일 14시,37.5064513,127.0126922,37.503393,129.1305093
0+15일 8시,0+15일 14시,37.5064513,127.0126922,37.503393,129.1305093
0+15일 8시,0+15일 14시,37.5064513,127.0126922,37.503393,129.1305093
0+15일 8시,0+15일 14시,37.5064513,127.0126922,37.503393,129.1305093
0+15일 8시,0+15일 14시,37.5064513,127.0126922,37.503393,129.1305093
0+15일 8시,0+15일 14시,37.5064513,127.0126922,37.503393,129.1305093
0+15일 8시,0+15일 14시,37.5064513,127.0126922,37.503393,129.1305093
0+15일 8시,0+15일 14시,37.5064513,127.0126922,37.503393,129.1305093
0+15일 8시,0+15일 14시,37.5064513,127.0126922,37.503393,129.1305093
0+15일 8시,0+15일 14시,37.5064513,127.0126922,37.503393,129.1305093
0+15일 8시,0+15일 14시,37.5064513,127.0126922,37.503393,129.1305093
0+15일 8시,0+15일 14시,37.5064513,127.0126922,37.503393,129.1305093
0+15일 8시,0+15일 14시,37.5064513,127.0126922,37.503393,129.1305093
0+15일 8시,0+15일 14시,37.5064513,127.0126922,37.503393,129.1305093
0+15일 8시,0+15일 14시,37.5064513,127.0126922,37.503393,129.1305093
0+15일 8시,0+15일 14시,37.5064513,127.0126922,37.503393,129.1305093
0+15일 8시,0+15일 14시,37.5064513,127.0126922,37.503393,129.1305093
0+15일 8시,0+15일 14시,37.5064513,127.0126922,37.503393,129.1305093
0+15일 8시,0+15일 14시,37.5064513,127.0126922,37.503393,129.1305093
0+15일 8시,0+15일 14시,37.5064513,127.0126922,37.503393,129.1305093
0+15일 8시,0+15일 14시,37.5064513,127.0126922,37.503393,129.1305093
0+15일 8시,0+15일 14시,37.5064513,127.0126922,37.503393,129.1305093
0+15일 8시,0+15일 14시,37.5064513,127.0126922,37.503393,129.1305093
0+15일 8시,0+15일 14시,37.5064513,127.0126922,37.503393,129.1305093
0+15일 8시,0+15일 14시,37.5064513,127.0126922,37.503393,129.1305093
0+15일 8시,0+15일 14시,37.5064513,127.0126922,37.503393,129.1305093
