Fold,Train Loss
1,[2.033602968800822]
2,[2.014611928890913]
