Fold,Train Loss
1,[4.532787054777145]
2,[4.289691670735677]
