Fold,Train Loss
1,[3.2655134856568737]
2,[3.1029491827223037]
