smiles,target,pred
CCCCCCCOc1ccc(c2c1cccc2)C(=N)[NH+](CCCCCCCC)CCCCCCCC.[Cl-],-13.619359,-11.38425
CCCCCCCC[NH+](C(=N)c1ccc(c2c1cccc2)OCCCC)CCCCCCCC.[Cl-],-12.056329,-11.104833
C/C(=C\CCC1[C@](C)(O)CCC2[C@]1(C)CCCC2(C)C)/CC[C@@H]1C(=C)CCCC1(C)C,-11.79335,-10.439762
CC(Sc1cc(c(c(c1)C(C)(C)C)O)C(C)(C)C)(Sc1cc(c(c(c1)C(C)(C)C)O)C(C)(C)C)C,-11.3611765,-10.594663
CCCCCCCCCCOc1ccc(c2c1cccc2)C(=N)[NH+](CCCC)CCCC.[Cl-],-11.015025,-10.738624
CCCCCC[NH+](C(=N)c1ccc(c2c1cccc2)OCCCC)CCCCCC.[Cl-],-9.97463,-10.193859
O[C@H]1CC[C@]2([C@H](C1(C)C)CC[C@@]1([C@@H]2CC=C2[C@@]1(C)CC[C@@]1([C@H]2CC(C)(C)CC1)C(=O)O)C)C,-9.925642,-9.170336
CCCCCCCCCOc1ccc(c2c1cccc2)C(=N)[NH+](CCC)CCC.[Cl-],-9.454721,-9.873227
Brc1ccc(nc1)OCCCCCNCCSSCCNCCCCCOc1ccc(cn1)Br.Cl.Cl,-9.341702,-7.3752813
O=C(O[C@H]1CC[C@]2([C@H](C1(C)C)CC[C@@]1([C@@H]2C(=O)C=C2[C@@]1(C)CC[C@@]1([C@H]2C[C@](C)(CC1)C(=O)[O-])C)C)C)CCC(=O)[O-].[Na+].[Na+],-9.244617,-3.9876404
CC[N+](CCN1c2ccccc2Sc2c1cccc2)(CCCCCC[N+](CCN1c2ccccc2Sc2c1cccc2)(CC)CC)CC.[Br-].[Br-],-9.236307,-7.632824
CCCCCCOc1ccc(c2c1cccc2)C(=N)N(CCCC)CCCC.Cl,-8.933846,-9.921937
CCCCOc1ccc(c2c1cccc2)C(=N)[NH+](CCCCC)CCCCC.[Cl-],-8.933846,-9.221656
C(=C\C=[N+]1CCCC1)/C=C/N1CCCC1.C(=C\C=[N+]1CCCC1)/C=C/N1CCCC1.OC(=O)c1cc2ccccc2c(c1O)Cc1c(O)c(cc2c1cccc2)C(=O)O.O.O.O.O,-8.778692,-6.6255302
BrCCN(c1ccc(cc1)OC(=O)c1ccc(cc1)c1ccccc1)CCBr,-8.552551,-8.601319
CCCCCCCOc1ccc(c2c1cccc2)C(=N)[NH+](C(C)C)C(C)C.[Cl-],-8.2873335,-8.415854
Clc1ccc(c(c1)Cl)Cc1cc(ccc1O)C(CC(C)(C)C)(C)C,-8.224438,-7.9541073
CCCCCCCCCCCCCCCCCCCC,-8.17,-8.511919
Clc1ccccc1/C=N/CC1CCC(CC1)C/N=C/c1ccccc1Cl.Cl.Cl,-8.107913,-6.120228
BrCCN(c1ccc(cc1)OC(=O)c1ccccc1C(C)C)CCBr,-8.040946,-8.493854
c1ccc2c(c1)ccc1c2c2cccc3c2c1ccc3,-8.0,-7.9719324
N#C[C@@H](c1cccc(c1)Oc1ccccc1)OC(=O)[C@@H](C(C)C)Nc1ccc(cc1Cl)C(F)(F)F,-8.0,-8.127872
CC[NH+](CCCCCCCCCCCC1(c2ccccc2)C(=O)Oc2c1cccc2)CC.[Cl-],-7.9465017,-6.453336
Cc1ccc2c(c1)ccc1c2cc2cccc3c2c1CC3,-7.92,-8.110301
Clc1ccc(c(c1)Cl)c1c(Cl)c(Cl)c(c(c1Cl)Cl)Cl,-7.92,-7.8761444
C[NH+](CCOC(C1c2ccccc2c2c1cccc2)C1c2ccccc2c2c1cccc2)C.[Cl-],-7.88495,-7.4609604
CC(=O)Oc1c(I)cc(cc1C(=O)Nc1ccc(cc1)Cl)I,-7.8245306,-7.132223
CCCCCCCCCCCCCCCCCCOCC(CO)O,-7.7207174,-6.9160233
N/C(=[NH+]/CCc1ccc(cc1)SC(C)(C)C)/CSSC/C(=[NH+]/CCc1ccc(cc1)SC(C)(C)C)/N.[Cl-].[Cl-],-7.633078,-4.04465
BrCCN(c1ccc(cc1)OC(=O)c1c(C)cccc1C)CCBr,-7.628809,-8.151318
BrCCN(c1ccc(cc1)OC(=O)c1ccccc1CC)CCBr,-7.582646,-7.934944
Clc1ccc(c(c1)Cl)COC(c1ccc(cc1Cl)Cl)Cn1cncc1,-7.5723367,-6.1476765
OS(=O)(=O)O.Clc1ccc2c(c1)/C(=C/CCN1CCCCC1)/c1c(S2)cccc1,-7.5566816,-6.187874
CCC(=O)O[C@@H]([C@@H](C(=O)O)C)[C@@H]([C@H]1O[C@@]2(CC[C@@](O2)(C)[C@H]2CC[C@@](O2)(C)[C@@H]2O[C@H](C[C@@H]2C)[C@H]2O[C@@](O)(CO)[C@@H](C[C@@H]2C)C)C[C@@H]([C@H]1C)O)C,-7.529069,-7.3417587
CCCCCCCCCCCCCCCCCCN(C)C,-7.4553065,-7.194644
CCCCCc1cc(O)cc2c1C1C=C(C)CCC1C(O2)(C)C,-7.4006677,-7.183852
CN(CC/C=C/1\c2cc(Cl)ccc2Sc2c1cc(Br)cc2)C.Cl,-7.3722405,-7.119195
Clc1cc(Cl)c(c(c1)Cl)c1c(Cl)cccc1Cl,-7.32,-7.2607803
OC(=O)C(=O)[O-].COc1cc2c(cc1OC)CC[NH+](C2CCc1ccc(cc1)Cl)CCc1ccccc1,-7.294496,-6.6144466
Clc1c(Cl)cccc1c1cccc(c1Cl)Cl,-7.28,-6.6143017
Brc1ccc(nc1)OCCCNCCSSCCNCCCOc1ccc(cn1)Br.Cl.Cl,-7.2600274,-5.924509
CC[n+]1c(/C=C/C=C/C=c\2/sc3c(n2CC)cccc3)sc2c1cccc2,-7.2523665,-8.554904
ClC(C(c1ccc(cc1)Cl)c1ccc(cc1)Cl)Cl,-7.2,-6.422122
Cc1cccc(c1)N(C(=S)Oc1ccc2c(c1)C1CCC2C1)C,-7.177374,-7.236808
Clc1cc(c2ccccc2)c(c(c1Cl)Cl)Cl,-7.16,-6.6172028
CN(CC/C=C/1\c2ccccc2Sc2c1cc(I)cc2)C.Cl,-7.1488485,-6.586972
OC(=O)CCc1c(I)cc(c(c1I)/N=C/N(C)C)I,-7.1289964,-5.3946
OC(=O)C(CC(=O)O)(CC(=O)O)O.CCN(CCOc1ccc(cc1)/C(=C(/c1ccccc1)\Cl)/c1ccccc1)CC,-7.074335,-5.555393
Clc1ccc(c(c1Cl)Cl)c1cccc(c1Cl)Cl,-7.05,-7.189246
Cc1c2ccccc2c2c(c1C)c1ccccc1cc2,-7.01,-7.8656483
Clc1ccccc1CNCC1CCC(CC1)CNCC1CCCCC1.Cl.Cl,-6.9929852,-7.4123545
CCOC(=O)C(Oc1ccc(cc1)Cc1ccc(cc1)Cl)(CC)C,-6.968201,-6.126503
C=CC1C[N+]2(CCC(C)C)CCC1C[C@@H]2[C@H](c1ccnc2c1cc(OC)cc2)O.[Br-],-6.9636335,-6.042609
CCCC[C@@H](COC(=O)c1ccccc1C(=O)OC[C@H](CCCC)CC)CC,-6.96,-7.74848
CCCCc1c(=O)n(n(c1OC(=O)c1cc(OC)c(c(c1)OC)OC)c1ccccc1)c1ccccc1,-6.928139,-6.5031853
CCC(C(c1ccccc1)(c1ccccc1)CC([NH+](C)C)C)OC(=O)c1ccccc1.[Cl-],-6.913233,-5.9639635
O=C(c1ccccc1)Oc1ccc2c(c1)CC[C@@H]1[C@@H]2CC[C@]2([C@H]1CC[C@@H]2O)C,-6.8944287,-7.3948793
CCc1ccc2c(c1)cc1c(c2)cccc1,-6.89,-5.9757757
COc1ccc(cc1)C(C(Cl)(Cl)Cl)c1ccc(cc1)OC,-6.89,-6.0467796
[O-]S(=O)(=O)C.CC[NH+](CCn1nc2c3c1ccc(c3sc1c2ccc(c1)Cl)C)CC,-6.874391,-6.7896776
CN(CCN1c2cc(ccc2Sc2c1cccc2)C(C)(C)C)C.Cl,-6.834764,-6.430257
OCCN1CCN(CC1)CC/C=C/1\c2cc(Cl)ccc2Sc2c1cc(Br)cc2.Cl.Cl,-6.828207,-6.4541073
CC(Cc1ccccc1)NCC1CCC(CC1)CNC(Cc1ccccc1)C.Cl.Cl,-6.826017,-6.55276
COc1cc2c(cc1OC)CCN(C2CCc1ccc(cc1)Cl)CC=C(C)C,-6.8040557,-6.638318
O=C(Nc1cc(Cl)ccc1Sc1ccc(cc1)Cl)CCN1CCCCC1,-6.7847457,-6.5408554
O[C@H]([C@H](C(=O)O)O)C(=O)O.CCC(CCN1CC[C@@]23[C@H]([C@H]1Cc1c3cc(cc1)OC)CCCC2)CC,-6.7795725,-6.2397776
c1ccc2c(c1)c1ccccc1c1c2cccc1,-6.74,-7.1591854
CCCCCCCCOCCCCCCCC,-6.732951,-8.019552
N(CC1CC2CC1C=C2)CC1CCC(CC1)CNCC1CC2CC1C=C2.Cl.Cl,-6.72676,-6.068722
Cc1oc(c(c1)C(=O)c1cc(I)c(c(c1)I)O)C,-6.698997,-6.9652395
CC(N(C(C)C)CCSC(=O)N1c2cccnc2Sc2c1cccc2C(F)(F)F)C,-6.6744666,-7.445962
COC(=O)CCN1CCN(CC1)CC/C=C/1\c2ccccc2Sc2c1cc(Cl)cc2.Cl.Cl,-6.6633625,-6.4944077
CCCCC1=CC(N(C(C1)(C)C)C(=O)CN1CCCCCC1)(C)C,-6.6623273,-6.350319
Cc1cccc(c1)N(C(=S)Oc1ccc2c(c1)cccc2)C,-6.6416297,-6.802518
Clc1ccc(c(c1)Cl)c1cc(Cl)ccc1Cl,-6.57,-6.507435
Cc1cc2c(c3c1cccc3)ccc1c2cccc1,-6.57,-7.4786615
CN(CCCN1c2ccccc2Sc2c1cc(cc2)C(F)(F)F)C.Cl,-6.5645065,-5.697983
CN(CC/C=C/1\c2ccccc2Sc2c1cc(cc2)C(F)(F)F)C.Cl,-6.5570607,-5.914646
CN(CC/C=C\1/c2ccccc2Sc2c1cc(cc2)C(F)(F)F)C.Cl,-6.5570607,-5.914646
CCCCCCCCCCCCCCCC[NH+](C)C.[Cl-],-6.537273,-6.8777294
CCCCCCCCCCCCCCCCCNCCSS(=O)(=O)O,-6.5109634,-6.118537
COc1cc2CC[NH+](C(c2cc1OC)CCc1cc(Cl)c(c(c1)Cl)Cl)C.[Cl-],-6.5082498,-6.3803377
ClC(C(c1ccccc1Cl)c1ccc(cc1)Cl)Cl,-6.505196,-6.2568064
BrCCN(c1ccc(cc1)OC(=O)c1ccccc1)CCBr,-6.490687,-6.8882847
CC[N+]1(CCCCCC[N+]2(CC)CCCCC2)CCCCC1.[I-].[I-],-6.486753,-5.45385
CCCCCCCCCCCCCCCCN(C)C,-6.482173,-6.8497353
CCOCCN(C(=O)C(Cl)Cl)Cc1ccc(cc1)Oc1ccc(cc1)[N+](=O)[O-],-6.448867,-6.005584
OC(=O)C(CC(=O)O)(CC(=O)O)O.CN1C2CCC1CC(C2)OC1c2ccccc2CCc2c1cccc2,-6.4283977,-5.3028193
CCCCCCCCCCCCCCCO,-6.35,-6.737443
CNC(CC12CC3(C)CC(C2c2ccccc2)CC(C1)(C3)C)C.Cl,-6.348418,-6.0719833
CC1CCCCN1CCCOC(=O)c1ccc(cc1)C1CCCCC1,-6.342816,-6.003373
CCCCCOc1ccc2c(c1)[nH]c1c2ccnc1C.Cl,-6.3317523,-5.2999086
OC(=O)C(=O)O.CCC(=O)N(CC(N1CCC(CC1)c1ccccc1)C)Cc1ccccc1.CCC(=O)N(CC(N1CCC(CC1)c1ccccc1)C)Cc1ccccc1,-6.3290057,-6.7970343
Nc1cc2nc3cc(N)c(cc3c(c2cc1C)c1ccccc1)C,-6.305773,-5.749526
CC[NH+](CCCOC(=O)n1c2ccccc2c2c1cccc2)CC.[Cl-],-6.2718077,-5.9479103
Clc1cc(Cl)c(cc1c1ccccc1)Cl,-6.27,-5.892686
Clc1ccc(cc1)c1cccc(c1Cl)Cl,-6.26,-5.788227
COC1CCN(CC1)CCCN1c2ccccc2Sc2c1cc(cc2)C(=O)C,-6.2598405,-6.086379
CSc1ccc(cc1)C(=O)CN1CC[C@@]23[C@H]([C@H]1Cc1c3cc(cc1)O)CCCC2.Cl,-6.2529607,-4.7178183
COc1ccc(cc1)CCN1CC[C@@]23[C@H]([C@H]1Cc1c3cc(cc1)OC)CCCC2.Cl,-6.2300563,-6.1859217
Clc1ccc(nc1)SCCCCCCCCCCN1CSCC1.Cl.Cl,-6.202109,-6.2505913
Nc1cc2c(c3c1cccc3)ccc1c2cccc1,-6.2,-6.5797215
OCCN1CCN(CC1)CC/C=C\1/c2ccccc2Sc2c1cc(cc2)C(F)(F)F.Cl.Cl,-6.1921644,-5.461007
CCCCOc1ccc(cc1)OCC(=O)N(c1ccc(cc1)OC)CCN(CC)CC.Cl,-6.187475,-6.423852
CCCCC(Oc1ccc(cc1)C(=O)OCCCN1CCCCC1C)C,-6.172533,-5.8150663
O=C(n1c2ccccc2c2c1cccc2)OCC[NH+]1CCCCC1.[Cl-],-6.1604805,-5.712059
CCCCOc1ccc(cc1)OCC(=O)N(c1cc(OC)c(c(c1)OC)OC)CCN(CC)CC.Cl,-6.133641,-6.2848682
CC[N+](C1c2ccccc2c2c1cccc2)(CCCCCC[N+](C1c2ccccc2c2c1cccc2)(CC)CC)CC.[Br-].[Br-],-6.120926,-7.935033
CCN(c1c(cc(cc1[N+](=O)[O-])C(F)(F)F)[N+](=O)[O-])CC(=C)C,-6.12,-5.040867
ClCC[NH+](Cc1ccccc1)CCOc1cc(C)ccc1C(C)C.[Cl-],-6.075978,-5.7279224
Ic1ccc2c(c1)c(=O)n(c(n2)C)c1ccccc1,-6.0675507,-4.880522
Clc1ccccc1C[NH2+]CCCCCC[NH2+]Cc1ccccc1Cl.[Cl-].[Cl-],-6.0440345,-6.5256376
CCCCCOc1ccc(cc1)C(=O)OCCCN1CCCCC1C,-6.0159087,-5.395177
CC(=CCC(c1cccc2c1cccc2)(C(=O)N)CCN1CCCC1)C,-5.9956923,-5.9267025
ClCCN(c1ccc(cc1)OC(=O)c1ccc(cc1)F)CCCl,-5.993007,-6.3042097
CCCCCCCCCCCCCCCCNCCSS(=O)(=O)O,-5.988361,-5.7054825
CCC[N+]12CCC(C(C1)C=C)C[C@@H]2[C@H](c1ccnc2c1cc(OC)cc2)O.[Br-],-5.9832597,-5.0329247
ClCCN(c1ccc(cc1)OC(=O)c1ccc(cc1)OC)CCCl,-5.9784365,-5.686056
C[N+]1(CCCCCCC[N+]2(C)CCCCC2)CCCCC1.[I-].[I-],-5.974972,-5.679619
OC[C@H]1O[C@@H](O[C@H]2CC[C@]3(C(=CC[C@@H]4[C@@H]3CC[C@]3([C@H]4C[C@H]4[C@@H]3[C@H](C)[C@]3(O4)CC[C@H](CN3)C)C)C2)C)[C@@H]([C@H]([C@H]1O)O[C@@H]1O[C@H](CO)[C@H]([C@@H]([C@H]1O)O)O)O[C@@H]1O[C@@H](C)[C@@H]([C@H]([C@H]1O)O)O,-5.9629955,-4.6448607
CCCCCCCCOc1cccc(c1)NC(=O)OCC[NH+]1CCCCC1.[Cl-],-5.947656,-6.5797653
N#CC(c1ccccc1)(c1ccccc1)CCN1CCC(CC1)(N1CCCCC1)C(=O)N,-5.9429,-5.359667
CC(OC(=O)C(Oc1ccc(cc1)C(=O)c1ccc(cc1)Cl)(C)C)C,-5.9358196,-5.7899694
N(CC1CCC(CC1)CNCCc1ccccc1)CCc1ccccc1.Cl.Cl,-5.914169,-5.9315643
CCCCCCCOc1ccccc1NC(=O)OC(C[NH+](CC)CC)C.[Cl-],-5.9094043,-5.8237295
CN1CCC(CC1)OC1c2ccccc2CCc2c1cccc2.OC(=O)/C=C\C(=O)O,-5.854541,-5.299266
Fc1ccccc1CNCC1CCC(CC1)CNCc1ccccc1F.Cl.Cl,-5.853836,-5.7163506
O=C(Nc1ccc(cc1Sc1ccc(cc1)Cl)Cl)CCN1CCCC1,-5.85268,-5.885605
CCN(CCSCC(=O)O[C@@H]1C[C@@](C)(C=C)[C@@H](O)[C@@H]([C@]23[C@H]([C@@]1(C)[C@H](C)CC2)C(=O)CC3)C)CC,-5.8510823,-5.9408846
COc1ccc2c(c1)Sc1c(/C/2=C\CCN2CCN(CC2)C)cccc1.Cl.Cl,-5.849807,-5.684432
OC(=O)C(O)C.CC(Cc1ccccc1)NCCC(c1ccccc1)c1ccccc1,-5.849013,-5.694256
Clc1ccc2c(c1)/C(=C/CCN1CCNCC1)/c1c(S2)cccc1.Cl.Cl,-5.8437138,-5.6914425
OC(=O)/C=C\C(=O)O.CCCCNCC1COC2(O1)c1ccccc1OCc1c2cccc1,-5.8435817,-5.629881
COc1cc(ccc1OC)/C(=[NH+]\OCC(=O)N(c1ccccc1)CC[NH+]1CCOCC1)/c1nccc2c1cc(OC)c(c2)OC.[Cl-].[Cl-],-5.824508,-5.4691095
CSc1ccc2c(c1)N(CCC1CCCCN1C)c1c(S2)cccc1,-5.820686,-6.948386
OC(=O)c1c(I)cc(c(c1I)N)I,-5.8206816,-5.983241
Clc1c(Cl)c([N+](=O)[O-])c(c(c1Cl)Cl)Cl,-5.82,-5.594095
OC[C@H]1O[C@@H](O[C@H]2CC[C@]3(C(=CC[C@@H]4[C@@H]3CC[C@]3([C@H]4C[C@H]4[C@@H]3[C@H](C)[C@@H]3N4C[C@H](CC3)C)C)C2)C)[C@@H]([C@H]([C@H]1O)O[C@@H]1O[C@H](CO)[C@H]([C@@H]([C@H]1O)O)O)O[C@@H]1O[C@@H](C)[C@@H]([C@H]([C@H]1O)O)O,-5.798991,-5.149682
N#Cc1ccc2c(c1)N(CC(CN(C)C)C)c1c(S2)cccc1,-5.7901554,-5.355851
O=C(C(c1ccccc1)c1ccccc1)OCCCN1CCCCC1C,-5.7832346,-5.467142
Oc1ccc2c(c1)[C@]13CCCC[C@H]3[C@@H](C2)N(CC1)CCc1ccccc1,-5.781894,-4.9377036
OC(=O)/C=C\C(=O)O.CC(CNCC1COC2(O1)c1ccccc1OCc1c2cccc1)C,-5.7811236,-5.7704144
CC[NH+](CC(OC(=O)C(c1ccccc1)c1ccccc1)C)CC.[Cl-],-5.75995,-4.0145826
CCC(C(c1ccccc1)(c1ccccc1)CC([NH+](C)C)C)OC(=O)CC.[Cl-],-5.745435,-5.5822573
C1CCN(C1)CCN1c2ccccc2Sc2c1cccc2.Cl,-5.7320156,-5.651334
COC1(CCC(CC1)NCCCC(=O)c1ccc(cc1)F)c1ccc(cc1)C.Cl,-5.72394,-5.46052
CN(CCCC12CC3CC(C1)CC(C2c1ccccc1)C3)C.Cl,-5.7181726,-5.6235456
CC[C@H]1OC(=O)[C@H](C)[C@@H](O[C@@H]2O[C@@H](C)[C@@H]([C@](C2)(C)OC)O)[C@H](C)[C@@H](O[C@@H]2O[C@H](C)C[C@@H]([C@H]2O)N(C)C)[C@](C[C@H](C(=O)[C@@H]([C@H]([C@]1(C)O)O)C)C)(C)O,-5.708202,-5.438406
O=C(N1c2ccccc2CCc2c1cccc2)C[NH2+]C(C)(C)C.[Cl-],-5.693816,-5.0387325
CC(Oc1cc(c(cc1Cl)Cl)n1nc(oc1=O)C(C)(C)C)C,-5.69,-4.932312
CN(CCCC1c2ccccc2C=Cc2c1cccc2)C,-5.6857276,-5.323642
CCCCCCCC(=O)CCCCCCC,-5.68436,-5.8183165
Clc1ccc2c(c1)c(C)cc(n2)SCCCCCN1CSCC1.Cl.Cl,-5.6729894,-5.5760336
COc1cc2c(cc1OC)CCN(C2CCc1cccc(c1Cl)Cl)C,-5.6695123,-5.730607
COc1cc2c(cc1OC)CCN(C2CCc1c(Cl)cccc1Cl)C,-5.6695123,-5.858716
COc1ccc(cc1[N+](=O)[O-])C(=O)CN1CC[C@@]23[C@H]([C@H]1Cc1c3cc(cc1)O)CCCC2.Cl,-5.641406,-5.087451
N#CC(Cc1cccc2c1cccc2)(CC[NH+](C)C)CC=C(C)C.[Cl-],-5.6262503,-5.528119
O[C@H]([C@H](C(=O)O)O)C(=O)O.CCC(CCN1CC[C@@]23[C@H]([C@H]1Cc1c3cc(cc1)O)CCCC2)CC,-5.623448,-5.4699135
CN(CCCN1c2ccccc2CCc2c1cccc2)C.Cl,-5.602709,-4.3909874
O=C(c1ccccc1)Oc1cccc(c1)OC(=O)c1ccccc1,-5.600872,-4.945837
OCC(c1ccc2c(c1)CCc1c2cccc1)C,-5.578528,-4.880562
[O-][N+](=O)O.CCC(=O)N([C@H]1CCN(C[C@H]1C)CCc1ccccc1)c1ccccc1.CCCO,-5.561481,-5.78185
O=CN1c2cc(OC)c(cc2[C@]23[C@@H]1[C@@](O)(C(=O)OC)[C@H](OC(=O)C)[C@]1([C@@H]3N(CC2)CC=C1)CC)[C@]1(C[C@@H]2CN(CCc3c1[nH]c1c3cccc1)C[C@](C2)(O)CC)C(=O)OC,-5.5606046,-5.7897596
O=C(c1ccccc1)CC(c1ccccc1)c1ccccc1,-5.551138,-5.425915
ClCCN(c1cc(ccc1C)C(=O)N[C@H](C(=O)[O-])Cc1ccc(cc1)O)CCCl.[Na+],-5.5304585,-5.465231
CN(C/C=C\1/c2ccccc2Sc2c1cc(Cl)cc2)C.Cl,-5.5249677,-5.3627243
OC(=O)c1ccccc1Nc1cccc(c1C)Cl,-5.524439,-4.395999
CCCC(=O)Nc1c(I)cc(c(c1I)/C=C(/C(=O)[O-])\CC)I.[Na+],-5.5230927,-4.2087164
O=C1NC(=O)C(N1S(=O)(=O)c1ccccc1)(c1ccccc1)c1ccccc1,-5.510976,-4.2569447
CCOC(=O)Cc1ccc2c(c1)nc(s2)c1ccc(cc1)OC,-5.5107546,-5.083858
COc1ccc(cc1)CN1CCc2c(C1)cccc2NC(=O)c1cc(OC)c(c(c1)OC)OC.Cl,-5.5105834,-4.855711
O=C(CC(C)(C)C)OCC(=O)[C@@]1(O)CC[C@@H]2[C@]1(C)C[C@@H](O)[C@H]1[C@H]2CCC2=CC(=O)CC[C@]12C,-5.51,-4.8064413
CCCCCCCCC=C,-5.51,-5.35367
O=C(CN1CCN(CC1)CC=C(CCC=C(C)C)C)NN=Cc1ccc(o1)[N+](=O)[O-],-5.5033956,-4.4823723
OC(=O)C(=O)[O-].C[NH+](CCCn1c2ccc(cc2c2c1cccc2)Cl)C,-5.5006065,-5.305088
Cc1nc(nc(n1)N1CCCCC1)N1CCCCC1,-5.493499,-3.646471
CC[N+]1(CCOCC[N+]2(CC)CCCCC2)CCCCC1.[Br-].[Br-],-5.482195,-3.9800084
CN(CCCN1c2cc(Cl)ccc2Sc2c1ccc(c2)O)C,-5.4795427,-5.683813
COc1cc2c(cc1OC)CC[NH+](C2CCCc1ccc(cc1)Cl)C.[Br-],-5.47693,-5.3601494
CCCCCCCCCCCCCCCC[N+](CC)(C)C.[Br-],-5.4688053,-4.761694
CN1CCN(CC1)CCCOC(=O)N1c2ccccc2Sc2c1nccc2,-5.4577894,-4.565934
Cc1ccc(cc1)N(C(=O)c1ccccc1N(C(=O)CN1CCCCC1)C)C,-5.4553647,-4.5629244
CCCCCC1Nc2cc(c(cc2S(=O)(=O)N1)S(=O)(=O)N)C(F)(F)F,-5.4488697,-4.5154305
N/C(=[NH+]/CCC1CCCCCC1)/CSSC/C(=[NH+]/CCC1CCCCCC1)/N.[Cl-].[Cl-],-5.445806,-5.188219
COc1cc2c(cc1OC)CC[NH+](C2C(Cc1ccc(cc1)Cl)C)C.[Br-],-5.416361,-5.2640095
CNCCCC1(CC(c2c1cccc2)(C)C)c1ccccc1.Cl,-5.411188,-5.0114617
CCCCCCCCOC(=O)c1ccc(cc1)N,-5.4,-4.5386257
CCCC(=O)C1=C(O)C(=C(C(C1=O)(C)C)O)Cc1c(O)c(C)c(c(c1O)C(=O)CCC)O,-5.383116,-4.734298
CC[N+]1(CCCCCC[N+]2(CC)CCCC2)CCCC1.[Br-].[Br-],-5.3785686,-4.9301004
S=C=Nc1ccc(cc1)N=C=S,-5.3752294,-4.0496874
CCN(CCOC(=O)C1c2ccccc2c2c1cccc2)CC.Cl,-5.359932,-5.073983
CCCC(=O)C1=C(O)C(=C(C(C1=O)(C)C)O)Cc1c(OC)cc(c(c1O)C(=O)CCC)O,-5.3410397,-4.6157503
O=C1CCC2(C(=S)N1)c1ccccc1CCc1c2cccc1,-5.3385005,-5.554674
OC(=O)C(=O)O.CN(CC1COC2(O1)c1cc(Cl)ccc1OCc1c2cccc1)C,-5.336148,-4.5591717
O=C(N1CC=Cc2c1cccc2)OCc1ccccc1,-5.333852,-4.718566
COC1C=Cc2c(N1C(=O)OCc1ccccc1)cccc2,-5.3059664,-4.5782957
Brc1ccc(nc1)OCCCCCCCCCCNCCSS(=O)(=O)O,-5.3042364,-4.442024
CN(CCCN1c2ccccc2Sc2c1cc(cc2)C(F)(F)F)C,-5.3,-6.1494026
NC(=N)CCCCCCCCCCCC(=N)N.Cl.Cl,-5.2945786,-2.7703397
COC(=O)[C@@H]1[C@@H](OC)[C@@H](C[C@H]2[C@@H]1C[C@H]1N(C2)CCc2c1[nH]c1c2cccc1)OC(=O)c1cc(OC)c(c(c1)OC)OC,-5.2893763,-4.735507
OC(=O)c1cc(ccc1O)S(=O)(=O)[O-].COc1cc2c(cc1OC)CC[NH+](C2C(Cc1ccc(cc1)[N+](=O)[O-])C)C,-5.2883983,-5.344493
Clc1ccc(cc1)c1ccccc1Cl,-5.28,-4.9871817
O=C(c1ccccc1)c1ccc(cc1)c1ccccc1,-5.2786193,-5.834343
CN(CCCn1c2ccccc2[nH]c(=O)c2c1cccc2)C,-5.255546,-4.3992176
CNCC/C=C/1\c2ccccc2Sc2c1cc(OC)cc2.Cl,-5.25407,-4.8396015
C=CCc1ccccc1OCC(CN1CCN(CC1)c1ccc(c(c1)C)C)O.Cl.Cl,-5.2516937,-4.8505754
CCN(CCOc1ccc(cc1C(=O)Nc1ccccc1)Cl)CC,-5.2347965,-4.898198
O=C1C(C(=O)N(N1c1ccccc1)c1ccccc1)C1C(=O)N(N(C1=O)c1ccccc1)c1ccccc1,-5.232815,-4.2327003
CCOC(=O)Cc1ccc2c(c1)nc(s2)c1ccccc1,-5.22288,-4.927367
CN1CCC2=C(C1CCc1ccccc1[N+](=O)[O-])CCCC2,-5.22243,-4.669773
CN1CCC2=C(C1CCc1cccc(c1)[N+](=O)[O-])CCCC2,-5.22243,-4.6155815
CC(N(C(C)C)CCC(c1ccccc1)(c1ccccc1)C(=O)N)C,-5.2114887,-4.6883993
CCCCN1CCCC(C1)OC(=O)Nc1c(C)cccc1Cl,-5.2106514,-4.6715074
CCCCCCc1ccccc1,-5.21,-4.559065
Oc1ccc2c(c1)[C@]13CCCC[C@H]3[C@@H](C2)N(CC1)CCc1ccc(cc1)N(C)C,-5.207885,-5.5446854
OC(=O)C(c1ccc2c(c1)nc(o2)c1ccc(c(c1)Cl)Cl)C,-5.20641,-5.1544495
OC(=O)C(c1ccc2c(c1)nc(o2)c1cc(Cl)cc(c1)Cl)C,-5.20641,-5.117508
CN(CCCC1CC(c2c1cccc2)(C)c1ccccc1)C.Cl,-5.202428,-4.9768972
Ic1ccc(nc1)SCCCCCCN1CSCC1.Cl,-5.18879,-4.912533
Clc1ccc(cc1)C(=O)C(c1ccc(cc1)Cl)CN1CCCC1.Cl,-5.1837497,-5.2164783
C#C[C@]1(O)CC[C@@H]2[C@]1(CC)CC[C@H]1[C@H]2CCC2=CC(=O)CC[C@H]12,-5.1830306,-4.637274
Brc1ccc(nc1)SCCCCCCCN1CCSC1.Cl.Cl,-5.1715646,-4.996491
Nc1ccc(cc1)c1c2ccccc2nc2c1ccc(c2)N,-5.1653433,-5.016557
COc1cc(C)c2c(c1)n(CC)c1ncccc1c(=O)[nH]2,-5.15,-4.087859
CCCCOc1ccc(cc1)OCC(=O)N(c1cccc(c1)OC)CCN(C)C.Cl,-5.146304,-4.8223495
Clc1c[nH]cc1c1cccc(c1[N+](=O)[O-])Cl,-5.1340494,-3.9173903
CN(CC/C=C\1/c2ccccc2OCc2c1cccc2)C.Cl,-5.130253,-3.97803
CCCCCc1ccccc1OCC[NH+](CCCl)CC.[Cl-],-5.1279697,-4.7003927
Clc1ccc(nc1)SCCCCCCCCN1CCSC1.Cl,-5.1250353,-5.1520367
CCCCOc1ccc(cc1)OCC(=O)N(c1cccc(c1)OC)CCN1CCOCC1.Cl,-5.119247,-5.148101
CCCCC(C(=O)Nc1c(C)cccc1C)N(CC)CC.Cl,-5.107887,-4.592103
N#CC(c1cccc2c1cccc2)(CC[NH+](C)C)CC=C(C)C.[Cl-],-5.1070466,-5.135296
OC(=O)C(=O)[O-].CCCCOc1c(OC)cccc1C(=O)NCC/[NH+]=C(/CCC)\C,-5.1054273,-4.1304893
O=C(c1ccc(s1)[N+](=O)[O-])N/N=C/C=C/c1ccc(o1)[N+](=O)[O-],-5.083279,-3.755298
Clc1cccc2c1nc(OCCCCCN1CSCC1)cc2C.Cl,-5.076235,-5.1300106
C1CCC(C1)NCC1CCC(CC1)CNC1CCCC1.Cl.Cl,-5.0701303,-5.593421
COc1ccc2c(c1)CC[NH+](C2CCc1ccc(cc1)Cl)C.[Cl-],-5.0697904,-5.087862
Fc1ccc(cc1)CC1Nc2cc(Cl)c(cc2S(=O)(=O)N1)S(=O)(=O)N,-5.0519347,-4.08564
O=C(c1ccc(c(c1)Cl)Cl)Cc1ccccc1C(=O)O,-5.0492487,-4.557062
Fc1ccc(cc1)C(=O)CCCN1CCC(CC1)(O)c1cccc(c1)C(F)(F)F,-5.0351424,-5.143087
CCN(CCCc1ccccc1)CCCc1ccccc1,-5.0259805,-5.1230106
C=CCC(c1cccc2c1cccc2)C(=O)OCCN(CC)CC,-5.005982,-4.8849983
OC(=O)C(=O)[O-].COc1cccc2c1n(CCC[NH+](C)C)c1c2cccc1,-4.990109,-4.7380934
OC(=O)C(=O)[O-].COc1cccc2c1c1ccccc1n2CCC[NH+](C)C,-4.990109,-4.8643064
OCCN1CCN(CC1)C/C=C/1\c2ccccc2Sc2c1cccc2Cl.Cl.Cl,-4.985926,-5.142399
CC[NH+](CCOC(=O)c1c2ccccc2nc2c1cccc2)CC.[Cl-],-4.972869,-5.071597
CC(NCCCC12CC3CC(C2)CC(C1)C3)(C)C.Cl,-4.9648523,-5.357588
Brc1ccc2c(c1)c(c[nH]2)C1CCC[NH+]1Cc1ccccc1.[Cl-],-4.963585,-5.274639
c1ccc(cc1)C(c1ccccc1)N1CCN(CC1)Cc1ccc2c(c1)OCO2,-4.942804,-4.6841383
OC(=O)C1CCc2c1ccc(c2)C1CCCCC1,-4.940826,-4.416364
CCC(=O)C(c1ccccc1)(c1ccccc1)C(CN1CCCC1)C,-4.9390936,-5.355521
OC(=O)C(c1ccc2c(c1)nc(o2)c1cccc(c1)C(F)(F)F)C,-4.921184,-4.663827
Nc1ccc(cc1Cl)c1ccc(c(c1)Cl)N,-4.92,-4.2343264
C[NH+](CCn1c2ccccc2c2c1cc(Cl)cc2)C.[Cl-],-4.916256,-4.8194113
CC[C@@H](C(=O)O[C@H]1CCC=C2[C@H]1[C@@H](CC[C@@H]1C[C@@H](O)CC(=O)O1)[C@H](C=C2)C)C,-4.9103117,-5.1450205
c1ccc2c(c1)Cc1c2cccc1,-4.91,-4.770377
CO/C=C(\[C@H]1C[C@@H]2N(C[C@@H]1CC)CC[C@@]12C(=O)Nc2c1cccc2)/C(=O)OC,-4.89167,-4.0909214
O[C@@H]1CC[C@]2([C@@H](C1)CC[C@@H]1[C@@H]2CC[C@]2([C@H]1CC[C@]2(O)C(=O)C)C)C,-4.8809433,-4.3481216
Clc1ccc(cc1)/C=N/N/C(=N/N=C/c1ccc(cc1)Cl)/N.Cl,-4.880558,-4.789536
CC(N(C(=O)SCC(=C(Cl)Cl)Cl)C(C)C)C,-4.88,-4.484208
CCCCOC(=O)c1c(C)ccc(c1OCCN(C)C)C(C)C,-4.8767004,-4.648289
COc1cc2c(cc1OC)CC[NH+](C2CC(c1ccc(cc1)Cl)OC(=O)C)C.[Cl-],-4.8729568,-5.565192
OC(=O)C(Cc1c(C)n(c2c1cccc2)Cc1ccccc1)N,-4.869994,-3.4428852
OC(=O)/C=C/C(=O)O.CNCCCC1c2ccccc2CN(c2c1cccc2)C,-4.869875,-4.4908276
CNC(CC12CC3(C)CC(C2)(CC(C1)(C3)C)C)C.Cl,-4.869627,-5.4664297
Oc1ccc2c(c1)[C@]13CCCC[C@H]3[C@@H](C2)N(CC1)CCc1cccs1.Cl,-4.86595,-4.717973
COc1ccc(cc1)C(CC(=O)c1ccccc1)NCc1ccccc1.Cl,-4.86179,-4.6995535
CCCSc1ccc2c(c1)[nH]c(n2)NC(=O)OC,-4.8433194,-3.8144462
Cc1cc(OCCCCCCN2CSCC2)nc2c1cccc2.Cl.Cl,-4.8400736,-4.349066
Oc1ccc2c(c1)[C@@]13CCCC[C@@H]3[C@H](C2)N(CC1)CCc1ccccc1.Br,-4.833904,-5.068411
CCCCCCCCCCCCCCCCOS(=O)(=O)[O-].[Na+],-4.83388,-5.2487774
CC(C1Nc2cc(Cl)c(cc2S(=O)(=O)N1)S(=O)(=O)N)c1ccccc1,-4.822341,-4.4042587
COP(=S)(Oc1nc(Cl)c(cc1Cl)Cl)OC,-4.82,-3.6723044
Oc1ccc2c(c1)[C@]13CCCC[C@H]3[C@@H](C2)N(CC1)CC#Cc1ccccc1,-4.8144917,-5.0201893
CC(C(C)C)C(C)C,-4.8,-3.906029
O=C1N(c2cc(Cl)cc(c2)Cl)C(=O)[C@@]2([C@@]1(C)C2)C,-4.8,-4.2424374
C#C[C@@]1(CC[C@@H]2[C@]1(C)CC[C@H]1[C@H]2CCC2=CC(=O)CC[C@H]12)OC(=O)C,-4.79,-5.0324354
Clc1ccc(cc1)C(c1ccc(cc1)Cl)OCC[NH2+]N1CCOCC1.[Cl-],-4.789052,-4.1572733
[O-][N+](=O)c1ccc(cc1)n1c(C)nc2c(c1=O)cccc2.Cl,-4.7688594,-4.1312933
CN(Cc1ccccc1)CC(=O)N1C(C)(C)CCCC1(C)C,-4.763833,-4.0994577
CCC(=O)N1C2CCC1CN(C2)C(c1ccccc1)c1ccccc1,-4.76092,-4.874476
CCCCN1CCC[C@@H](C1)OC(=O)Nc1c(C)cccc1Cl,-4.7542853,-4.6715074
CCCCN1CCC[C@H](C1)OC(=O)Nc1c(C)cccc1Cl,-4.7542853,-4.6715074
Clc1ccc2c(c1)C(=NCC(=O)N2CC1CC1)c1ccccc1,-4.754079,-4.799074
Clc1ccccc1CNCC1CCC(CC1)C[N+](Cc1ccccc1Cl)(C)C.[I-],-4.7413125,-6.3088245
OC(=O)C(c1ccc2c(c1)[nH]c1c2cc(cc1)Cl)C,-4.7406816,-4.4982824
CCCC1CCCC1,-4.74,-4.1210575
CN1CCC[C@@H](C1)CN1c2ccccc2Sc2c1cccc2,-4.74,-5.398796
OCCN(CC(=O)N(C(Cc1ccccc1)(C)C)C)CC(=O)N(C(Cc1ccccc1)(C)C)C,-4.7373495,-3.1983087
Oc1c2ccccc2cc2c1cccc2,-4.73,-4.1957083
CN(CCC=C1c2ccsc2SCc2c1cccc2)C.Cl,-4.715238,-4.798111
COc1ccc(cc1)/C=C/C(=O)OCCC(C)C,-4.708379,-4.263548
OC(c1ccccc1)(c1ccccc1)CCCN1CCCCC1,-4.6961064,-4.060911
CCCN1CCCC(C1)OC(=O)Nc1c(C)cccc1Cl,-4.6890545,-4.385334
CCOC(=O)C(c1ccccc1)(c1ccccc1)CC(N(C)C)C.Cl,-4.688782,-3.862991
N#Cc1ccc(cc1)CN(/N=N/c1ccc(cc1)C(=O)O)C,-4.6859803,-4.552492
CCCCC(=O)OCN1C(=O)NC(C1=O)(c1ccccc1)c1ccccc1,-4.68,-4.5817184
COc1ccc2c(c1CN(C)C)oc(c(c2=O)C)c1ccc(cc1)Cl,-4.67344,-5.109421
C=CCC(c1cccc2c1cccc2)C(=O)NNC(C)C,-4.6726933,-3.478369
CCCOc1ccc(cc1)C(=O)OCCCN1CCCCC1C,-4.670612,-4.473941
OC(=O)c1ccccc1O.CO[C@@H]([C@H]([C@H]1O[C@H](SCCOC(=O)c2ccccc2O)[C@@H]([C@H]([C@H]1O)O)O)NC(=O)[C@@H]1CCCN1C)C,-4.665593,-3.5339158
Cc1ccc(cc1)C(c1ccc(cc1)Br)OCC[NH+](C)C.[Cl-],-4.65473,-4.5624466
CN(CCCC1(OC(c2c1cccc2)(C)C)c1ccccc1)C.Cl,-4.6524734,-4.7736707
COc1ccc(cc1)C=CC(=O)c1ccc(cc1OC)OC,-4.6503873,-4.550521
CO[C@H]1C[C@H](O[C@@H]2[C@@H](C)C(=O)O[C@H](C)[C@H](C)[C@H](O)[C@H](C(=O)[C@@]3(C[C@@H]([C@@H]([C@H]2C)O[C@@H]2O[C@H](C)C[C@@H]([C@H]2O)N(C)C)C)CO3)C)O[C@H]([C@@H]1O)C,-4.6468935,-4.4585023
CCCCCCCSCCCCCN1CCSC1.Cl,-4.634119,-4.916277
CC(=O)OCC(=O)[C@H]1CC[C@@H]2[C@]1(C)CC[C@H]1[C@H]2CCC2=CC(=O)CC[C@]12C,-4.63,-5.0544996
CCC(C(c1cccc2c1cccc2)(C(=O)N)CCN(C)C)C,-4.6296864,-4.5517745
c1ccc(cc1)CCc1ccccc1,-4.62,-3.7095873
CC(CC1CCC(=CC1)C(C(=O)O)C)C,-4.607707,-4.247857
O=C1C(c2ccc(cc2)Br)C(=O)c2c1cccc2,-4.6073694,-3.8166316
O[C@H]([C@H](C(=O)O)O)C(=O)O.Oc1ccc2c(c1)[C@]13CCCC[C@H]3[C@@H](C2)N(CC1)CCC(=O)c1ccccc1,-4.6033826,-3.8467329
CN(CCn1c2ccccc2n(c2c(c1=O)cccc2)C)C,-4.599401,-3.986453
OS(=O)(=O)O.CCN(CCCC(Nc1ccnc2c1ccc(c2)Cl)C)CC,-4.5958176,-3.6228564
O[C@H]([C@H](C(=O)O)O)C(=O)O.CCC(CN1CC[C@@]23[C@H]([C@H]1Cc1c3cc(cc1)O)CCCC2)C,-4.5905695,-4.808814
OC(=O)C(=O)[O-].CCCC/C=[NH+]/CCNC(=O)c1cccc(c1OCCC)OC,-4.587972,-3.7635806
COc1ccc2c(c1)c(CC(C(=O)O)N)cn2Cc1ccccc1,-4.58781,-2.8477607
O=C(c1ccc(c(c1)C)C)Cc1ccccc1C(=O)O,-4.586031,-4.0347347
Nc1ccc2c(c1)cc1c(n2)cc(cc1)Cl,-4.580352,-4.3480825
CCCCCCCCC(=O)NCc1ccc(c(c1)OC)O,-4.579853,-4.191824
C=CCOc1ccc2c(c1)[C@]13CCCC[C@H]3[C@@H](C2)N(CC1)C.Br,-4.5778985,-4.5209236
Brc1ccc(nc1)OCCCCCCCN1CCSC1.Cl,-4.576269,-4.22418
O=C1CN=C(c2c(N1)ccc(c2)Br)c1ccccc1Cl,-4.56742,-4.305073
Brc1ccc2c(c1)C(=O)C(C2=O)c1ccccc1,-4.5602126,-3.784567
C=CCN1CC[C@@]23[C@H]([C@H]1Cc1c3cc(cc1)OC(=O)N(C)C)CCCC2.Br,-4.556109,-4.5829906
Brc1cnc(c(c1)Br)OCCCCCCNCCSS(=O)(=O)O,-4.5522985,-4.388446
C[N+]1(CCOCC[N+]2(C)CCCCC2)CCCCC1.[I-].[I-],-4.540578,-3.798101
CCOC1c2ccccc2C(=O)N(c2c1cccc2)C,-4.5405536,-4.0330753
COc1ccc(cc1C(=O)NCCc1ccc(cc1)C(=O)O)Cl,-4.5374794,-4.547372
CCCCCN1CC[C@@]23[C@H]([C@H]1Cc1c3cc(cc1)O)CCCC2.Cl,-4.53116,-4.7874184
CC(OC(=O)C(c1ccc(cc1)Cl)(c1ccc(cc1)Cl)O)C,-4.53,-4.575625
CCN(CCOC(=O)C(c1ccccc1)c1ccccc1)CC.Cl,-4.5281744,-3.9291668
C#C[C@]1(O)CC[C@@H]2[C@]1(C)CC[C@H]1[C@H]2CCC2=C1CCC(=O)C2,-4.522917,-4.522753
CN1CCN(CC1)CCCN1c2ccccc2Sc2c1cc(cc2)C(F)(F)F,-4.52,-6.4767647
CCCC(COC(=O)NCC)(COC(=O)NC/C=C/C)C,-4.519613,-4.0935593
[O-]C(=O)[C@@H]1N2C(=O)[C@H]([C@H]2SC1(C)C)NC(=O)c1c(C)onc1c1ccccc1Cl.[Na+],-4.517719,-4.0316296
CC(OC(=O)C(=C1SC=CS1)C(=O)OC(C)C)C,-4.50591,-3.8983243
CCCCN1CCN(CC1C(=O)Nc1c(C)cccc1C)CCCC.ON=O.ON=O,-4.5000005,-5.937089
OC(=O)C1=C/C(=N\Nc2ccc(cc2)S(=O)(=O)Nc2ccccn2)/C=CC1=O,-4.4948015,-3.7219899
Oc1ccc(cc1)CCN1CC[C@@]23[C@H]([C@H]1Cc1c3cc(cc1)O)CCCC2.Cl,-4.491426,-4.115059
O=C(N1C(C)(C)CCCC1(C)C)CNCc1ccccc1,-4.481411,-3.9442909
CCN(CCCC(Nc1ccnc2c1ccc(c2)Cl)C)CC,-4.4788585,-4.4471407
CCCCCCC(C(=O)O)CCCC,-4.472425,-4.340744
CC(=O)Oc1c([N+](=O)[O-])c(C)c(cc1C(C)(C)C)[N+](=O)[O-],-4.47,-4.7856836
O[C@H]1CC[C@]2([C@@H](C1)CC[C@@H]1[C@@H]2CC[C@]2([C@]31O[C@@H]3[C@@H]([C@@H]2c1ccc(=O)oc1)O)C)C,-4.46908,-3.4185488
CNCCCC1(CCc2c1cccc2)c1ccccc1.Cl,-4.4669657,-4.3545737
CCOc1ccc(cc1)/C=C/CN1C2CCC1CN(C2)C(=O)CC,-4.463399,-4.2788196
COc1c(C(=O)/C=C/c2ccc(cc2)OC)c(OCCN(C)C)c(c2c1cco2)OC,-4.4586186,-4.6054664
CCC(=O)N1C2CCC1CN(C2)C/C=C/c1ccc(cc1)Cl,-4.4582567,-4.287362
CC[N+]1(CCOCC[N+]2(CC)CCCC2)CCCC1.[Br-].[Br-],-4.454763,-3.808984
CN(CCC=C1c2ccccc2C(c2c1cccc2)(C)C)C.Cl,-4.4475503,-5.1818867
CC[N+](CCOC(=O)C(C1CCCC1)C1CCCC1)(CC)CC.[Br-],-4.443089,-3.427206
CCOC(=O)/C(=N\Nc1cccc(c1)Cl)/C#N,-4.4009185,-3.689665
COc1ccc(cc1)C(N1CCCCC1)CC(=O)c1ccccc1.Cl,-4.3948064,-4.1275215
C(=C/C=[N+]/1\CCCc2c1cccc2)C=CN1CCCc2c1cccc2.[Cl-].O,-4.39279,-3.8063624
Clc1ccc2c(c1)C(=NCCN2)c1ccccc1,-4.3924484,-3.8271887
CCC(c1ccc(cc1)N1Cc2c(C1=O)cccc2)C(=O)O,-4.3900537,-4.1103907
CN1C(C)(C)CCC(C1(C)C)OC(=O)C(c1ccccc1)(c1ccccc1)O,-4.388388,-4.1303368
CN1C2CCC1CN(C2)C(c1ccccc1Cl)c1ccccc1,-4.3872676,-4.3515625
Clc1ccc(cc1)[C@@](c1ccccc1Cl)(c1cncnc1)O,-4.38,-4.1046705
CCCC(C)(C)C,-4.36,-3.7087538
CC(C(C)(C)C)C,-4.36,-3.7512927
CCN(CCOc1c(ccc(c1C(=O)OC)C)C(C)C)CC,-4.3542128,-4.3147492
Brc1cccc2c1cccc2,-4.35,-4.108119
O[C@H]1CC[C@]2([C@H](C1)[C@@H](O)C[C@@H]1[C@@H]2C[C@@H](O)[C@]2([C@H]1CC[C@@H]2[C@H](CCC(=O)O)C)C)C,-4.35,-4.1083355
Cc1cccc2c1nc1ccccc1c2N,-4.3487325,-4.5533447
O[C@H]([C@H](C(=O)O)O)C(=O)O.C#C/C(=C/CN1CC[C@@]23[C@H]([C@H]1Cc1c3cc(cc1)O)CCCC2)/C,-4.335071,-2.6448278
O=C(N(C)C)Nc1ccc(c(c1)Cl)n1nc(oc1=O)C(C)(C)C,-4.33,-3.4186537
CC(CNc1nc(c(o1)c1ccccc1)c1ccccc1)O.Cl,-4.3292494,-3.3636956
Cc1ccc(cc1)C1(O)CC[NH+](CC1)CCCC(=O)c1ccc(cc1)F.[Cl-],-4.3283696,-3.5382955
CCC(=O)c1ccccc1OCC(CN1CCN(CC1)c1ccc(c(c1)C)C)O.Cl.Cl,-4.3213387,-4.247698
OCC(=O)[C@]12OC(O[C@H]1C[C@@H]1[C@]2(C)C[C@@H](O)[C@]2([C@H]1CCC1=CC(=O)C=C[C@]21C)F)(C)C,-4.32,-4.41543
CCC(C(=O)OCC(Cl)(Cl)Cl)(CC)Cl,-4.3198876,-4.471203
COP(=S)(Oc1ccc(cc1Cl)[N+](=O)[O-])OC,-4.31,-4.1858263
COc1ccc2c(c1CC=C(C)C)oc(=O)cc2,-4.31,-3.5746648
C[NH+](CCOC(c1ccccc1)c1ccc(cc1)C(C)C)C.[Cl-],-4.3087726,-4.1326957
CN(CCCN1c2ccccc2NCc2c1cccc2)C,-4.306314,-4.0684843
C#C[C@@]1(O)CC[C@@H]2[C@]1(C)CC[C@H]1[C@H]2CCc2c1ccc(c2)O,-4.3,-4.8790627
CN(CCCN1c2ccccc2Sc2c1cccc2)C,-4.3,-4.739228
CCc1ccc2c(c1)cccc2,-4.29,-4.0327063
[O-]C(=O)C(c1cccc2c1cccc2)Cc1ccco1.[Na+],-4.2837205,-2.7573423
Clc1c(O)c(Cl)c(c(c1Cl)Cl)Cl,-4.28,-4.2129593
CC[C@H](C(C)C)C,-4.28,-3.6587374
NC1=NC(N(C(=N1)N)OCCCOc1cc(Cl)c(cc1Cl)Cl)(C)C,-4.278183,-4.0834427
Cc1ccc(cc1)C(=O)OCCCN1CCCCC1C,-4.272634,-3.9356651
CCCCN1CCCC[C@H]1C(=O)Nc1c(C)cccc1C.Cl,-4.2687025,-4.324293
CCC(c1ccc(cc1)c1ccccc1)C(=O)O,-4.259526,-4.0460863
OC(=O)C(NS(=O)(=O)c1ccc(cc1)Br)Cc1ccccc1,-4.258271,-4.20818
CN(C/C=C(/c1cccc(c1)C(F)(F)F)\c1ccccc1)C.Cl,-4.257313,-4.3582125
CC1=CC=C(CC1)C(C)C,-4.2557764,-4.520837
CCCCCCCC#C,-4.24,-4.078391
N#Cc1c(Cl)cccc1Cl,-4.24,-2.9622204
CCN(/N=C\C(=O)c1ccc(cc1)c1ccccc1)CC,-4.230249,-4.2964535
FCCCCCCCCCl,-4.2301726,-4.0398636
ClC(=CC(=C(Cl)Cl)Cl)Cl,-4.23,-3.9698336
COc1ccc2c(c1)N(C[C@@H](CN(C)C)C)c1c(S2)cccc1,-4.22,-5.6092777
CCCN1CCc2c(C1)cccc2NC(=O)c1cc(OC)c(c(c1)OC)OC,-4.2193813,-4.4977293
COc1ccc(cc1)c1ssc(=S)c1,-4.2161994,-4.8960285
O=C(c1ccccc1I)Nc1ccccc1,-4.21,-4.525058
CC(=O)OCC(=O)[C@@]1(O)CC[C@@H]2[C@]1(C)C[C@H](O)[C@]1([C@H]2CCC2=CC(=O)CC[C@]12C)F,-4.209179,-4.194022
CC[NH+](CCC1(C2CCCCC2)C(=O)Oc2c1cccc2)CC.[Cl-],-4.207981,-4.6136446
CC[NH+](CCOC(=O)c1ccc(c(c1)I)F)CC.[Cl-],-4.2059026,-4.0794106
CC(OP(=S)(OC(C)C)SCCNS(=O)(=O)c1ccccc1)C,-4.2,-4.5708027
Oc1ccc(cc1NCS(=O)(=O)[O-])/[As]=[As]/c1ccc(c(c1)NCS(=O)(=O)[O-])O.[Na+].[Na+],-4.1955905,-1.5026095
Clc1ccc2c(c1)C(=NCC=N2)c1ccccc1,-4.1938705,-4.528756
CC(C(c1ccccc1)(C(=O)N)CCN1CCCCC1)C,-4.1928763,-3.875452
CCCCOCN(c1c(CC)cccc1CC)C(=O)CCl,-4.19,-5.2715235
CC(=O)Nc1nc(c(o1)c1ccccc1)c1ccccc1,-4.189258,-3.8707452
O[C@H]1CC[C@]2([C@@H](C1)CC[C@@H]1[C@@H]2CC[C@]2([C@]1(O)CC[C@@H]2C1=CC(=O)OC1)C)C,-4.1850195,-4.1570888
[O-]C(=O)[C@@H]1N2C(=O)[C@H]([C@H]2SC1(C)C)NC(=O)c1c(C)onc1c1ccccc1.[Na+],-4.1827254,-3.2837834
CCCCNC(=O)/C(=C(\c1ccccc1)/C)/C,-4.1795573,-3.8526592
CS(=O)(=O)c1ccc(cc1)c1nc2n(c1)cccc2,-4.1783648,-2.6469064
CCc1ccc2c(c1)C(=O)C(CC2)C[NH+]1CCCCC1.[Cl-],-4.174489,-4.08702
COc1ccc2c(c1CN(C)C)oc(c(c2=O)C)c1ccc(cc1)F,-4.173405,-4.541695
CCN1CCCC(C1)OC(=O)Nc1c(C)cccc1Cl,-4.167105,-3.9608648
C[NH+](CCCC1(C[NH+](c2c1cccc2)C)c1ccccc1)C.[Cl-].[Cl-],-4.163689,-3.8886845
Clc1cc2NC(=NS(=O)(=O)c2cc1S(=O)(=O)N)c1ccccc1,-4.1573567,-3.8760831
O=C1Nc2ccc(cc2C(=NC1O)c1ccccc1)Cl,-4.15642,-3.1989744
CC(Cc1ccccc1)(C)C,-4.15,-3.9633396
CCCCC(C(=O)N(c1ccccc1)Nc1ccccc1)C(=O)O,-4.1471353,-4.0841017
CN1CCN2C(C1)c1ccccc1Cc1c2cccc1.Cl,-4.1458826,-3.7512662
c1ccc2c(c1)C[NH2+]c1c(N2)cccc1.[Cl-],-4.1415076,-2.7967553
CCC[NH+]1CCc2c3[C@H]1Cc1ccc(c(c1c3ccc2)O)O.[Cl-],-4.1407175,-3.8123791
Clc1ccc2c(c1)cccc2,-4.14,-3.8855174
O=C(c1ccccc1)OCc1ccccc1,-4.139605,-3.3872986
[O-]S(=O)c1ccc2c(c1)c(SSSc1cccc3c1cc(cc3)S(=O)[O-])ccc2.[Na+].[Na+],-4.125986,-3.7129097
C[NH+](CCOC(c1cccc2c1cccc2)c1ccccc1)C.[Cl-],-4.1256323,-4.851616
OCC(C(=O)N1C2CCC1CN(C2)C)(c1ccccc1)C1CCCCC1,-4.122319,-4.499941
CCCCCCCCCSCCN1CSCC1.Cl,-4.1157165,-4.0416465
CCCCN1CCC(=O)C(C1)C1CCN(C(C1)OC(=O)CC)CCCC.Cl.Cl,-4.1152916,-4.6294727
OCCN1CCN(CC1)CCCC1(OC(c2c1cccc2)(C)C)c1ccccc1.Cl.Cl,-4.1110497,-4.5891933
CCCc1cccc(c1OCC(CO)O)Br,-4.108969,-3.6783714
COC(=O)[C@]1(CC[C@H](c2c1cccc2)[NH+](C)C)c1ccccc1.[Cl-],-4.1075454,-4.061084
CC(=O)Nc1ccc2c(c1)cc1c(n2)cccc1,-4.106244,-4.0522084
OC(=O)C(c1ccc2c(c1)nc(s2)c1ccccc1)C,-4.1040106,-4.1881003
Clc1[nH]c2c(n1)n(C)c(=O)n(c2=O)C.CN1CCC(CC1)OC(c1ccccc1)c1ccccc1,-4.1022024,-4.0495844
Brc1ccc(nc1)SCCCCCN1CSCC1.Cl,-4.094136,-3.755359
CN1[C@@H]2CC[C@H]1CC(C2)OC(c1ccccc1)c1ccccc1,-4.091557,-4.431212
CCCCN1CCC(CC1)(OC(=O)CC)c1cccs1.Cl,-4.0880365,-3.95138
CC[C@H]1C[C@H]2CN3[C@@H]1[C@@H](C2)c1[nH]c2c(c1CC3)cc(cc2)OC,-4.082046,-4.1866837
C=CCN1CC[C@@]23[C@H]([C@H]1Cc1c3cc(cc1)OP(=O)(O)O)CCCC2,-4.0818114,-2.3801684
COCC1(CCN(CC1)CCn1nnn(c1=O)CC)N(c1ccccc1)C(=O)CC,-4.0809426,-4.444321
Cl/C=C(/CSC(=O)N(C(C)C)C(C)C)\Cl,-4.08,-3.6953886
O=C1OCC(=C1)[C@H]1CC[C@@]2([C@]1(C)[C@H](O)C[C@H]1[C@H]2CC[C@@H]2[C@]1(C)CC[C@@H](C2)O[C@@H]1C[C@H](O)[C@H]([C@@H](O1)C)O[C@@H]1C[C@H](O)[C@H]([C@@H](O1)C)O[C@@H]1C[C@H](O)[C@H]([C@@H](O1)C)O)O,-4.08,-4.7548037
CCCCCC/C=C\[N+](=N\[C@H]([C@@H](O)C)COC)\[O-],-4.075769,-2.8966756
COc1ccc(cc1)N1CCN(CC1)CCC(=O)/C=C/c1cc(OC)c(c(c1)OC)OC.Br,-4.0757403,-3.9509807
CC(=O)OCC(=O)[C@@]12N=C(O[C@@H]1C[C@@H]1[C@]2(C)C[C@H](O)[C@H]2[C@H]1CCC1=CC(=O)C=C[C@]21C)C,-4.0744114,-4.470353
S=c1[nH]c2ccccc2[nH]c2c1cccc2,-4.0736456,-4.618777
Cc1ccccc1OCC[NH2+]CCOc1ccccc1C.[Cl-],-4.071484,-3.8692188
Brc1ccc(cc1)Br,-4.07,-3.5562398
Nc1ccc(cc1)CCN1CC[C@]23[C@@H]([C@@H]1Cc1c3cc(cc1)O)CCCC2,-4.06937,-4.4673347
COc1cc(/C=C/C(=O)CCN2CCN(CC2)c2ccc(cc2)F)cc(c1OC)OC.Cl.O,-4.0690293,-3.8184476
CC(CN(CC(=O)N/N=C\c1ccc(o1)[N+](=O)[O-])CC(C)C)C,-4.068576,-3.601695
CCOc1ccc2c(c1)c(ccn2)[C@H]([C@@H]1C[C@@H]2CCN1C[C@@H]2CC)O.Cl,-4.068399,-3.7579353
COc1ccc2c(c1)c(N)c1c(n2)cccc1,-4.0674562,-4.104946
OC(=O)C1CCc2c1cc(O)c(c2)C1CCCCC1,-4.0672245,-4.01768
O[C@@H]1CC[C@]2([C@@H](C1)CC[C@@H]1[C@@H]2[C@H](O)C[C@]2([C@H]1CC[C@@H]2C(=O)C)C)C,-4.066514,-4.315072
CCC(C(C(C[NH+](C)C)C)(c1ccccc1)c1ccccc1)O.[Cl-],-4.065817,-4.703271
NCCCC(C(CCCCCCCCN=C(N)N)O)NC(=O)CCCCCCCCN=C(N)N,-4.065367,-2.2089112
CCOC(=O)c1ccc(cc1)/N=C/c1ccccc1,-4.061214,-4.1585245
N/C(=N\C(=N\C(C)C)\N)/Nc1ccc(c(c1)Cl)Cl.Cl,-4.0580754,-3.3843133
CCC(=O)C(c1ccccc1)(c1ccccc1)[C@@H](CN(C)C)C.Cl,-4.0546646,-4.0789385
CCC(=O)C(C(C[NH+](C)C)C)(c1ccccc1)c1ccccc1.[Cl-],-4.0546646,-3.9525616
O[C@H]1CC[C@]2([C@@H](C1)CC[C@@H]1[C@@H]2CC[C@]2([C@]31O[C@@H]3[C@@H]([C@@H]2c1ccc(=O)oc1)OC(=O)C)C)C,-4.050468,-4.37889
COC(=O)c1ccccc1OCC(CN1CCN(CC1)c1ccc(c(c1)C)C)O.Cl.Cl,-4.0480947,-4.0522385
CN(CC=C(c1cccc(c1)F)c1ccc(cc1)Cl)C.Cl,-4.046664,-4.540784
CCCC(CCC)C[NH2+]Cc1ccccc1.[Cl-],-4.0443397,-3.8147578
CCCCCCC1(CC)C(=O)NC(=S)N=C1[O-].[Na+],-4.0431843,-4.0345516
CN1CCN(CC1)c1nc(c(o1)c1ccccc1)c1ccccc1,-4.041948,-3.946365
COc1ccc(cc1)N(C(=O)c1ccc(cc1)Cl)CCCC(=O)O,-4.041774,-4.807639
N(Cc1ccco1)CC1CCC(CC1)CNCc1ccco1.Cl.Cl,-4.040392,-4.055312
Clc1ccc2c(c1)c(C)cc(n2)OCCCN1CSCC1.Cl,-4.036954,-4.152108
COC(=O)[C@@H]1[C@@H](O)CC[C@H]2[C@@H]1C[C@@H]1N(C2)CCc2c1[nH]c1c2cccc1,-4.0305147,-3.322683
Clc1ccc(cc1)I,-4.03,-3.6115835
CCNCCCC12CC3CC(C2)CC(C1)C3.Cl,-4.0239706,-4.4478884
CNCCCCC12CC3CC(C2)CC(C1)C3.Cl,-4.0239706,-4.486085
CN(CCOC(c1ccc(cc1)Br)c1ccccc1)C.Cl,-4.0200367,-3.9520876
CC[NH+](CCOC(=O)NC(c1ccccc1)c1ccccc1)CC.[Cl-],-4.0144773,-4.3481665
c1ccc(cc1)CN1CCN2C(C1)CCc1c2cccc1.Cl.Cl,-4.009138,-3.9358678
CC(CN1CC[C@@]23[C@H]([C@H]1Cc1c3cc(cc1)O)CCCC2)C.Br,-4.005018,-3.893536
I[Bi](I)I.C=CC1CN2CCC1CC2C(c1ccnc2c1cc(OC)cc2)O.I,-4.000847,-7.2784014
Clc1ccc(cc1)C(c1ccccc1)OCCN1CCOCC1.Cl,-3.999173,-3.949684
OC(=O)c1ccc2c(c1)c(N)c1c(n2)cccc1,-3.9986277,-3.4388845
[O-][N+](=O)c1ccc(cc1)n1cc(nc1C)[N+](=O)[O-],-3.9975536,-3.3454187
CCN1CCCC(C1)OC(=O)C(c1ccccc1)c1ccccc1,-3.9964375,-4.1515827
ClCC[NH+](CCOc1cccc2c1cccc2)CC.[Cl-],-3.9934845,-4.121578
ClCC[NH+](CCOc1ccc2c(c1)cccc2)CC.[Cl-],-3.9934845,-4.1498623
O=C1NCC(C2(O1)CCN(CC2)CCCC(=O)c1ccc(cc1)Cl)C,-3.9915953,-3.6269891
O=C1CC[C@]2(C(=C1)CC[C@@H]1[C@@H]2CC[C@]2([C@H]1CC[C@@]2(C)O)C)C,-3.99,-4.83218
CC(Cc1ccc(cc1)[C@@H](C(=O)O)C)C,-3.99,-3.393176
CCCCOc1nc(OCCCC)cc(c1)C(=O)NN,-3.9883583,-3.270048
COc1c2c(CC[C@@H](c3c2ccc(c(=O)c3)SC)NC(=O)C)cc(c1OC)O,-3.9804113,-4.111438
C[C@@H]1C[C@@H](C(=O)N1c1ccccc1)NCCc1ccccc1.Cl,-3.9780598,-3.4255307
CN(CCOC(c1ccc(cc1)Cl)(c1ccccc1)C)C.Cl,-3.9755442,-4.0193787
OC(CN1CCN(CC1)c1cccc(c1)C(F)(F)F)COc1cccc(c1)C(=O)C.Cl.Cl,-3.974765,-4.148511
CC(=CCN1CC[C@@]2([C@H]([C@H]1Cc1c2cc(cc1)O)C)C)C,-3.9746323,-4.372079
OCCN1CCN(CC1)CC(=O)N1c2ccccc2CCc2c1cccc2.Cl.Cl,-3.9706907,-3.183499
CNCCC(c1ccccc1)Oc1ccc(cc1)C(F)(F)F.Cl,-3.9544811,-4.022045
CCCCCCS(=O)CCCCCC,-3.944799,-4.929217
COCC(=CCN1CC[C@@]23[C@H]([C@H]1Cc1c3cc(cc1)O)CCCC2)C.Cl,-3.9439692,-4.048484
[O-]C(=O)C(c1cccc(c1)Oc1ccccc1)C.[Na+],-3.9434583,-2.8404922
OC(=O)COc1nn(c2c1cccc2)Cc1ccccc1,-3.9340417,-3.402971
Nc1ccc2c(c1)N(C)C(=O)c1c(O2)ccc(c1)C,-3.93,-3.443292
OC(=O)C(=O)O.CNCCC1(OC(c2c1cccc2)(C)C)c1ccccc1,-3.9205456,-4.0518885
O=c1[nH]c(NCCSCc2nc[nH]c2C)ncc1Cc1ccc2c(c1)OCO2,-3.9140432,-3.9670355
CCCCC(c1ccccc1)OC(=O)CCC(=O)O,-3.907584,-3.3458073
OC(CN1CCN(CC1)c1cccc(c1)C(F)(F)F)COc1ccccc1C(=O)C,-3.905614,-3.847115
OC(=O)C(c1ccc2c(c1)nc(o2)c1ccc(cc1)F)C,-3.9050338,-3.902689
CC(NC(c1ccccc1)Cc1ccccc1)C.Cl,-3.9028068,-3.2980332
COP(=O)(Oc1ccc(c(c1)C(C)C)[N+](=O)[O-])OC,-3.8943257,-3.2211144
CCCCCOc1ccccc1C(=O)C,-3.8814983,-3.3058941
O=C(Nc1c(C)cccc1C)OC1CCN(C1)C(C)C,-3.8733048,-4.0279427
O=Cc1ccc(cc1)Oc1ccccc1,-3.8641803,-3.225228
O=C(/C=C/c1ccccc1)CCN1CCN(CC1)c1ccc(cc1)F.Cl.Cl,-3.8629239,-4.0647297
Cc1ccc(cc1)OC(=O)c1ccc(cc1O)N,-3.8614185,-3.4473197
CC(=O)CC(c1c(=O)oc2c(c1O)cccc2)c1ccc(cc1)[N+](=O)[O-],-3.8571875,-4.846282
CCc1nc(N)nc(c1c1ccc(c(c1)Cl)Cl)N,-3.8530166,-3.9195902
C1CN=C(N1)Cc1cccc2c1cccc2.[O-][N+](=O)O,-3.8522956,-3.8459523
C[N+](Cc1ccccc1)(CCOCCC1CCC2CC1C2(C)C)C.[Br-],-3.851322,-4.906055
OCCN(c1c(I)c(C(=O)NCC(CO)O)c(c(c1I)C(=O)NCC(CO)O)I)C(=O)CO,-3.8447297,-3.8444977
CCCCCC,-3.84,-3.402661
ClCCN(c1cc(ccc1C)C(=O)N1CC1)CCCl.O,-3.8394563,-3.6586854
CNC(CC12CC3CC(C1)CC(C2Cl)C3)C.Cl,-3.8380709,-4.120824
CN(CCCNc1c2ccccc2nc2c1c(ccc2)[N+](=O)[O-])C,-3.8366575,-4.689752
Brc1cc(C)c(c(c1)C(=O)NC1CC1)O,-3.8357396,-3.3979084
O=C(Nc1ccc(cc1)[N+](=O)[O-])CN1CCCCC1,-3.8337462,-2.8387084
Oc1ccc2c(c1)[C@]13CCCC[C@]3([C@@H](C2)N(CC1)CC1CCC1)O,-3.829248,-3.963198
CN(C1CCN(C1=O)c1ccccc1)CCc1ccccc1.Cl.O,-3.8241632,-3.2347887
CCCC(c1ccccc1)C(=O)OCCN(CC)CC.Cl,-3.8218832,-3.6720529
FC1=C(F)C(F)(F)C(C(C1(F)F)(F)F)(F)F,-3.8186102,-4.336826
CCCCCCOC(=O)Oc1ccccc1C(=O)O,-3.8168337,-4.369013
COc1c(C/C=C(/CCC(=O)O)\C)c(O)c2c(c1C)COC2=O,-3.816659,-3.992368
OS(=O)(=O)SCCCNCCCCCOC1CCCCCCC1,-3.8148234,-3.3186688
CCC(=O)C(c1ccccc1)(c1ccccc1)CC(N(C)C)C,-3.805032,-4.3211675
Clc1cnc(c(c1)Cl)OCCCCCN1CSCC1.Cl,-3.8045778,-3.8268645
Clc1ccc2c(c1)c(=O)c1c(n2CCC[NH+](C)C)nccc1.[Cl-],-3.8033524,-3.7806582
COC(=O)c1c(C)ccc(c1OCC(=O)OC(CN(C)C)C)C(C)C,-3.8015618,-4.0549316
CCOc1ccc(cc1)NC(=O)c1ccccc1O,-3.8008268,-3.048942
CN1C(=O)CN=C(c2c1ccc(c2)[N+](=O)[O-])c1ccccc1,-3.8,-3.3468306
OCCN1CCN(CC1)CCC(=O)N1c2ccccc2Sc2c1cccc2.Cl.Cl,-3.793083,-3.7654257
c1ccc(cc1)CN(Cc1ccccc1)/C=C/C=C/C=[N+](Cc1ccccc1)Cc1ccccc1.[Cl-],-3.7914689,-5.107315
CC1Nc2cc(Cl)c(cc2C(=O)N1c1ccccc1C)S(=O)(=O)N,-3.7829645,-3.723118
O[C@H]1CC[C@]2([C@](C1)(O)CC[C@@H]1[C@@H]2CC[C@]2([C@]31O[C@@H]3C[C@@H]2c1ccc(=O)oc1)C)C,-3.773315,-3.5210426
CCCCCOCCCCC,-3.76872,-4.359079
CCC(=O)N1C(C)CN(CC1C)C/C=C/c1ccccc1,-3.7668056,-3.562782
OCC(=O)[C@@]1(O)C[C@H](O[C@H]2C[C@H](N)[C@H]([C@@H](O2)C)O)c2c(C1)c(O)c1c(c2O)C(=O)c2c(C1=O)cccc2OC,-3.7667365,-2.9870543
NC1=NCC(O1)CSc1ccc(c(c1)Cl)Cl,-3.7660415,-3.4129589
OC(=O)C(c1ccc2c(c1)nc(o2)c1ccc(cc1)Cl)C,-3.764027,-4.5006084
Cc1ccc(cc1)C(c1ccccc1)OCC[NH2+]N1CCOCC1.[Cl-],-3.762517,-3.106324
CCCCN1CCC(CC1)(OC(=O)CCC)c1cccnc1.Cl.Cl,-3.7539227,-3.2673526
CC([NH+](C)C)CC(c1ccccc1)c1ccccc1.[Cl-],-3.741183,-3.0386984
CCCCN1CCC(CC1)(OCC)c1ccccc1.Cl,-3.7384236,-3.6207159
O=Nc1c(C)nn(c1C)c1ccccc1,-3.735489,-2.5060267
CCN(CCOC(c1ccccc1)c1ccccc1)CC.Cl,-3.7282765,-4.170951
COc1ccc2c(c1)[C@]13CCCC[C@H]3[C@@H](C2=O)N(CC1)C,-3.7270803,-3.3451061
COc1cc(CCNCC2CCc3c(N2)cccc3)ccc1OC.Cl.Cl,-3.7199755,-3.8698742
ClC(C(F)(F)F)C(F)(F)F,-3.7179663,-3.412785
FC1(F)C(F)(F)C(C1(F)Cl)(F)Cl,-3.7082682,-4.452673
Cc1cccc2c1cccc2,-3.7,-3.6604483
OC(=O)[C@H](c1cccc(c1)C(=O)c1ccccc1)C,-3.7,-2.903836
OC(=O)C(c1cccc(c1)C(=O)c1ccccc1)C,-3.6977506,-2.903836
OCC(=O)[C@@]1(O)[C@H](O)C[C@@H]2[C@]1(C)C[C@H](O)[C@]1([C@H]2CCC2=CC(=O)C=C[C@]12C)F,-3.69289,-3.329275
Brc1ccc(c(c1)C(=O)O)Br,-3.6817303,-3.7140043
OC(=O)C(c1ccc(cc1)Cl)Cc1ccco1,-3.6806145,-3.1889818
O=C(NS(=O)(=O)c1ccc(cc1)C)NN1CCCCCC1,-3.68,-3.7678988
CCN1C(=O)c2ccccc2Oc2c1cccc2,-3.68,-3.4996045
CCCC1(CCN(C1)CCc1ccc(cc1)N)c1cccc(c1)O,-3.6799421,-3.6648393
C[NH+]([C@H]1CC[C@H](c2c1cccc2)c1ccccc1)C.[Cl-],-3.6788201,-3.3794568
O=C1CN=C(c2c(N1)ccc(c2)Cl)c1ccccc1,-3.6770203,-3.4188015
C1CCCCN(CCC1)/C=C/C=C/C=[N+]1CCCCCCCC1.[Cl-],-3.6767747,-3.852624
CCOC(=O)C1=C(C)NC(=C(C1c1cccc(c1)[N+](=O)[O-])C(=O)OC)C,-3.669014,-3.4792044
CCN(CCNC(c1ccccc1)C(=O)OCCC(C)C)CC.Cl.Cl,-3.668999,-3.9504015
CCC(=O)C(c1ccccc1)(c1ccccc1)CC(N1CCOCC1)C,-3.6657856,-4.2290535
Brc1cc(Br)cc2c1oc(=O)[nH]2,-3.6639664,-3.3028123
SCCNCCCCCOc1ccc(cn1)Br.Cl,-3.6623662,-3.6321683
CCCCOc1ccc(cc1OCC)/C=C/C(=O)NO,-3.6622233,-3.220289
CN(CCn1c2ccccc2n(c2c(c1=O)cccc2)C)C.Cl,-3.6588025,-3.8222258
CCC(=O)N1CC2CCC(C1)N2C/C=C/c1ccccc1,-3.6559746,-3.5182498
NC1=NCC(O1)CN1CCN(CC1)c1ccc(c(c1)Cl)Cl,-3.650379,-3.0972538
CN(c1ccc(cc1)/C=N/c1ccccc1C(=O)O)C,-3.64905,-3.9275
C[N+]1(CCCC1)CCC(c1ccccc1)(C1CCCCC1)O.[Cl-],-3.6485875,-4.814101
CC(=O)N(c1ccc(cc1C)/N=N/c1ccccc1C)C(=O)C,-3.647057,-4.778961
OC(=O)Cc1ccc2c(c1)sc(n2)c1ccccc1,-3.6463618,-3.7529004
N[C@H](C(=O)O)CCCCNCNC(=O)C1=C(O)[C@@]2([C@H]([C@@H](C1=O)N(C)C)C[C@H]1C(=C(O)c3c([C@@]1(C)O)cccc3O)C2=O)O,-3.6427045,-1.9948528
N#CC(=NNc1ccccc1[N+](=O)[O-])C#N,-3.6370416,-3.2190247
FC1C(F)(F)C(C(C1(F)F)(F)F)F,-3.634175,-3.8448186
CCCCCCCCCCO,-3.63,-3.636034
O[C@H]([C@H](C(=O)O)O)C(=O)O.CCOC(=O)CCN1CC[C@@]23[C@H]([C@H]1Cc1c3cc(cc1)O)CCCC2,-3.6288757,-3.0815396
CCCC(COC(=O)N)(COC(=O)N(CC)CC)C,-3.6267474,-3.4771564
CCC(c1cccc2c1cccc2)(C(=O)N)CCN1CCOCC1,-3.6250625,-3.6507957
CC[NH+]1CCc2c3[C@H]1Cc1ccc(c(c1c3ccc2)O)O.[Cl-],-3.62193,-3.5605824
CCN(CCCOC(=O)C(c1ccccc1)(c1ccccc1)O)CC.Cl,-3.615018,-3.1486511
CCCC(COC(=O)N)(COC(=O)NCC(=C)C)C,-3.613606,-3.4556
CCCNCC(COc1ccccc1C(=O)CCc1ccccc1)O.Cl,-3.6075056,-3.3095243
OCC(C(=O)N1CC2CCC(C1)N2C)(c1ccccc1)c1ccccc1,-3.5942762,-3.4717405
O=S1(=O)NC(Cc2ccccc2)Nc2c1cc(c(c2)C(F)(F)F)S(=O)(=O)N,-3.59128,-4.3321333
O=C(c1ccccc1O)Nc1ccccc1,-3.59,-2.8208504
N#CC(=NNc1ccc(cc1)Cl)C#N,-3.5887194,-3.391214
c1ccc(cc1)CN1CCCC1c1c[nH]c2c1cccc2,-3.5865984,-3.6859431
CC(=O)Oc1c(C(=O)O)c(OC(=O)C)c(c(c1Cl)C)Cl,-3.584962,-3.4944196
OCCN(c1ccccc1)Cc1ccc2c(n1)cccc2,-3.5824676,-4.0421057
N#CC(=NNc1cccc(c1)Cl)C#N,-3.5801594,-3.427276
CSc1nc2c(o1)ccc(c2)Cl,-3.576818,-3.183696
C[N+]1(CCCCCC[N+]2(C)CCOCC2)CCOCC1.[I-].[I-],-3.571242,-3.792016
C[NH+](CCOC(c1cccc(c1)Cl)c1ccccc1)C.[Cl-],-3.560289,-3.6602159
COC(=O)Nc1nc2c([nH]1)cc(cc2)C(=O)c1cccs1,-3.555784,-3.0221195
COc1ccccc1C1CCC2N(C1)CCCC2,-3.5515952,-3.4618058
CN(CC=C(c1ccc(cc1)F)c1ccc(cc1)F)C.Cl,-3.5505438,-3.4981236
CCCCCCCCCCC(=O)O,-3.55,-3.810768
CC(c1ccc(c(c1O)C(C)C)C)C,-3.5444114,-4.256238
[O-][N+](=O)c1cccc2c1cccc2,-3.54,-2.9960046
CCC[C@@H]1C(=O)n2n(C1=O)c1cc(C)ccc1nc2N(C)C,-3.54,-3.151386
OC(=O)C(CC(=O)O)(CC(=O)O)O.CN(CCOc1ccccc1Cc1ccccc1)C,-3.5368342,-3.647472
ICCn1c(C)ncc1[N+](=O)[O-],-3.5360348,-3.1076074
CCC(COC(=O)N(C)C)(COC(=O)N(C)C)CC,-3.5357757,-3.27706
Cc1cccc(c1)Br,-3.52,-3.1981683
CON(C(=O)Nc1ccc(c(c1)Cl)Cl)C,-3.52,-3.1369023
CCCCCCC(=O)c1ccc(cc1)N.Cl,-3.5129788,-3.2616088
CCCC(COC(=O)N)(COC(=O)Nc1ccco1)C,-3.5063615,-3.4400685
CCNCCC12CC3CC(C2)CC(C1)C3.Cl,-3.505683,-3.8545892
C=CCNC(=O)OCC(C(CC)C)(COC(=O)N)C,-3.5026457,-3.241002
COc1ccc(cc1)C1C(=O)c2c(C1=O)cccc2,-3.5000787,-3.2989962
CCS(=O)(=O)c1ccc(c2c1cccc2)S(=O)(=O)N,-3.4932883,-2.6077938
CCC[C@@H]1CO[C@](O1)(Cn1cncn1)c1ccc(cc1Cl)Cl,-3.49,-3.994603
OC(COc1cccc2c1cccc2)CNC(C)C	,-3.49,-2.3495083
CCCCC1(CC)C(=O)N=C(N(C1=O)CCC)[O-].[Na+],-3.4655087,-3.5368316
CCCN1CCN(CC1C(=O)Nc1c(C)cccc1C)CCC.ON=O.ON=O,-3.465154,-4.352727
CCCCOc1cc(ccc1N)C(=O)OCCN(CC)CC,-3.4646597,-3.6478422
CC([NH2+]CCOC(c1ccccc1)c1ccccc1)C.[Cl-],-3.460197,-3.8576176
Ic1[nH]c(c(c1I)I)I,-3.46,-6.7981386
O=C(CN1CCN(CC1)CCc1ccccc1)NN=Cc1ccc(o1)[N+](=O)[O-],-3.455605,-3.7382693
Fc1ccc(cc1)S(=O)(=O)Nc1ccccc1,-3.4522257,-3.5499787
O=C(c1ccccc1O)NC1CCCCC1,-3.440094,-2.5619385
Cc1cc(OCCCCCNCCSS(=O)(=O)O)nc2c1cccc2,-3.4387784,-3.5512702
C[NH+](CCCC1(c2ccccc2)[NH+](C)Cc2c1cccc2)C.[Cl-].[Cl-],-3.4379847,-3.1923277
CCNc1nc(OCC)nc(n1)CC,-3.4366941,-3.3305767
CC(Oc1ccc(cc1)C(=O)CCN1CCCCC1)C.Cl,-3.4332478,-3.50646
CCO[C@@H]1Oc2c(C1(C)C)cc(cc2)OS(=O)(=O)C,-3.42,-2.4383235
OC(C(COC(=O)N)(Cl)Cl)c1ccc(cc1)Cl,-3.4181035,-3.1221046
C[NH2+]C1CC[C@@](c2c1cccc2)(C#N)c1ccccc1.[Cl-],-3.4147031,-3.6322765
CCCC(CCC1(C)OC(=O)[N-]C1=O)C.[Na+],-3.4072866,-3.4677675
COc1cc(cc(c1OC)OC)C(=O)OCCCN(CCN(CCCOC(=O)c1cc(OC)c(c(c1)OC)OC)C)C,-3.4043517,-4.32045
COc1cc(ccc1OC)C1CCC2N(C1)CCCC2,-3.3985586,-3.5531313
Fc1ccc(cc1)C(=O)CCCN1CCN(CC1)c1ccccn1,-3.3978114,-2.724956
CCCC1(CC[NH+](CC)CC)C(=O)Oc2c1cc(C)cc2.[Cl-],-3.39248,-4.5440736
COc1ccc(cc1Cc1cnc2c(c1C)c(N)nc(n2)N)OC,-3.3918064,-3.296481
COc1ccccc1N1CCN(CC1)CCCNc1cc(=O)n(c(=O)n1C)C,-3.391249,-3.1836896
CCCCCCCC(=O)OCC,-3.39,-3.491738
CNCCC12CC3CC(C1)CC(C2Cl)C3.Cl,-3.3845623,-3.7824268
O=C(CN1CCN(CC1)c1ccccc1)N/N=C\c1ccc(o1)[N+](=O)[O-],-3.3828564,-3.4931483
O=C1NC(=O)N(C1)/N=C/c1ccc(o1)[N+](=O)[O-],-3.38,-2.7740726
C=CCN1CCCCC1Cc1ccccc1.Cl,-3.3757465,-2.1625447
ON=C(c1ccccc1)c1ccccc1,-3.3726783,-3.5975792
CCCc1ccccc1,-3.37,-3.3163292
O[C@H]1CC[C@]2([C@H](C1)C[C@@H]([C@@H]1[C@@H]2C[C@@H](O)[C@]2([C@H]1CC[C@@H]2[C@H](CCC(=O)O)C)C)O)C,-3.37,-4.1084576
C1CCN2C(C1)CCC(=C2)c1ccccc1,-3.3666704,-3.4480367
CNC(=O)c1cccc(c1OC)c1ccccc1,-3.36135,-3.083976
CCC[C@@H](C1(CC)C(=O)NC(=S)NC1=O)C,-3.36,-3.0750306
CCCCCCn1c(=O)c2n(C)cnc2n(c1=O)C,-3.3588114,-2.5854735
O=C[C@@]12CC[C@@H](C[C@@]2(O)CC[C@@H]2[C@@H]1CC[C@]1([C@]2(O)CC[C@@H]1C1=CC(=O)OC1)C)O[C@H]1C[C@H](O)[C@@H]([C@H](O1)C)O,-3.3524027,-3.5913596
CCCCOc1c(OC)cccc1C(=O)OCC[NH2+]C(C)C.[Cl-],-3.3513846,-3.844987
OC(=O)Cc1ccc2c(c1)s/c(=C\1/C=CC=C(C1=O)C)/[nH]2,-3.3426316,-3.4131634
CCCOc1ccc(cc1C)C=CC(=O)NO,-3.3422067,-2.9980512
Cc1n(C)c(=O)n(c(=O)c1Br)Cc1ccccc1,-3.3378992,-2.8365502
COc1ccc(cc1)CCCCN1CCSC1C.Cl,-3.3368094,-3.643637
O=C1CN(C(=O)N1)/N=C/c1ccc(o1)c1ccc(cc1)[N+](=O)[O-],-3.3335273,-3.3873017
O=C1C[C@@H]2OCC=C3[C@H]4[C@@H]2[C@@H]2N1c1ccccc1[C@]12CCN([C@H]1C4)C3	,-3.33,-3.5032256
CCN1CCCC(C1)OC(=O)Nc1ccc(cc1)C#N,-3.326107,-2.9552734
ClCCN(c1ccc(cc1)O)CCCl,-3.3241155,-3.3215115
CCCCCCCCCC(NCCSS(=O)(=O)O)C,-3.3173654,-3.318269
CCCc1cccc(c1O)CCC,-3.3131213,-3.507655
COC(=O)c1c(C)ccc(c1OCCN(C)C)C(C)C,-3.3126564,-3.5178196
CCc1nc(N)nc(c1c1ccc(cc1)Cl)N,-3.3118393,-3.5402176
O=C1C(=O)c2c3c1cccc3ccc2,-3.3055785,-2.1843276
Oc1ccc2c(c1)ccc(c2)Br,-3.3031163,-3.660788
CC1CCCC1,-3.3,-3.2444246
CC1CCC(N1C)CC[N+]1(C)CCCC1C.[I-].I,-3.2994206,-0.6565746
CCCCc1ccc(cc1)OCC(CO)O,-3.2977507,-3.2619312
CCN1CCN=C1Nc1ncc(s1)[N+](=O)[O-],-3.2975678,-2.4484255
CCCCOc1ccc(cc1)/C=C/C(=O)NO,-3.2960436,-3.184795
O=C(c1ccc(c(c1O)O)O)c1cc(O)c(c(c1)O)O,-3.2845142,-2.3686368
OCCN1CCN(CC1)CC(COc1c(ccc(c1C(=O)OC)C)C(C)C)O,-3.2843063,-2.4318159
OCC(COc1cc(ccc1C)C(C)C)O,-3.2826433,-2.9097297
CNC(=O)c1c(cccc1c1ccccc1)OCC(=O)[O-].[Na+],-3.2807097,-1.3648708
c1ccc(cc1)N1CCN(CC1)Cc1ccc2c(n1)cccc2.Cl.Cl,-3.278898,-3.43434
CC(c1ccc(cc1)Cl)(CC(O)(C)C)O,-3.2779493,-2.6473622
CN1CC[C@@]23[C@H]([C@H]1Cc1c3cccc1)CCCC2,-3.272108,-3.6959236
Clc1ccc(cc1)Cl,-3.27,-2.9309685
CC(/N=C(/N=C(/Nc1ccc(cc1)Cl)\N)\N)C.Cl,-3.2695608,-2.2704353
OCC(c1ccc(cc1)Br)C(=O)OC1CC2CCC(C1)N2C,-3.2673144,-2.9906638
O=C(C(Cl)Cl)Nc1ccccc1C(=O)C,-3.258509,-2.748639
OC(=O)/C=C/c1c(Cl)cccc1Cl,-3.2573686,-2.958404
CC(C(c1ccccc1)c1ccccc1)CN(C)C.Cl,-3.244685,-3.9454048
CNCC=C(c1ccccc1C)c1ccccc1.Cl,-3.2415402,-2.95975
FCCCCI,-3.240917,-2.9221568
OCC(=O)[C@H]1CC[C@@H]2[C@]1(C)C[C@@H](O)[C@H]1[C@H]2CCC2=CC(=O)CC[C@]12C,-3.24,-3.633376
CCCCN1CCC(CC1)(OC(=O)CC)c1ccccn1.Cl.Cl,-3.2360106,-2.6798115
CCCCN1CCC(CC1)(OC(=O)CC)c1cccnc1.Cl.Cl,-3.2360106,-2.793532
COc1ccc(cc1)c1cc(=O)c2c(o1)cc(cc2)O,-3.2326694,-3.2763612
S=C1[N-]C(=O)C2(C(=O)N1)C(C)CC(C2C)C.[Na+],-3.2256787,-2.8839478
N/C(=N\CC1CCCCCC1)/CSS(=O)(=O)O,-3.225063,-3.267519
O=C1NCCN1c1ncc(s1)[N+](=O)[O-],-3.22,-2.2730985
OC(=O)C(c1ccccc1)c1ccccc1,-3.22,-2.6966004
[O-][N+](=O)c1cc([N+](=O)[O-])c(c(c1)[N+](=O)[O-])C,-3.22,-3.238745
NC(=O)C(c1ccccc1)(CCN1CCCCC1)C,-3.2142122,-3.173311
CN(CCc1ccc(c(c1)OC1CCCCC1)O)C,-3.2137585,-2.5924628
C=CCc1cccc(c1OCC(CO)O)C,-3.2133694,-2.2908595
Cn1c(C)c(N2CCCC2)c(=O)n(c1=O)c1ccccc1,-3.2113438,-2.894478
C[NH+]([C@@H](c1ccccc1)Cc1ccccc1)C.[Cl-],-3.208443,-1.889261
COc1cc(cc(c1C(=O)OC(C)C)OC)Cc1cnc(nc1N)N,-3.19458,-3.585295
O1CCN(CC1)[NH2+]CCOC(c1ccccc1)c1ccccc1.[Cl-],-3.19436,-3.2012568
CCCC(C(NC(=O)C)C)CCC,-3.18872,-3.1208441
C[NH+](C(C=C(c1cccs1)c1cccs1)C)C.[Cl-],-3.1869056,-2.9225137
OC(=O)C(=O)O.CCCCOc1c(OC)cccc1C(=O)NCCN(C)C,-3.186876,-2.6585448
CCCCNc1ccc(c(c1)O)C(=O)OCCN(C)C,-3.1829107,-2.1921916
CCC(C)C,-3.18,-2.9644938
CCCCNC(=O)OCC(COC(=O)N)(CC)C,-3.1749816,-3.2011757
CCP(=O)(Oc1ccc(cc1)[N+](=O)[O-])OCC,-3.1730824,-3.437875
S=C=NCCc1ccccc1,-3.1714287,-3.0831156
CCCCCCCCC=O,-3.17,-3.5363288
OCCN(CC1CCc2c(N1)cccc2)CCc1ccccc1,-3.1676967,-3.4103777
OC(CN1CCN(CC1)c1ccccc1)COc1ccc(cc1C)C(=O)C,-3.1581705,-3.317119
OC(CN1CCN(CC1)c1ccc(cc1)C)COc1cccc(c1)C(=O)C,-3.1581705,-3.2709188
OCC/C(=C(/N(Cc1cnc(nc1N)C)C=O)\C)/SSCCC,-3.1513526,-1.7984657
O=C(Nc1ccccc1)Nc1ccccc1,-3.15,-3.4646122
ClCCN(Cc1ccccc1)Cc1ccccc1.Cl,-3.1479719,-3.5404625
C1CCC(CC1)CN1CCCCC1.Cl,-3.1476884,-3.500104
NC(C(c1ccccc1)(c1ccccc1)O)c1ccccc1,-3.143402,-3.5052774
CCCOc1ccc(cc1OCC)C=CC(=O)NO,-3.1404507,-2.848988
O=C(C1=C(C)OCCS1)Nc1ccccc1,-3.14,-2.6818733
NC(=O)OC(COc1ccccc1C)COC(C)C,-3.1392379,-2.6919227
CCCC(C(C(COC(=O)N)CC)OC(=O)N)C,-3.1344976,-3.2529294
Fc1ccc(cc1)I,-3.13,-2.9564092
C/C=C/c1ccc(cc1)OC,-3.13,-3.3788455
C=CCOc1ccc(cc1Cl)CC(=O)O	,-3.13,-2.93357
CN(CCC(c1cccc2c1cccc2)(C(=O)N)C)C,-3.128772,-3.2983556
CCCCN1CCC(CC1)(OC(=O)C)C1CCCCC1.Cl,-3.1275394,-4.4851465
FC(C(Cl)(F)F)(Cl)F,-3.12,-3.1426897
CCC(=O)c1ccc(cc1)OCC(CN1CCN(CC1)c1ccccc1)O,-3.1100442,-3.0026991
CCC1(CCc2ccccc2)C(=O)[N-]C(=O)NC1=O.[Na+],-3.1082497,-2.805114
O=C(Nc1ccccc1)CN1CCCCC1,-3.1075842,-1.9352214
OCC(COc1cc(C)c(c(c1)C)Cl)O,-3.1029537,-2.9309633
OCCN(C(CC12CC3CC(C2)CC(C1)C3)C)C.Cl,-3.1012645,-3.7645385
COc1cc2c(cc1O)C[C@H]1c3c2c(OC)c(O)cc3CCN1C,-3.1007473,-3.1671255
CCOc1ccc(cc1)CC(=O)N1CC2CCC(C1)N2C,-3.098254,-2.9388204
OC(=O)C(c1ccc(cc1)C(=O)c1cccs1)C,-3.0953395,-2.2595096
Clc1cc(C)c2c(c1)SCC2=O,-3.0939991,-2.6973798
Oc1ccc(cc1)C(C(N1CCC(CC1)Cc1ccccc1)C)O,-3.0930269,-3.4156208
OC(c1ccccc1)(c1ccccc1)C1CCCCN1,-3.0850883,-2.897189
O=C(c1ccc(cc1)I)NCC(=O)O,-3.0816238,-2.8451805
OC(=O)Cc1cccc(c1)c1ccccc1,-3.081331,-2.9632273
Nc1ccc(cc1)Oc1ccccc1,-3.0801811,-3.132474
ClCCN(C(=O)N[C@H]1[C@H](OC(=O)C)[C@@H](COC(=O)C)O[C@H]([C@@H]1OC(=O)C)OC)N=O,-3.0800903,-3.0368493
CCCSCCCCCCN1CCSC1.Cl,-3.078443,-3.018096
OC(=O)c1cc(C)cc(c1)C,-3.0748563,-2.4611785
CCN(CC(=O)Nc1c(C)cc(cc1C)C)CC,-3.0701997,-3.697595
Ic1ccc(nc1)OCCCN1CSCC1.Cl,-3.0688334,-2.7559967
COc1ccc(cc1)CN(c1ccccn1)CCN(C)C,-3.0662742,-3.219646
OCC(=O)[C@@]1(O)CC[C@@H]2[C@]1(C)CC(=O)[C@H]1[C@H]2CCC2=CC(=O)C=C[C@]12C,-3.0602546,-3.3192432
Clc1ccc(c(c1)C)C1(OC1Cl)C(=O)N,-3.0586503,-2.9437137
Clc1ccc(cc1)C1[NH2+]CC[NH2+]Cc2c1cccc2.[Cl-].[Cl-],-3.0543895,-3.8410268
ClCC[NH+](CCOc1ccc(cc1)C)CC.[Cl-],-3.0534487,-3.093971
COc1ccc2c(c1O)[C@]13CCCC[C@H]3[C@@H](C2)N(CC1)C,-3.0485582,-2.7291093
Clc1ccc(nc1)SCCCCN1CSCC1.Cl,-3.0469146,-2.9000235
CN(CCOc1cc(C)ccc1C(C)C)C,-3.0440378,-2.8014154
C1Cc2c(C1)cccc2,-3.04,-2.8065882
Clc1cccc(c1)Cl,-3.04,-2.940991
C#CCOC(c1ccccc1)(c1ccccc1)C(=O)OCCN(C)C.Cl,-3.0374346,-3.4285028
CC(c1ccc(cc1)C(=O)O)C,-3.0364068,-2.699208
c1ccc(cc1)CCNCc1ccc2c(n1)cccc2.Cl.Cl,-3.0354388,-3.0748763
CCN1CC[C@@]23[C@H]([C@H]1Cc1c3cc(cc1)O)CCCC2.Br,-3.0337148,-3.0807073
C=C[C@]12CN([C@H]3[C@@H]2[C@]2([C@H]4C[C@@H]1[C@@H]3CO4)C(=O)Nc1c2cccc1)C,-3.0324442,-3.8286135
O=C(Nc1ccccc1Cl)Nc1ncco1,-3.02762,-2.5116372
COc1ccc(cc1)CN(c1nccs1)CCN(C)C.Cl,-3.0215485,-3.1824872
CCCCN1CCC(CC1)(OC(=O)CC)Cc1cccc(n1)C.Cl.Cl,-3.0197237,-3.6743023
COC(=O)/C(=C/c1ccccc1)/C#N,-3.0146227,-2.4950213
CCCCC1(CC)C(=O)NC(=NC1=O)[S-].[Na+],-3.0039954,-2.7079654
OC(=O)C(c1ccccc1)Oc1ccccc1,-3.0004702,-2.8088071
C1CN=C(N1)Nc1cccc2c1CCCC2.Cl,-2.9978628,-2.0245018
CN(CCOc1cc(C)c(cc1C(C)C)OC(=O)C)C.Cl,-2.9902618,-3.6384814
CSc1c(Cl)nc(nc1N1CCN(CC1)C)NC(C)(C)C,-2.985616,-3.060999
CCCCCCCC(O)(C)C,-2.984596,-3.2306077
O=C(C(c1ccccc1)(c1ccccc1)O)OCC[NH+]1CCCC1.[Cl-],-2.9845166,-3.4685197
ClCCN(C(=O)NC1CCCC=C1)N=O,-2.9828715,-3.2105138
C=CCn1c(=O)n(c2ccccc2)c(c(c1=O)N(C)C)C,-2.972214,-2.4261408
C#CCNC(=O)/C(=C(\c1ccccc1)/C)/C,-2.9710152,-2.6320562
FC(c1cc2NCNS(=O)(=O)c2cc1S(=O)(=O)N)(F)F	,-2.97,-2.878634
CN(/N=N/c1cccc(c1)[N+](=O)[O-])C,-2.9662235,-3.0982819
Nc1c2CCCCc2nc2c1cccc2,-2.961797,-2.674796
OP(=O)(O)O.OP(=O)(O)O.NCCCC(Nc1cc(OC)cc2c1nccc2)C,-2.9533288,-2.8709853
CCC(=O)N(c1ccccc1)C(CN1CCCCC1)C,-2.946335,-3.6768079
CCCCNc1ccccc1OC,-2.9430099,-3.2498147
CCCOc1cc(N)ccc1C(=O)OCCN(CC)CC,-2.9425912,-3.1681826
CC(COC(=O)c1ccc(cc1)O)C,-2.9380684,-2.5123754
C=CCOc1ccccc1C(=O)NCC,-2.9375496,-2.3476279
CN(CCOc1cc(C)c(cc1C(C)C)OC(=O)C)C,-2.9371274,-3.493697
O=C(c1cccnc1)Nc1c(=O)n(n(c1C)C)c1ccccc1,-2.930923,-2.9055576
CN1CC(c2ccccc2)c2c(C1)c(N)ccc2,-2.9308043,-2.7033305
COC(=O)NC1CCCc2c(C1)c(O)c(c(c2)OC)OC,-2.926247,-2.1297054
O=C(C(c1ccccc1)C(=O)O)N[C@@H]1C(=O)N2[C@@H]1SC([C@@H]2C(=O)O)(C)C,-2.9237735,-2.8504164
OC(=O)C(NS(=O)(=O)c1ccccc1)Cc1ccccc1,-2.9236937,-3.4973037
CCCOc1ccc(cc1N)C(=O)OCCN(CC)CC.Cl,-2.9208446,-3.5433745
Clc1ccc(cc1)[N+](=O)[O-],-2.92,-2.3803532
Cc1cc(OCCCCNCCSS(=O)(=O)O)nc2c1cccc2,-2.917489,-3.2220337
CCC(c1ccc(cc1)Cl)(CO)CO,-2.9151692,-2.3326252
COc1ccc(cc1)/C=C/c1cc(OC)cc(=O)o1,-2.914873,-3.4687572
Clc1cccc(c1)N1CCN(CC1)CC1CN=C(O1)N,-2.9128382,-2.4255457
CN1CCCC1c1c[nH]c2c1cc(Br)cc2,-2.9080667,-2.8625703
[O-]C(=O)C(Oc1ccc(cc1)Cl)(C)C.[O-]C(=O)C(Oc1ccc(cc1)Cl)(C)C.[Al+3].[OH-],-2.9075947,-4.7207894
COc1cc(OCCCN2CSCC2)nc2c1cccc2,-2.9071147,-3.4153192
CC1CCCCN1CCOCCOC(=O)c1ccccc1,-2.9045694,-3.0422606
FCCCCCCS,-2.9038174,-2.302544
OC(C[NH+]1CCC(CC1)(O)c1ccccc1)COc1ccccc1C(=O)C.[Cl-],-2.8941097,-2.4567094
BrCCC(C)C,-2.89,-2.9125915
CN(c1c(=O)[nH]c(=O)n(c1C)C1CCCCC1)C,-2.8896992,-2.5338979
CSCCC(C(=O)O)Nc1ccc(cc1[N+](=O)[O-])[N+](=O)[O-],-2.88594,-3.334582
Nc1ccc(cc1)C(=O)N(c1ncccc1C)C,-2.884236,-2.0394592
COc1cc(cc(c1OC)OC)C(=O)NCc1ccc(cc1)OCCN(C)C.Cl,-2.8808975,-3.2024546
COc1cccc(c1)N1CCN(CC1)CC(COc1cccc(c1)C(=O)C)O,-2.8755994,-2.8507166
CCC(=O)OC1(C[C@H](C)N(C[C@H]1C)C)c1ccccc1,-2.8738675,-3.49307
CCCCOc1ccc(cc1)CC(=O)O,-2.8714416,-3.1691806
N#Cc1ccccc1Br,-2.8693607,-2.6710315
CCCCOCCNc1ccccc1C(=O)N,-2.8629463,-2.4632542
CCn1c2ncccc2n(c(=O)c2c1nccc2)CC,-2.86,-3.3176997
CC(=C)CNc1ccc(cc1)C(C(=O)O)C,-2.8545763,-2.8274949
O=C1NCNC1(c1ccccc1)c1ccccc1,-2.8525798,-1.9171735
Oc1ccc(cc1)NC(=O)c1ccccc1O,-2.849468,-2.753602
FC(Oc1cccc(c1)NC(=O)c1ccncc1)F.Cl,-2.8487093,-2.9407876
O[C@H]([C@H](C(=O)O)O)C(=O)O.C=CCN1CC[C@@]23[C@H]([C@H]1Cc1c3cc(cc1)O)CCCC2,-2.8355863,-2.7990758
CCN1CCCC(C1)OC(=O)Nc1ccc(cc1)C(=O)C,-2.830484,-2.9489381
Clc1ccc2c(c1)[nH]c(=O)o2,-2.83,-1.8424093
COc1ccc2c3c1O[C@@H]1[C@@]43CCN([C@H](C2)[C@@H]4CC[C@@H]1OC(=O)C)C,-2.8282592,-2.9777203
C=Cc1ccccc1,-2.82,-2.9671588
CC(c1ccc(cc1)O)(c1ccc(cc1)O)C,-2.82,-3.4247997
O=C(c1ccc(cc1)O)c1ccc(cc1)O,-2.8199131,-2.5657349
ClCC[NH2+]CCSc1ccccc1C.[Cl-],-2.8124633,-3.120254
OC(=O)[C@@H]1N2C(=O)[C@H]([C@H]2SC1(C)C)NC(=O)C1(N)CCCCC1,-2.8083656,-2.1061416
CC(Cc1ccccc1)NNC(=O)c1noc(c1)C,-2.8031573,-2.6907659
Clc1cccc(c1)OC(C(=O)O)(C)C,-2.800242,-2.6822195
CCCOc1ccc(cc1Cl)CC(=O)NO,-2.7968829,-2.7787585
CCCCCCCC(NCCSS(=O)(=O)O)CC,-2.795839,-2.715832
OC(CN1CCN(CC1)c1ccccc1)COc1ccccc1C(O)C,-2.795382,-3.136303
COc1cc(ccc1OC)N1CCN(CC1)CC(COc1cccc(c1)C(=O)C)O.Cl.Cl,-2.792479,-3.063775
CC(C(Cc1ccc(cc1)Cl)(O)C)CN(C)C,-2.788366,-2.6407056
CCC(=O)N1OCc2c(C1)ccc(c2)[N+](=O)[O-],-2.774539,-3.036499
Clc1ccc(c(c1)Cl)CN(S(=O)(=O)N)C,-2.771967,-2.03814
CC(C1(C(C)C)C(=O)NC(=O)NC1=O)C,-2.77,-2.0143168
CN1CC[NH+](CC1)CCCN1C(=O)C(C)Oc2c1cc(Cl)cc2.[Cl-],-2.7663689,-2.5237303
CN(C(=O)c1cccc(c1O)c1ccccc1)C,-2.7624032,-2.879565
CC(CCN1CCN2C(C1)CCc1c2cccc1)(O)C,-2.752655,-3.050275
Clc1ccc(c(c1)c1nc(N)nc(n1)N)Cl,-2.7507632,-2.9514642
Cc1ccc(c(c1)O)[N+](=O)[O-],-2.7505112,-2.0427592
CCN[C@H](Cc1cccc(c1)C(F)(F)F)C,-2.749207,-2.7687645
CCCCNc1c(C)n(C)c(=O)n(c1=O)c1ccccc1,-2.7392654,-3.1267967
CC(C(c1ccccc1)(C(=O)N)CCN(C)C)C,-2.739001,-2.759355
CN1Cc2cc(Cl)ccc2CO1,-2.7350388,-2.5973125
COc1cc(Cc2cnc(nc2N)N)cc(c1C#N)OC,-2.73309,-2.7375839
CC(CCNCCSS(=O)(=O)O)CCCC(C)C,-2.7330835,-2.766718
ClCCN(P1(=O)OCCCN1CCCl)CCCl,-2.7329888,-2.780831
CCN(/N=C\C(=O)c1ccc(cc1)[N+](=O)[O-])CC,-2.731089,-3.0882149
NC1=NC(N(C(=N1)N)OCc1ccc(c(c1)Cl)Cl)(C)C,-2.7153254,-2.7631752
S=C1NC(=S)NC1(c1ccccc1)c1ccccc1,-2.711197,-4.2520914
CCN(CC(C(=O)c1ccccc1)(C)C)CC.Cl,-2.7109036,-2.9506333
CN1CCN(C(C1)C(=O)Nc1c(C)cccc1C)C.ON=O.ON=O,-2.7106051,-2.311088
C#CCNCC(COc1c(ccc(c1C(=O)OC)C)C(C)C)O,-2.7091517,-2.719001
CC(NNC(=O)COc1ccc(cc1)Cl)C,-2.6959438,-2.4759734
CC(c1cc(C(=O)[O-])c(cc1O)C)C.[Na+],-2.6934056,-2.1239588
CCN(CC(=O)N1C(C)(C)C=CC1(C)C)CC,-2.6906245,-2.902897
OC(c1cccc2c1cccc2)CN1CCCCC1.Cl,-2.686239,-2.6608222
c1ccc2c(c1)ccc1c2nccn1,-2.68,-3.0393863
c1cnc2c(c1)ccc1c2cccn1,-2.68,-2.347564
CNCC=C(c1ccccc1)c1ccccc1.Cl,-2.6750283,-2.4462073
CCCCC(COC(=O)N)(COC(=O)N)CC,-2.674639,-2.9685094
n1ccc(cc1)CCc1c[nH]c2c1cccc2.Cl,-2.6733062,-2.2090404
Oc1ccc(c(c1Cl)Cl)Cl,-2.67,-2.7499242
CCC(OC(=O)c1ccccc1C(=O)O)(C#C)C,-2.6669576,-3.6320956
CCOC(=O)C(OC(=O)C)(CC(=O)OCC)CC(=O)OCC,-2.6652782,-2.9628172
O=C(NP(=O)(N1CC1)N1CC1)NC1CC(C)(C)N(C(C1)(C)C)[O],-2.662377,-2.0085893
O=C(c1cccnc1)Nc1cccc(c1C)C.Cl,-2.6606092,-2.33111
CCC[C@H](C1(CC=C)C(=O)[N-]C(=O)NC1=O)C.[Na+],-2.6595476,-2.5543523
CCN1C(CCC1(C)C)c1c[nH]c2c1cccc2,-2.659377,-2.7732387
CCC(=O)N1C2CCC1CN(C2)CCNc1ccccc1,-2.6591568,-2.957634
CCOc1c(OC)cccc1C(=O)OCC[NH+](CC)CC.[Cl-],-2.6546376,-2.5480309
Oc1ccc(cc1)c1cc(=O)c2c(o1)cc(cc2)O,-2.6508973,-3.1928732
CN(c1c(C)n(C2CCCC2)c(=O)n(c1=O)C)C,-2.650508,-2.2512174
CCC1(C(=O)NCNC1=O)c1ccccc1,-2.64,-1.5082114
CN(CCN(c1ccccn1)Cc1ccccc1)C,-2.64,-2.0984552
CCCC(C1(CC=C)C(=O)NC(=O)NC1=O)C,-2.6367376,-2.3524365
CCN(CC(=O)NCc1ccccc1)CC,-2.6354759,-2.1286564
CCC(=O)c1ccc(cc1)N,-2.63,-1.6481231
CCOC(=O)c1ccc(cc1)N,-2.62,-1.7670536
N/C(=N\CCc1c[nH]c2c1cccc2)/CSS(=O)(=O)O,-2.6181383,-2.2813406
SCCNCCCCOc1ccc(cn1)Cl.Cl,-2.6175852,-2.89001
CNC(=O)/C(=C(/c1ccccc1)\C)/C,-2.6161888,-2.318582
CN1CC2CCC(C1)N2C(=O)/C=C/c1ccccc1,-2.6129515,-2.6610518
CCC(CC(C)C)(COC(=O)N)COC(=O)N,-2.6126022,-2.559263
CCCC(C(COC(=O)N)(COC(=O)N)C)C,-2.6126022,-2.6311526
CC(CCC(COC(=O)N)(COC(=O)N)C)C,-2.6126022,-2.638824
CCN(CCOC(=O)c1ccc(cc1Cl)N)CC,-2.6095622,-3.14501
COc1c(cccc1C(=O)N)c1ccccc1,-2.6075659,-2.533011
CC[N+](C(CC(c1ccccc1)c1ccccc1)C)(C)C.[Br-],-2.6056645,-2.1325674
O=c1c2ccccc2n(c(=O)n1c1ccccc1)CCN1CCOCC1.Cl,-2.6010132,-2.5482378
CC1=CCC(CC1)(O)C(C)C,-2.6009717,-2.7723598
ClC(C(Cl)(Cl)Cl)Cl,-2.6,-2.9471805
CCCC(=O)Oc1ccccc1C(=O)O,-2.5983486,-2.6085513
CC(OC(=O)N)COc1ccccc1C,-2.5947435,-2.2837458
CCCC(C1(C)OCC(O1)CO)C,-2.5944388,-2.303728
CCCCNC(=O)c1cc(N)ccc1OCC#C,-2.5929694,-2.948751
CCCCC(=O)CCCC,-2.59,-2.4041514
CC(=O)Oc1ccc(cc1C(=O)O)Br,-2.5894616,-2.790207
OC(CN1CCN(CC1)c1ccccc1)COc1ccccc1C(=O)C,-2.5881338,-2.7846556
COc1cnc(nc1)NS(=O)(=O)c1ccc(cc1)N,-2.58,-2.6431313
CN(c1ccc(cc1)/N=C/1\C=CC(=O)C=C1)C,-2.576493,-1.8155553
OCCn1c(=O)n(c2ccccc2)c(c(c1=O)N(C)C)C,-2.5737836,-1.9433529
CCCCC1C(=O)NN(C1=O)c1ccccc1,-2.5737658,-2.8128014
CCCCOc1ccccc1OCC(CO)O,-2.573217,-2.4484262
ClCCN(C(=O)NCCCCNC(=O)N(N=O)CCCl)N=O,-2.5729892,-3.6505828
CCCC,-2.57,-2.3460793
OC(=O)CC(c1ccccc1)(C)C,-2.5691996,-2.2075148
CCC(Cc1c[nH]c2c1cccc2)N,-2.5672202,-1.7045647
OC(COc1cc(C)ccc1Cl)CNC(C)(C)C,-2.5658162,-3.3128235
CC[C@@H]([C@@H](C(=O)O)NC(=O)[C@@H]1CCCN1C(=O)[C@H]([C@H](CC)C)N)C,-2.5606642,-2.379638
CCCOC(=O)c1ccc(cc1)O,-2.556792,-2.2012353
COc1ccc(cc1)CCCCNCCCSS(=O)(=O)O,-2.5513055,-2.8625836
OC(=O)[C@H](Oc1ccc(cc1C)Cl)C,-2.55,-2.6714883
CC/C=C/C,-2.54,-2.4706912
Oc1cccc2c1cccn2,-2.54,-1.6455144
COc1cc(nc(n1)C)NS(=O)(=O)c1ccc(cc1)N,-2.54,-3.0170166
OCC(COc1cccc2c1cccc2)O,-2.531423,-2.446777
C[C@H]1CC[C@@H]([C@H](C1)O)C(C)C,-2.53,-2.9039302
COP(=O)(Oc1ccc(cc1)[N+](=O)[O-])OC,-2.529031,-2.6724777
CCOC(=O)Cn1c(CC)cnc1[N+](=O)[O-],-2.5239377,-2.441636
CCOC(=O)N(C(=O)CSP(=S)(OCC)OCC)C,-2.52,-3.434973
COc1ccc2c(c1)cco2,-2.519456,-2.279196
CCC(=O)OC1(CCN(C1C)C)c1ccccc1,-2.5193892,-2.5476365
CC(=O)O[C@H]1[C@H](OC(=O)C)[C@H](O[C@H]1n1ccc(nc1=O)N)COC(=O)C,-2.5193615,-2.6846197
CCC(C(=O)N)(SCC=C)CC,-2.5091121,-1.9515367
N=C(CCCCCCCCCCC(=N)[NH3+])[NH3+].[Cl-].[Cl-],-2.504344,-1.4747169
OC(c1nc2c([nH]1)cccc2)c1ccccc1,-2.503185,-2.872858
Cc1ccc(c(c1)[N+](=O)[O-])N,-2.5028527,-2.4609609
OCC(c1ccc(cc1)C)C(=O)OC1CC2CCC(C1)N2C,-2.5015604,-2.4693744
OC(=O)C=CC(=O)O.CNCC(C(=O)c1ccccc1)c1ccccc1,-2.4976268,-2.6581044
OCC(COc1ccc(cc1)Br)O,-2.496877,-2.6896448
CCS(=O)(=O)c1ccc(cc1)OCC(CN1CCN(CC1)c1ccccc1)O.Cl.Cl,-2.4942284,-2.8715866
OC(=O)C(=O)O.CNCCCC1OC(c2c1cccc2)(C)C,-2.4909015,-2.832281
Clc1ccc(nc1)OCCCCN1CSCC1.Cl,-2.4903083,-2.4833643
C[C@H]1CC[C@@H](C(=O)C1)C(C)C,-2.49,-2.6494195
CN([C@@H]1C(=O)C(=C([C@@]2([C@H]1C[C@H]1C(=C(O)c3c([C@H]1O)c(Cl)ccc3O)C2=O)O)O)C(=O)N)C,-2.4869049,-2.0256996
[O-][N+](=O)c1cc2c(Cl)[nH]nc2cc1,-2.481491,-2.4801288
OC(=O)CCCCc1ccccc1,-2.4656534,-2.5485876
Clc1ccc(cc1)Cn1cc(F)c(=O)[nH]c1=O,-2.4584033,-2.529223
N#CSc1cccc(c1)C(=O)O,-2.457441,-2.1238065
OC(=O)/C=C/c1ccccc1Cl,-2.4573684,-2.2842
C1CCN(CC1)CCc1ccccc1,-2.4569538,-2.1201112
CCOc1ccccc1N1CCN(CC1)CC1CN=C(O1)N,-2.4532413,-2.2588902
Clc1ccc2c(c1)CONC2,-2.4527452,-2.4160557
OCC(COc1ccc(c(c1)C)C)(O)C,-2.449463,-1.8782219
CN(S(=O)(=O)c1ccc(cc1)NS(=O)(=O)c1ccc(cc1)N)C,-2.4469466,-3.789036
CC[C@@](C(=O)O[C@H]1C(=O)O[C@H]2[C@]34[C@@H]1[C@@H](C)[C@@H](O)[C@@]([C@@H]4[C@@]1([C@@H](C2)C(=C[C@@H]([C@H]1O)O)C)C)(OC3)O)(O)C,-2.4406931,-3.672901
Cc1cccc(c1)[N+](=O)[O-],-2.44,-2.170895
CCC1(CC)C(=O)NC(=O)N=C1OC(C)C,-2.439714,-2.7978175
O=C(C(Cl)Cl)Nc1ccccc1C(=O)N,-2.4374778,-2.3845
CCCC1(CCC)OC(=O)[N-]C1=O.[Na+],-2.433307,-2.3919563
CCN1CCN(CC1C(=O)Nc1c(C)cccc1C)CC.ON=O.ON=O,-2.4314194,-3.0638962
BrCC(C)C,-2.43,-2.311277
Nc1ccc(cc1)S(=O)(=O)Nc1nccs1,-2.43,-2.5526004
Cc1cc(=O)[nH]c(=S)[nH]1,-2.43,-1.3890777
ClC(C(=O)N(c1ccc(cc1)O)C)Cl,-2.4282432,-2.7765832
CCCN1C(=O)[N-]C(=O)C(C1=O)(CC)CC.[Na+],-2.4268875,-2.3374524
CCCCC1(CC)C(=O)N=C(N(C1=O)C)[O-].[Na+],-2.4268875,-2.0883071
CCC1(c2ccccc2)C(=O)N(COC)C(=O)N(C1=O)COC,-2.4267988,-2.7153594
OC(=O)c1cc(Cl)c(c(c1)Cl)O,-2.4222212,-2.3117661
CCSSCC,-2.42,-2.3521721
ClCCN(C(=O)NC(C(=O)O)(C)C)N=O,-2.4199915,-2.046095
OC(=O)c1c(C)cccc1Cl,-2.4186447,-2.6828318
COc1cc(CC/N=C(/CSS(=O)(=O)O)\N)ccc1OC,-2.413683,-2.1837897
CNCC(C1CCCCC1)C.Cl,-2.4041977,-2.3969088
O=C(C[NH+]1CCOCC1)N/N=C/c1ccc(o1)[N+](=O)[O-].[Cl-],-2.4030306,-2.403323
CC1SCCCS1,-2.3971481,-1.7704294
CC(OC(=O)c1ccccc1S(=O)(=O)N)C,-2.3957622,-2.2969482
CCN(C(CC)(CC)CC)C.Br,-2.3951468,-2.5264163
OCNC(=O)C1=C(O)[C@@]2([C@H]([C@@H](C1=O)N(C)C)C[C@H]1C(=C(O)c3c([C@@]1(C)O)c(Cl)ccc3O)C2=O)O,-2.393194,-2.2541041
CCOC(=O)C(C(C(F)(F)F)(C(F)(F)F)O)C(=O)OCC,-2.392898,-3.74273
OC[C@H]1O[C@@H](Oc2cc(C)ccc2C(C)C)[C@@H]([C@H]([C@@H]1O)O)O,-2.3918815,-1.7007375
ClCc1ccccc1,-2.39,-2.4063601
CCCCCCCCO,-2.39,-2.2877917
CSc1ccccc1,-2.39,-1.7956812
CCC(=O)N1CC2CCC(C1)N2C(=O)CC,-2.3870492,-2.1416728
ClCCN(N/N=C/1\N=CN=C1C(=O)N)CCCl,-2.3851008,-2.3499897
CP(=O)(c1ccccc1)c1ccccc1,-2.3840444,-2.834338
COc1ccc2c(c1)c(CCN1CCCC1)c[nH]2,-2.3836696,-2.91711
CCC(C(COC(=O)N)(COC(=O)N)C)C,-2.3660119,-2.1987143
OCCNCCC12CC3CC(C2)CC(C1)C3.Cl,-2.365451,-2.7142558
COc1cc(ccc1c1nc2c([nH]1)cncc2)S(=O)C,-2.3632221,-2.7752218
NC(c1ccccc1)Cc1ccccc1,-2.3604858,-2.0990832
CCCCCCCC=O,-2.36,-2.81166
COc1cccc(c1)[C@@]1(O)CCCC[C@@H]1CN(C)C,-2.3595092,-3.226044
OC(c1ccccc1)CNCC1CCc2c(N1)cccc2.Cl,-2.3543606,-2.7343218
O=C1CCCc2c(N1CC1=NCCN1)cccc2,-2.3527362,-3.0193083
OCC(COc1ccccc1Cl)(CO)CO,-2.3507535,-2.5381126
CC1CC(C(=O)O1)(CC=C)C(=O)NC(=O)N,-2.3502326,-1.8240583
CCOC(=O)c1ccc(cc1)O,-2.35,-1.8510668
OC(=O)Cc1ccc(cc1)Br,-2.3472846,-2.152773
[O-][N+](=O)O.OCCn1c(=O)n(C)c2c(c1=O)n(C)c(n2)Cl,-2.343063,-1.7175312
COC(=O)c1ccccc1O,-2.34,-1.6553595
CCCCCCCCCNCCSS(=O)(=O)O,-2.3385255,-2.3895729
O=C1C(CCN1c1ccccc1)N1CCCC1,-2.3370087,-2.1662123
FCCCCCCC#N,-2.331592,-2.3306804
N#Cc1cc(nnc1NCCN1CCOCC1)c1ccccc1,-2.327321,-1.9083121
CNC1(C)C2CCC(C1(C)C)C2.Cl,-2.3272874,-2.6649008
CN1CC2CCC(C1)N2C(=O)c1ccccc1[N+](=O)[O-],-2.3258755,-2.638838
COc1ccc(c(c1)C=O)OC,-2.3202012,-1.7733543
CCOC(=O)c1ccccc1,-2.32,-1.8731365
O[C@H]1C[C@H]2C([C@]1(C)CC2)(C)C,-2.32,-2.9383268
CNC(CC1CCCCC1)C,-2.3127227,-2.4328039
Nc1ccc(cc1)C(=O)Nc1cccc(n1)C,-2.3112135,-1.9212658
Cc1cc(O)c(cc1C)C,-2.3096416,-2.4992015
CCOP(=S)(Oc1ccc(cc1)[S@@](=O)C)OCC,-2.3,-3.0640874
[O-][N+](=O)O.OCn1c(Cl)nc2c1c(=O)n(C)c(=O)n2C,-2.297721,-1.6025765
CCOC(=O)Nc1ccccc1,-2.2911322,-2.1716542
[O-][N+](=O)c1cccc(c1)[N+](=O)[O-],-2.29,-2.2635615
ClCC[NH+](CC(=C)Cl)CCCl.[Cl-],-2.2891567,-2.415467
CC1Cc2c(N1)cccc2,-2.2881606,-1.5139151
CCN(C(C(=O)c1ccccc1)C)CC,-2.2874951,-1.851773
O=C(C(C)(C)C)NNCc1ccccc1,-2.2850924,-2.355545
O=C1NC(=O)C(C(=O)N1)[N+](=O)[O-],-2.28,-1.1714958
Oc1ccc2c(c1)cccc2,-2.28,-2.7854564
CCCCCC(CCC)NCCSS(=O)(=O)O,-2.2734919,-2.2744184
CC(CCCCCCNCCSS(=O)(=O)O)C,-2.2734919,-2.3771536
Nc1ncc(c(n1)N)Cc1ccc2c(c1)OCO2,-2.2715662,-1.9645748
O=C([C@@H](c1ccc(cc1)O)N)N[C@@H]1C(=O)N2[C@@H]1SCC(=C2C(=O)O)CSc1n[nH]nc1,-2.266303,-3.0456057
CC(NNCc1ccccc1)C.Cl,-2.2651424,-1.404457
Cc1ccc2c(c1)ccc(=O)o2,-2.2614384,-2.358375
CCCC[C-]1C(=O)N(N(C1=O)c1ccccc1)c1ccccc1.[Na+],-2.25892,-3.347685
CCOc1cc(ccc1O)C(=O)N(CC)CC,-2.2514443,-2.519864
OCC(COc1ccccc1CC)O,-2.251408,-2.0169876
OCC(COc1cccc(c1)CC)O,-2.251408,-2.0450978
CSc1nnc(c(=O)n1N)C(C)(C)C,-2.25,-1.1995612
CCCNC(COC(=O)c1ccccc1)(C)C,-2.2488008,-2.959861
CC1CCCCN1CCCOC(=O)c1ccccc1.Cl,-2.248649,-3.630874
OC[C@H]1O[C@H](C[C@@H]1O)n1cc(I)c(=O)[nH]c1=O,-2.248096,-1.8324573
OCc1ccc(cc1Cl)Cl,-2.248032,-2.3017101
OC1c2ccccc2CCc2c1cncc2.Cl,-2.2478366,-2.2975662
Cc1ncc(c(n1)N)C[n+]1csc(c1C)CCOP(=O)(OP(=O)(O)O)O.[Cl-],-2.2463381,-1.9956529
CCN(C(=O)c1nnn(c1C)c1ccc(cc1)N)CC.Cl,-2.245566,-1.9599378
OC(=O)CC[C@@H](C(=O)O)NC(=O)c1ccc(cc1)N(Cc1cnc2c(n1)c(N)nc(n2)N)C,-2.2425098,-2.6733456
OC(=O)CC[C@H](C(=O)O)NC(=O)c1ccc(cc1)N(Cc1cnc2c(n1)c(N)nc(n2)N)C,-2.2425098,-2.6733456
c1ccc2c(c1)occ2,-2.241149,-2.031335
O=C(CN1CCNCC1)N/N=C/c1ccc(o1)[N+](=O)[O-].Cl.Cl,-2.2396038,-2.804473
O=C(c1ccccc1O)CCNCc1ccccc1.Cl,-2.234599,-1.959228
OS(=O)(=O)O.OCC(c1ccccc1)C(=O)OC1C[C@@H]2CC[C@H](C1)N2C.OCC(c1ccccc1)C(=O)OC1C[C@@H]2CC[C@H](C1)N2C,-2.2345376,-1.5796108
COC(=O)[C@H]1[C@@H](C[C@@H]2N([C@H]1CC2)C)OC(=O)c1ccccc1,-2.23,-2.6652994
OCCOc1ccc(cc1C(=O)NC)Br,-2.2257435,-2.6055262
Cc1[nH]nc(c1Br)C,-2.2219207,-1.9278576
Oc1cccc2c1cccc2,-2.22,-2.581496
OCC(c1ccc(cc1)OC)C(=O)OC1CC2CCC(C1)N2C,-2.2187788,-2.6794949
Oc1ccc2c(c1)cc(cc2)O,-2.2185318,-2.6991382
OC(=O)/C=C/c1ccccc1[N+](=O)[O-],-2.217727,-2.5937898
[O-][N+](=O)c1ccc2c(c1)CONC2,-2.214273,-1.9693947
CC(=O)Oc1cccc(c1)OC(=O)C,-2.212671,-2.1442795
C[C@@H]1C/C=C/C=C/C=C/C=C/[C@H](O[C@@H]2O[C@H](C)[C@H]([C@@H]([C@@H]2O)N)O)C[C@@H]2O[C@@](C[C@H](C[C@@H]3[C@@H](/C=C/C(=O)O1)O3)O)(O)C[C@@H]([C@H]2C(=O)O)O,-2.2105162,-2.9401197
Cc1ccccc1,-2.21,-2.352684
OC(=O)C(c1ccccc1)(c1ccccc1)O,-2.21,-2.0246024
C=CCC1(C(=O)NC(=O)NC1=O)C1CCC=C1,-2.1988406,-2.3470225
CCN(c1cc(C)nc2n1ncn2)CC,-2.1980376,-2.5067735
Nc1oc2c(n1)c(Cl)ccc2,-2.1933823,-2.032671
Nc1cccc(c1)[N+](=O)[O-],-2.19,-1.6997589
CCCCCC(CO)(CO)C,-2.1877837,-1.9026775
CC(CC(C)(C)C)CCNCCSS(=O)(=O)O,-2.180627,-2.1197324
ClCC(Cl)(Cl)Cl,-2.18,-2.0981872
CCCCS,-2.18,-1.321434
ClCCC1NC(=O)c2c(O1)ccc(c2)[NH3+].[Cl-],-2.1796014,-1.5353028
O=C(c1ccccc1)CCN1CCCCC1.Cl,-2.179131,-1.995301
CCCCCC1(CC)C(=O)NC(=O)NC1=O,-2.1756616,-2.8536625
COc1cc2oc(=O)ccc2cc1OC,-2.1744032,-2.0098298
C[N+](=C(COCc1ccc(cc1)C(C)C)N)C.[Cl-],-2.1725788,-0.6990216
CCOc1ccc(cc1)NC(=O)N,-2.17,-1.5629982
CC(=C)[C@@H]1C2OC(=O)C1[C@]1([C@]3([C@@H]2OC(=O)[C@]23C(C1)O2)C)O.O=C1OC2[C@H](C1[C@]1(O)C[C@@H]3[C@]4([C@@]1([C@@H]2OC4=O)C)O3)C(O)(C)C,-2.1672373,-4.1732793
CCOc1ccc(cc1)NC(=O)CC(=O)C,-2.1630514,-2.4033196
OC(=O)COc1ccccc1Cl,-2.16,-1.668864
O=C(C(c1ccccc1)(c1ccccc1)O)OC1C[N+]2(C)CCC1CC2.[Br-],-2.1587222,-2.1721485
CC/C(=C/C)/C(=O)NC(=O)N,-2.1570103,-1.610078
OC[C@@H]([C@H](c1ccc(cc1)S(=O)(=O)C)O)NC(=O)C(Cl)Cl,-2.15,-1.9003379
COCCn1c(=O)c2n(C)cnc2n(c1=O)C,-2.1465786,-1.7733781
CCCN1C(C)(C)CCC1(C)C,-2.1459024,-2.2749085
CCC(C(CC)C)C(=O)N,-2.1453102,-1.7433891
CN1CCCC1c1c(C)[nH]c2c1cccc2,-2.1435258,-2.1171012
Cn1c2nc([nH]c2c(=O)n(c1=O)C)C1CCC1,-2.1418095,-2.1767154
CCOC(=O)NC1=C(N2CC2)C(=O)C(=C(C1=O)N1CC1)NC(=O)OCC,-2.1414075,-1.8743792
FCCN(C(=O)NC1CCSCC1)N=O,-2.1380756,-2.394249
CCN(CCOC(=O)c1cccc(c1OC)OC)CC.Cl,-2.1348116,-2.680323
CCCOc1c(OC)cccc1C(=O)OCC[NH+](C)C.[Cl-],-2.1348116,-2.3583093
CC(=O)Nc1occ(n1)c1ccccc1,-2.1297178,-2.2428539
CCC(CC(C)C)(CO)CO,-2.1256359,-1.6338062
CC(N1C(=O)Cc2c(S1(=O)=O)cccc2)C,-2.1212442,-2.3882563
Sc1ccccc1,-2.12,-1.4555411
NC1=C2N=CN=C2N=C=N1,-2.12,-0.9718927
O=c1[nH]c2nccnc2c(=O)[nH]1,-2.118262,-1.2283175
OC[C@H]([C@@H](c1ccc(cc1)[N+](=O)[O-])O)NC(=O)C(Cl)Cl	,-2.11,-2.6517346
CCCC[C@@H](CO)CC,-2.11,-2.2220197
CCOC(=O)C[S+](C)C.[Br-],-2.1048133,-0.5217328
CCC(C1(CC=C)C(=O)NC(=O)NC1=O)C,-2.0921144,-2.2129657
O=C1C=CC=C/C/1=C\Nc1ccccc1O,-2.0908144,-3.436397
C=CCC=C,-2.09,-1.2736881
CC(=O)Nc1cccc(c1)C,-2.09,-1.830975
CCC(C(C)C)(COC(=O)N)COC(=O)N,-2.08955,-2.126468
N#CCNc1ccccc1C(=O)C,-2.0866318,-2.1566296
COc1cc2oc(=O)[nH]c2cc1Cl,-2.085295,-2.2007656
CC(=O)Nc1ccccc1C(=O)N,-2.0844557,-1.403115
CN1C2CCC1CN(C2)C(=O)c1ccncc1,-2.0831404,-1.1648897
OCC(Nc1nc(nc(n1)N1CC1)N1CC1)CO,-2.081733,-1.67787
CCC1(CC)C(=O)NC(=NC1=O)OC(C)C,-2.0809429,-2.4681926
BrCCCBr,-2.08,-2.3225334
Clc1cc2nc(oc2c(c1)S(=O)(=O)O)N,-2.0795953,-1.9291888
CCOc1ccc2c3c1O[C@@H]1[C@@]43CCN([C@H](C2)[C@@H]4C=C[C@@H]1O)C,-2.0789554,-1.6113625
Cc1cccc2c1n1cnnc1s2,-2.07,-3.3230631
CCC(OC(=O)c1ccccc1)(CN(C)C)CN(C)C.Cl,-2.0635402,-1.735078
CCCNC(C(=O)Nc1ccccc1C)C.Cl,-2.063198,-2.3587575
O=C1c2ccccc2C(=O)C1(CN1CCOCC1)c1ccccc1,-2.0620325,-2.26407
Oc1ccc(cc1)Nc1ccc(cc1)O,-2.060644,-3.1607363
CC(=C)[C@H]1CC=C(C(=O)C1)C,-2.06,-2.9337416
NC(=O)OCC(C(C)(C)C)(COC(=O)N)C,-2.0585158,-2.0920303
CC1N=C(OC1(C)C)Nc1ncc(s1)[N+](=O)[O-],-2.0573049,-2.9815266
CN(CCOC(=O)C(c1ccccc1)(c1ccccc1)O)C.Cl,-2.056295,-1.9912459
OC(C(F)(F)F)(C(F)(F)F)N1CCCCC1.O,-2.0553057,-1.8438866
C1CNCCO1.C1CNCCO1.[Cl-].[Cl-].[Pt+2],-2.054846,0.16921425
N#C/C(=C\c1ccccc1)/C(=O)N,-2.0547285,-1.9984976
OC(=O)c1cc(Cl)c(cc1O)O,-2.05274,-1.9941541
O=C(C(c1cccnc1)(C)C)c1cccnc1,-2.0525298,-1.6337268
CC(Nc1c(C)n(C)c(=O)n(c1=O)c1ccccc1)C,-2.0510905,-2.5669575
CNC(=O)Oc1ccccc1OC(C)C,-2.05,-2.5266008
COc1cc(ccc1O)C(=O)O,-2.05,-1.6401323
Clc1ccccc1CC(N)(C)C.Cl,-2.0482268,-2.1602335
COc1ccc2c(c1)c1CCNC(c1[nH]2)C,-2.048119,-2.406415
COc1ccc(cc1)C/N=C(/CSS(=O)(=O)O)\N,-2.0479515,-2.2466068
O=c1[nH]cc(cc1N)c1ccncc1,-2.0470011,-1.1442789
CC(COC(=O)C(=C)C)C,-2.0389502,-2.2189593
CN(C1(C)C2CCC(C1C)C2)C,-2.035965,-2.1245127
OC[C@H]1O[C@@H]([C@@H]([C@@H]1OP(=O)(O[C@@H](CNC(=O)CC[C@@]1(C)C2=N[C@H]([C@@H]1CC(=O)N)[C@]1(C)[N-]/C(=C(/C)\C3=N/C(=C\C4=N/C(=C\2/C)/[C@@H](CCC(=O)N)C4(C)C)/[C@H]([C@]3(C)CC(=O)N)CCC(=O)N)/[C@H]([C@]1(C)CC(=O)N)CCC(=O)N)C)[O-])O)n1cnc2c1cc(C)c(c2)C.[C-]#N.[Co+3],-2.0351536,-3.5666654
CCCCOc1ccc(cn1)N,-2.033173,-1.4760046
O=C1NC(=O)N(C1)/N=C/c1ccc(o1)[N+](=O)[O-].CC(=O)O,-2.0273657,-2.7325282
COc1ccc(cc1)Cc1cnc(nc1N)N,-2.02478,-2.0756114
CCN1CCN(CC1)c1cc2c(cc1F)c(=O)c(cn2C1CC1)C(=O)O,-2.0244837,-2.6292415
CCOC(=O)c1ccc(c(c1)OC)OC,-2.0229676,-2.3907604
CC(=O)c1ccc(c(c1O)O)O,-2.0215716,-1.6050682
OC(=O)c1cc(Br)cnc1,-2.019809,-1.1988652
COC[C@@]12CN(C)C3[C@]4([C@@H]2[C@@H](OC)[C@@H]3[C@@]2([C@@H]3[C@H]4C[C@@]([C@@H]3OC(=O)c3ccccc3)([C@H]([C@@H]2O)OC)O)OC(=O)C)[C@H](C[C@H]1O)OC,-2.0144827,-3.0257418
CCN(CCn1cnc2c1c(=O)n(C)c(=O)n2C)CC.Cl,-2.0052602,-1.9191532
CC[N+]1(CC)CCC(C1)OC(=O)C(c1ccccc1)(c1ccccc1)O.[Br-],-2.003185,-2.7574844
CCOC(=O)Cn1c(C)ncc1[N+](=O)[O-],-2.002437,-1.986066
CCOC(=O)Oc1ccccc1C(=O)O,-1.9983193,-2.5413837
COc1cc(Cc2cnc(nc2N)N)cc(c1C(=O)N)OC,-1.9963244,-2.214861
Brc1ccc2c(c1)C(=O)C(=O)N2,-1.9962293,-1.9376647
O=C1C[C@H]2C([C@]1(C)CC2)(C)C,-1.99,-2.5821
CCC#CCC,-1.99,-1.9830555
NC(=NNc1ccc(cc1)/N=N/C(=S)N)N,-1.9818705,-1.8382397
CSC[S@@](=O)C[C@H](NC(=O)/C=C/c1c(C)[nH]c(=O)[nH]c1=O)CO,-1.98,-2.2173123
Nc1cc(nc(=N)n1O)N1CCCCC1,-1.9782491,-1.1709696
Brc1ccc(nc1)OCCN1CSCC1.Cl,-1.9774556,-2.252105
OC[C@H]1O[C@H]([C@@H]([C@@H]1O)O)n1cnc2c1[nH]c(N)nc2=S,-1.9758775,-2.067565
Clc1ccc(nc1)OCCCN1CSCC1.Cl,-1.9704616,-2.1345034
CCC1(CCC(=O)NC1=O)c1ccc(cc1)N,-1.9698181,-1.9867619
CN1CCN2C(C1)CCc1c2cccc1.Cl,-1.9680266,-2.0619369
COC(c1cnc(n1C)[N+](=O)[O-])(C)C,-1.9628514,-2.186698
N#CN/C(=N/c1ccc(cc1)Cl)/N,-1.9608123,-1.1202712
[O-][N+](=O)c1ccccc1N,-1.96,-1.692406
Nc1oc2c(n1)cc(cc2)[N+](=O)[O-],-1.9543273,-2.2209594
NC(=O)OCC(c1ccccc1)COC(=O)N,-1.9519752,-2.1289804
CCC(C(=O)N)(SCC#C)CC,-1.95187,-1.7542148
OCC(CSc1ccccc1C)O,-1.950926,-1.2589353
OCC(CSc1ccc(cc1)C)O,-1.950926,-1.2313414
OC[C@H]1O[C@H]([C@@H]([C@@H]1O)O)n1ccc2c1ncnc2N,-1.9481797,-1.2149343
CN1CCN(CC1)c1nc(NC(=O)C)nc(c1C)Cl,-1.9450953,-2.4777203
COc1cc(/C=C/C(=O)N2CCCO2)cc(c1OC(=O)C)OC,-1.9446571,-2.9198925
O=C1C(=CC(=O)c2c1cccn2)NCCCN1CCCCC1,-1.9421879,-1.8706543
CCC=C,-1.94,-1.4993494
CCNC(C(C)(C)C)(C)C.Cl,-1.9365621,-2.0963566
FCC(=O)NC(C(Br)(Br)Br)O,-1.9345458,-3.0473595
Cn1cc(c2c1cccc2)C1CCC[NH2+]1.[Cl-],-1.9333681,-1.4137517
CN(/N=C\C(=O)c1ccc(cc1)Cl)C,-1.9273849,-1.75045
CCC(=O)c1ccc(cc1)NC,-1.9249717,-1.749831
CCC1(C(=O)NC(=O)N(C1=O)CN1CCOCC1)c1ccccc1,-1.9248196,-2.4238396
[O-][N+](=O)c1ccc(nc1)OCCCCCNCCSS(=O)(=O)O,-1.9243019,-1.7603725
C=CCOc1ccccc1OCC(CNC(C)C)O,-1.9211239,-1.9571781
C=CCOc1ccccc1OCC(CO)O,-1.9209918,-1.7538042
CN(c1ccccc1)C,-1.92,-1.3600748
CCCCCCOC(=O)N,-1.92,-2.2051184
CCCOC(=O)CCC,-1.92,-1.875275
C1COc2c(O1)cccc2,-1.9118216,-1.5598247
CC(=O)Nc1ccccc1[N+](=O)[O-],-1.91,-2.3053384
CC(=O)Nc1ccc(cc1)OC(=O)C,-1.91,-1.8865185
Clc1ccc2c(c1)S(=O)(=O)N=C(N2)C,-1.9081388,-2.0862565
CCN1C(=O)[N-]C(=O)C(C1=O)(CC)CC.[Na+],-1.9072464,-1.5407342
NC(=N)SCCCCSC(=N)N.Br.Br,-1.9023238,-1.142545
ClC(Br)Br,-1.9,-2.0662198
OC(=O)COc1ccc(cc1)[N+](=O)[O-],-1.89824,-1.75952
CCCCCCCC(=O)NO,-1.8953828,-2.3285475
OC[C@H]1O[C@H]([C@@H]([C@@H]1O)O)n1cnc2c1ncnc2Cl,-1.8950924,-1.4597669
CNC(CC1CCCC1)C.Cl,-1.8917917,-1.6080927
OC(=O)CCCCCCCC(=O)O,-1.89,-1.4573964
O[C@H]1CN(C(=O)N1c1nnc(s1)C(C)(C)C)C,-1.88,-1.3603272
COc1ccc2c3c1O[C@@H]1[C@@]43CCN([C@H](C2)[C@]4(O)CCC1=O)C,-1.8796213,-1.961102
CN(c1c(C)n(c2ccccc2)c(=O)n(c1=O)C)C,-1.8772591,-2.3011982
CC1SCCS1,-1.8758856,-1.0878884
COc1ccc2c(c1O)[C@@]13CCN([C@@]3(CC2)C=CC(=O)C1)C,-1.87,-2.9521804
FC1=C(F)C(C1(F)F)(F)F,-1.8677762,-3.0674207
CCN(CCOc1ccccc1OC)CC.Cl,-1.8668209,-2.4953609
OC(=O)Cc1ccc(cc1)Cl,-1.8614455,-1.4635918
OS(=O)(=O)O.C=C[C@H]1CN2CC[C@H]1C[C@@H]2[C@H](c1ccnc2c1cc(OC)cc2)O.C=C[C@H]1CN2CC[C@H]1C[C@@H]2[C@H](c1ccnc2c1cc(OC)cc2)O,-1.8520848,-5.177473
ClCCCBr,-1.85,-1.8742346
CCCCCCCN,-1.85,-1.6571206
CSCCC1(C(CCC)C)C(=O)[N-]C(=S)NC1=O.[Na+],-1.8465079,-2.38764
CN(CCC(c1ccccn1)c1ccc(cc1)Cl)C.Cl,-1.8370111,-2.9630213
CC(Cc1ccc(cc1)Cl)(N)C.Cl,-1.832148,-2.0358183
C[N+]1(CCCC1)CCC[n+]1cc2ccccc2c2c1cccc2.[Br-].[Br-],-1.8304099,-2.6488514
OS(=O)(=O)SCCNCCCOc1ccc2c(n1)cccc2,-1.8269991,-2.427421
CCc1nc(OC)nc(n1)N,-1.8243964,-1.4880347
CN(C(=O)c1nnn(c1C)c1ccccc1)C,-1.8219098,-0.9507895
OC(=O)c1ccccc1O,-1.82,-1.6594191
OC(=O)[C@H](Cc1ccc(c(c1)O)O)N	,-1.82,-0.54777795
OCC(COc1ccccc1Cl)O,-1.8147906,-2.0184846
[O-][N+](=O)NCCN[N+](=O)[O-],-1.8146355,-0.44073784
[O-]C(=O)CCC(=O)OCC(=O)[C@H]1CC[C@@H]2[C@]1(C)CC[C@H]1[C@H]2CC[C@H]2[C@]1(C)CCC(=O)C2.[Na+],-1.8141515,-2.6001596
N#Cc1ccc(cc1)F,-1.8101931,-1.6917984
CCC(C(=O)NC(=O)N)(CC)Cl,-1.8020226,-1.992265
BrC(C(=O)NC(=O)N)C(C)C,-1.8015286,-1.941984
NC(=O)c1ccccc1I,-1.7966014,-2.4565816
CCCc1[nH]c2c(n1)n(C)c(=O)n(c2=O)C,-1.7941697,-1.9407336
NCCCNc1cc(OC)cc2c1nccc2.Cl,-1.7922571,-1.6631496
CC[N+]1(C)CCCC(C1)OC(=O)C(c1ccccc1)(c1ccccc1)O.[Br-],-1.7823447,-2.4335082
O/N=C(/c1cccs1)\C,-1.7768857,-2.5094304
CCOC(=O)C1=C(C)NC(=C(C1)C(=O)OCC)C,-1.772188,-2.3482144
C/C=C/C=C/C(=O)O,-1.77,-0.90467167
CSc1ncc2c(n1)nccn2,-1.76,-1.7676902
CCc1ccc(cc1)N,-1.7599833,-1.6085039
FC(C1(NCCS1)C(F)(F)F)(F)F.O,-1.7544609,-1.2366178
CC(Cc1ccc(cc1)Cl)(N)C,-1.7536485,-2.3084915
CCCCCC(NCCSS(=O)(=O)O)CC,-1.7528197,-1.7791862
CCCCC(CNCCSS(=O)(=O)O)CC,-1.7528197,-1.8028886
OC[C@@]12[C@H](O)C[C@@H](C[C@@]2(O)CC[C@@H]2[C@@H]1[C@H](O)C[C@]1([C@]2(O)CC[C@@H]1C1=CC(=O)OC1)C)O[C@@H]1O[C@@H](C)[C@@H]([C@H]([C@H]1O)O)O,-1.7523822,-2.6392484
SC/C(=N\C12CC3CC(C2)CC(C1)C3)/N.Cl.O,-1.7507483,-1.9668963
CCCCC(=O)OCC,-1.75,-1.9141454
O=c1ccc2c(o1)cc(c(c2)O)O,-1.7449408,-1.524503
Nc1ccc(cc1)C(=O)Nc1ccccn1,-1.743408,-1.7679358
C=CCOC1(OCCN(C1)C)c1ccccc1.Cl,-1.7423943,-1.2954447
O=c1[nH]c(=O)n(cc1F)C1CCCO1,-1.7406535,-1.7199199
[O-][N+](=O)c1ccccc1O,-1.74,-1.5274771
O=C1OCc2c(N1)cccc2,-1.7374578,-1.823441
CC1(CC)NC(=O)NC1=O,-1.7361308,-1.2504838
Cc1ccc(s1)C(=O)C,-1.7296087,-1.8060069
OC(Cn1cnc2c1c(=O)n(C)c(=O)n2C)CN1CCN(CC1)C(=O)c1ccccc1,-1.7257212,-1.9684246
NNC(Cc1cc(OC)c(c(c1)OC)OC)C,-1.724661,-1.3375152
CCc1nccc(c1)C(=S)N,-1.7236729,-1.0547504
N#CC(=Cc1ccco1)C#N,-1.7139382,-1.9702812
CCC(=O)N1C2CCC1C(=O)N(C2=O)c1ccccc1,-1.7124201,-2.7860072
O=C1NC(=O)CC2(C1)CCCCC2,-1.7116994,-2.016988
OC(C(CC([N+](=O)[O-])([N+](=O)[O-])Br)O)c1ccccc1,-1.7069615,-2.5641527
Cc1nonc1C(=O)N,-1.7041361,-0.7093366
C=CC1(O)CCCCC1,-1.7013822,-0.73638153
CCNc1ccccc1,-1.7,-1.4545816
CC(NC(C(c1ccc(cc1)O)O)C)COc1ccccc1.Cl,-1.6936601,-1.6269919
Fc1ccc2c(c1)nc(o2)N,-1.6936585,-1.8445796
S=c1[nH]nc(o1)c1ccccc1,-1.6874485,-2.5026104
OC(=O)c1ccc(c(c1)S(=O)(=O)N)Cl,-1.6847163,-2.3619566
O=C(c1ccccc1)NCC(=O)O,-1.68,-0.5361508
COc1ccc2c(c1)nc(o2)N,-1.6799839,-1.6913983
COc1cc(Cc2cnc(nc2N)N)cc(c1CO)OC,-1.6762719,-2.415857
OCCN1CCSC1=Nc1ncc(s1)[N+](=O)[O-],-1.6760932,-1.6470928
CCC1(CC)C(=O)[N-]C(=O)N(C1=O)C.[Na+],-1.6744393,-1.1007099
NCCCCCN(C(=O)CCC(=O)NCCCCCN(C(=O)CCC(=O)NCCCCCN(C(=O)C)O)O)O,-1.6695439,-2.101873
CCCC(CO)(CO)CC,-1.6653494,-1.0331012
NC(=O)c1ccc(cc1)Cl,-1.6603498,-1.6130655
OC(c1ccccc1)Cn1cncc1,-1.6555955,-1.4341091
OC(C(Cl)Cl)NC(=O)Cc1ccc(cc1)F,-1.6527117,-2.2120833
COc1ccccc1/C=C\C(=O)O,-1.6519761,-1.9169228
CC1C2CCC(C2)C(N1C)(C)C,-1.650614,-2.1681309
Clc1ccc2c(c1)c(=O)[nH]s2,-1.6495432,-2.3561602
COc1ccc(cc1)NC(=O)CC(=O)C,-1.6425085,-1.6929014
Clc1ccc(nc1)OCCCCNCCSS(=O)(=O)O,-1.6421257,-1.6898563
CCOC(=O)C1(CCN(CC1)C)c1ccccc1.Cl,-1.636765,-2.6757743
N#Cc1ccccc1OCC(CNC(C)(C)C)O,-1.6352034,-1.8067073
O=Cc1ccc2c(c1)OCO2,-1.63,-1.7029748
ClCCN(C(C)C)CCCl,-1.6176803,-1.8662276
c1cnc2c(c1)cc[nH]2,-1.6175485,-1.0579865
CCCC[NH2+]C(C(c1ccccc1)O)C.[Cl-],-1.6168739,-1.821558
NCC(CSc1ccc(c(c1)Cl)Cl)O,-1.6163343,-2.6094751
O=c1ccc2c(o1)c(O)c(cc2)O,-1.61609,-1.6288998
FCOC(C(F)(F)F)C(F)(F)F,-1.6130879,-2.5263882
O[C@H]1[C@H](O)[C@H](O[C@H]1n1cnc2c1ncnc2N)COP(=O)(O)O,-1.6106802,-0.8486907
CNC(=O)OCC(COC(=O)N)(CC)C,-1.6106064,-1.9138341
NC(=O)C(=O)N/N=C/c1ccc(o1)[N+](=O)[O-],-1.6073695,-2.6127748
OCC(CC(C)C)(CO)C,-1.6027436,-1.0578287
C=CCn1c(=O)n(C)c2c(c1=O)n(C)cn2,-1.5962462,-2.0456533
CN1C(=O)CC(C1=O)(C)c1ccccc1,-1.592844,-1.407509
CCOC=C(C(=O)OCC)C(=O)OCC,-1.592747,-1.6518234
CCCOc1ccccc1C(=O)N,-1.589683,-1.8987975
CN1CC2CCC(C1)N2C(=O)C,-1.58744,-0.96282417
O[C@H]1[C@@H](O[C@]([C@H]1O)(F)COS(=O)(=O)N)n1cnc2c1ncnc2N,-1.586865,-2.6585295
CCCC(C1(CC)C(=O)NC(=NC1=O)[O-])C.[Na+],-1.5819899,-2.2447484
[O-]c1ccc2c(c1)oc(=O)cc2C.[Na+],-1.5801629,-0.8904011
OCC(COCc1ccc(cc1)C)O,-1.5784711,-1.4752842
CSc1ccccn1,-1.5757746,-1.0889289
CCCC(CCC)CN.Cl,-1.5729319,-1.5843258
CC(=O)OCC(COC(=O)C)(COC(=O)C)COC(=O)C,-1.5686344,-2.7729783
CCOC(=O)C1(CCN(CC1)C)c1cccc(c1)O,-1.5626972,-1.6808312
[O-][N+](=O)c1ccc(cc1)C1NCCS1,-1.5513711,-1.8500878
CSc1cnc2c(n1)cncn2,-1.55,-1.5916114
CNC(=O)Oc1ccc2c(c1)[C@]1(C)CCN([C@@H]1N2C)C,-1.5499146,-2.8435829
CNC(Cc1ccccc1)(C)C,-1.5494722,-1.3456845
CCCCCCC(C(=O)O)N,-1.5474606,-1.1922464
CN(C(=O)OCC(COC(=O)N)(C)C)C,-1.5410006,-1.8624352
OC(=O)COc1cccc(c1)C,-1.5388749,-1.7731922
CCC(c1ccccc1)(C(=O)N)O,-1.5335557,-1.2214639
[O-]C(=O)CCn1c(=O)c2ccccc2n(c1=O)C.[Na+],-1.533541,-1.1110435
CCNC(=O)c1ccccc1O,-1.5277929,-1.4620318
O=[NH+]/C=c/1\n(COCCCCc2ccccc2)ccn1C.[Cl-],-1.5272654,-1.5638766
COc1ccccc1OCC1CO1,-1.5217627,-1.6951029
COc1cc(ccc1O)C(=O)C,-1.5215982,-1.5970782
c1ccc2c(c1)[nH]cc2,-1.52,-1.8363965
COc1ccc2c3c1O[C@@H]1[C@@]43CCN([C@H](C2)[C@@H]4C=C[C@@H]1O)C	,-1.52,-1.36307
CCCC([NH2+]C)(CC)C.[Cl-],-1.5186319,-1.1996844
[O-]C(=O)/C=C\C(=O)O.NCC([NH+]1CCCCC1)c1cccs1,-1.5185685,-2.7792344
COc1cc(ccc1OC)CC(O)C,-1.5139264,-0.9052438
OC[C@H]1O[C@H]([C@H]([C@@H]1O)O)n1cnc2c1ncnc2N,-1.5116153,-1.5523058
NC(=N)NCC(=O)O,-1.51,0.23493207
OCCN1CCN=C1Nc1ncc(s1)[N+](=O)[O-],-1.509309,-0.89971983
Clc1[nH]c2c(n1)n(C)c(=O)n(c2=O)C,-1.5075221,-1.7616376
CCC(C1(O)CCCCC1)C(=O)O,-1.5013126,-1.6348999
CCC[C@@H]1CCCCN1,-1.5,-1.5935197
C#CCN1C(=O)Cc2c(S1(=O)=O)cccc2,-1.4959027,-1.8419101
OC(=O)CNc1ccc(cc1[N+](=O)[O-])[N+](=O)[O-],-1.4958128,-2.6007462
NC(=O)/C=C/C1=NCCC1,-1.4930308,-0.45418978
ClCC1CC2CCN1CC2.Cl,-1.4769331,-1.0132804
CCCCCOC(=O)N,-1.47,-1.5264531
CCn1cc(C(=O)O)c(=O)c2c1cc(N1CCN(CC1)C)c(c2)F,-1.4663937,-1.6047199
Oc1ccc(cc1)CCN[C@H]([C@@H](c1ccc(cc1)O)O)C.Cl,-1.4649767,-0.6283398
FC(=C(F)F)Cl,-1.4627337,-1.7988768
CCNC(=S)NCC,-1.46,0.11122835
O[C@H]([C@H](C(=O)O)O)C(=O)O.O[C@H]([C@H](C(=O)O)O)C(=O)O.CC1N(C)CCOC1c1ccccc1,-1.4534297,-1.172519
[O-][N+](=O)c1ncc(n1C)C,-1.4506494,-1.4537368
OCC(COc1ccc(cc1)OC)O,-1.4501878,-0.86489224
N#CC1(O)CCN(CC1)CCc1ccccc1,-1.4411486,-0.5970062
CSSC,-1.44,-1.0639545
CCCCn1c(=O)[nH]c(=O)c2c1nc[nH]2,-1.437197,-1.8441546
NC(=O)C(c1ccccc1)(c1ccccc1)O,-1.4369277,-1.8742774
Cn1c(C)n[nH]c1=S,-1.4308631,-1.2052699
CN1C(=O)CC(C1=O)c1ccccc1,-1.4308017,-1.0909646
CN1C(C)(C)CC=CC1(C)C,-1.4265424,-1.5481265
CC/C=C(/C1(CC)C(=O)NC(=O)NC1=O)\C.[Na+],-1.4259161,-1.7220806
CNC(C(C)(C)C)(C)C.Cl,-1.4241511,-1.2413393
CN1CC2CCC(C1)N2CCOC(=O)c1ccc(cc1)N,-1.4240406,-1.4902139
c1ccc(nc1)c1ccccn1,-1.42,-1.805334
CCCCCC(=O)C,-1.42,-1.753822
COc1ccc(cc1)C(=O)/C=N\N(C)C,-1.4140162,-1.2925045
Oc1ccc(c(c1)C)C,-1.41,-1.8754547
OCC(COc1ccccc1OC)(CO)CO,-1.3975297,-0.71889055
CCCCN1CCN(CC1)C(=O)OCC,-1.3910223,-1.7528983
O=C1OC(=O)c2c1cccc2,-1.39,-1.440794
CCC(N(C)C)(CC)C.Br,-1.3830287,-1.3617743
CC(CC[C@H](O)C)C,-1.38,-1.3428531
CC1NC(C)SC(S1)C,-1.3678802,-2.0810282
C=CC(NC(=S)NNC(=S)NC)C,-1.3655378,-1.2786797
Nc1ccc(cc1)S(=O)(=O)N,-1.36,-0.72140384
CC,-1.36,-0.91017693
O=C(C1NCCNC1)Nc1c(C)cccc1C.Cl.Cl,-1.3461701,-1.5934367
OC[C@H]1O[C@@H](Oc2cc(O)c3c(c2)oc(c(c3=O)O)c2ccc(c(c2)O)O)[C@@H]([C@H]([C@@H]1O)O)O,-1.3461033,-2.0072904
CC(C(Cl)(Cl)Cl)(O)C,-1.3459836,-1.8468344
CN1C[C@@H]2C[C@H](C1)c1n(C2)c(=O)ccc1.I,-1.342403,-1.1394601
COc1cc(CC(N)C)cc(c1)OC.Cl,-1.3275371,-1.0327449
OC(=O)[C@](Cc1ccc(c(c1)O)O)(N)C,-1.3247288,-0.65207237
COCCN(C(=O)c1cc(OC)c(c(c1)OC)OC)CCOC,-1.3219236,-1.5262346
CCN1CC2CCC(C1)N2C(=O)CC,-1.3202415,-1.4686639
CCCC(=O)N1C2CCC1CN(C2)C,-1.3202415,-1.50456
Br/C=C/Br,-1.32,-1.8925338
O=C(N[C@@H]1C(=O)N2[C@@H]1SCC(=C2C(=O)O)CN1C=CC=C=C1)Cc1cccs1,-1.32,-3.3024068
OC[C@H]1O[C@@H](O[C@@]23C[C@@H]4[C@@]3(COC(=O)c3ccccc3)[C@@H]3O[C@@]2(C)C[C@]4(O3)O)[C@@H]([C@H]([C@@H]1O)O)O,-1.3199348,-2.0951524
Nc1oc2c(n1)cc(c(c2)O)Cl,-1.31973,-1.9572561
OC[C@H]1O[C@H](C[C@@H]1O)n1cc(F)c(=O)[nH]c1=O,-1.3157305,-1.297614
Cc1n[nH]c(=O)[nH]c1=O,-1.3062654,-0.8931947
O=C(COc1ccc(cc1)F)OCC[NH+](C)C.[Cl-],-1.3037281,-1.3582721
Cl/C=C/Cl,-1.3,-1.5841773
CCCCCC=O,-1.3,-1.4940374
OCC(COCc1ccc(cc1)OC)O,-1.2974536,-0.8939798
NC1=NCC(O1)CN1CCN(CC1)c1ncccn1,-1.29302,-1.8040304
CC(Cl)Cl,-1.29,-1.5720348
CC1=CC(=O)C(=CC1=O)C,-1.2882996,-1.0756432
F/C=C(/Cl)\F,-1.2849139,-1.6005478
CC(=O)c1ccccc1,-1.28,-1.091437
CCCC(=O)OCC,-1.28,-1.3340558
CCc1[nH]c2c(n1)n(C)c(=O)n(c2=O)C,-1.2732016,-1.7690748
O/N=C\1/CCCCC1C,-1.2662235,-2.4738088
CNC(=O)OCc1cccc(n1)COC(=O)NC,-1.262741,-2.184022
CCOc1ccc(cc1)N,-1.2616572,-1.5226015
Cc1cc(=O)[nH]c(=O)[nH]1,-1.26,-1.1832237
C1SCCS1,-1.2593441,-0.8368157
NC(=O)NC1CCCCC1,-1.2471098,-1.7836154
NCCc1c[nH]c2c1cc(OC)cc2,-1.2470999,-1.480284
CCCNC(COC(=O)c1ccccc1)(C)C.Cl,-1.2383258,-2.884345
N[C@@H](C(=O)O)Cc1ccccc1,-1.23,-0.28366613
CC(=O)NS(=O)(=O)c1ccc(cc1)N,-1.23,-1.4965394
CC1(CNC1)c1ccccc1,-1.2269555,-0.7888068
OS(=O)(=O)SCCNCCCc1ccccc1,-1.2198259,-1.4175866
[O-][N+](=O)N(CCO[N+](=O)[O-])CCO[N+](=O)[O-],-1.2190748,-0.54042083
CN(CCC(c1ccccn1)c1ccc(cc1)Br)C.OC(=O)/C=C\C(=O)O,-1.2172027,-2.0139954
OC(=O)C1=C/C(=C(\c2ccc(c(c2)C(=O)O)[O-])/c2ccc(c(c2)C(=O)[O-])[O-])/C=CC1=O.[Na+].[Na+].[Na+],-1.2115566,-0.23764205
OC(=O)c1c(O)cccc1O,-1.2074039,-1.5220362
OCc1ccc(cc1)C,-1.2,-1.4695427
CCN(C(C(=O)c1ccccc1)C)CC.Cl,-1.1986912,-1.7719176
Cn1ccn(/c/1=C\[NH+]=O)COCC1CCCCC1.[Cl-],-1.1966215,-0.886782
Cc1ccc(c(c1)C)O,-1.19,-2.0142145
COC(=O)C(Cc1ccc(cc1)Cl)N,-1.1805061,-2.3077047
O=c1oc2c([nH]1)cccc2,-1.1783211,-1.1814401
OC[C@@H]1CC[C@@H](O1)n1cnc2c1[nH]cnc2=O,-1.1746798,-1.5921268
C[N+](Cc1ccccc1)(CCCCCCCCCC[N+](Cc1ccccc1)(C)C)C.[Br-].[Br-],-1.1741908,-1.3274934
CC1CNC(N1)(C(F)(F)F)C(F)(F)F.O,-1.1577643,-0.65160537
CCCC(C(=O)N)(C)C,-1.1541444,-1.5888767
OC(c1ccccc1)C(=O)OC1CC2CCC(C1)[N+]2(C)Cc1ccccc1.[Br-],-1.1527799,-2.210105
[O-]S(=O)c1ccccc1CSSCc1ccccc1S(=O)[O-].[Na+].[Na+].O.O.O,-1.1506654,-3.5718298
c1ccc(cc1)Cn1cncn1,-1.1484586,-1.5777655
OCCCC(C)C,-1.14,-0.67631364
CC(=O)c1ccc(cc1)O,-1.1383824,-1.5693848
CC1=NN(C(=O)CC1)CCc1ccncc1,-1.1356066,-0.6084193
CCC(C(=O)NC(=O)N)CC,-1.1328833,-1.5233201
Nc1cccc2c1[nH]nc2,-1.1278425,-0.7784307
CC(C#CBr)(CC)O,-1.1274999,-1.2217935
CC(=O)CNc1ccccc1C(=O)N,-1.1242268,-1.5608534
CCC(C(=O)N)C(C)C,-1.1236063,-1.4505095
NCCc1ccc(cc1)O,-1.12,0.13089108
CCC[C@@H](CO)C,-1.11,-1.0114596
CCC1(CC)C(=O)NC(=O)NC1=S,-1.1056858,-2.0932298
[O-][N+](=O)c1nccn1CC(=O)NCC(CO)O,-1.1019758,-1.1611748
CC(=O)NCc1ccccc1,-1.1014985,-1.1125292
CCC[NH2+]C(C(c1ccccc1)O)C.[Cl-],-1.1011803,-1.2482076
COc1c(OC)cccc1C(=O)OCCN(C)C.Cl,-1.0984205,-1.934454
CC1CCCCC1O,-1.0966743,-1.2913325
NNC(=O)CC(C)C,-1.0949572,-0.82778275
Oc1ccc(cc1)Br,-1.09,-1.6594841
COC(=O)CCC[N+](=O)[O-],-1.0813414,-0.6872797
CN(C1CN(C(=O)C1)c1ccccc1)C,-1.0646982,-1.6841419
CCOP(=O)(N(C)C)OP(=O)(N(C)C)OCC,-1.0635263,-0.98029447
CCC=C(COC(=O)N)COC(=O)N,-1.0553826,-1.5064838
CCC1(C(=O)NC(=NC1=O)[O-])c1ccccc1.[Na+],-1.0491855,-1.495926
C[C@@H]1N(C)CCO[C@H]1c1ccccc1,-1.0433589,-1.0828944
Fc1cc2c(cc1N1CCNCC1)n(cc(c2=O)C(=O)O)C1CC1,-1.0431617,-3.0288022
O=C1NC(=O)C(C(=O)N1C)(C)C1=CCCCC1.[Na+],-1.0281309,-1.2093102
OCC(CCl)(CCl)CO,-1.0278105,-0.5282183
O=C1Cc2c(N1C)cccc2,-1.0186208,-1.3644503
Nc1ccc2c(c1)CON(C2)C(=O)C,-1.0166223,-1.8211149
ClC(=O)CN1C(=O)c2c(C1=O)cccc2,-1.0070724,-2.0498223
OCCn1c(C)cnc1[N+](=O)[O-],-0.9938424,-1.3028883
CCCCOC,-0.99,-0.85060513
OC(=O)/C=C/c1ccc(cc1)N,-0.98220736,-1.1077508
Cc1cccc(c(=O)c1)O,-0.98172927,-1.1769226
CC(Cc1ccc(cc1)F)N,-0.98113877,-1.1036431
Nc1ccc(cc1)S(=O)(=O)[N-]c1nccs1.[Na+],-0.9790443,-2.3267872
CC[N+](CC[N+]1(C)Cc2c(C1)c(Cl)c(c(c2Cl)Cl)Cl)(CC)C.[I-].[I-],-0.9660678,-0.49480337
N#Cc1ncnc2c1[nH]cn2,-0.95762223,-1.7601355
OC(=O)/C=C/c1ccc(cc1)O,-0.95281625,-1.4358243
Nc1nc2c([nH]1)cccc2,-0.9505854,-0.92863464
OP(=O)(SCCCNCCCNCCCSP(=O)(O)O)O,-0.9480031,-0.26790547
COc1cc(CC(N)C)cc(c1OC)OC.Cl,-0.9350065,-0.8967525
OC[C@@H](c1ccccc1)C(=O)O,-0.93,-0.745801
CO/C(=C\C(=O)O)/C(=O)C(=C)C,-0.9298377,-0.74524724
OCCN1CCN(CC1)c1nc(NC)nc(c1SC)Cl,-0.9034126,-1.6031914
CCCC[N+](CCC)(CCC)CCC.[OH-],-0.9010909,-1.096585
CC[C@@H](C(O)(C)C)C,-0.89,-1.0086782
CCCC[C@H](O)C,-0.89,-1.046586
SC/C(=[NH+]\CCc1ccc(c(c1)OC)OC)/N.[Cl-],-0.8884155,-0.24842918
NC(=O)c1ccccc1Cl,-0.8831788,-1.7480199
CC(CC(=O)N)C,-0.8830736,-0.7895677
CCCC(C(=O)C)C(=O)C,-0.88,-1.5051854
C=CCN1C(=S)NCC1=O,-0.875626,-0.87467104
O=C(c1ccccc1O)Nc1ncn[nH]1,-0.8754634,-1.8220232
COc1cc2CNCCc2cc1OC.Cl,-0.86701393,-1.0755796
CN(c1ccc2c(c1)sc1c(n2)ccc(=[N+](C)C)c1)C.[Cl-],-0.86546123,-2.1742828
CC(Cc1ccc(cc1)O)NCC(c1cc(O)cc(c1)O)O,-0.86526996,-1.6286291
O=Cc1ccccc1O,-0.86,-1.1909785
C[N+]1(CCCC1)C1CSSC1.[I-],-0.84529936,-0.040742993
OC(=O)[C@H](Cc1c[nH]c2c1cc(O)cc2)N,-0.844562,-0.7876442
CCOC(=O)N1CCN(CC1)CN1CCN(CC1)C(=O)OCC,-0.84432244,-1.951347
COC(=O)c1sccc1S(=O)(=O)N,-0.8370176,-1.2908194
COc1ccc(cc1CC([N+](C)(C)C)C)OC.[Cl-],-0.83646214,-0.4529699
[O-]/C(=C\[N+]#N)/OC[C@@H](C(=O)O)N,-0.8264111,-0.8948487
CC1(C)CCC(N1)(C)C,-0.8212917,-0.7701813
c1ccco1,-0.82,-0.25774145
CCCOC(=O)CC,-0.82,-1.3796921
N1CCN(CC1)Cc1ccc2c(c1)OCO2,-0.8089332,-1.0451994
C=CCC1(CC(O)C)C(=O)NC(=O)NC1=O,-0.8082582,-1.7180684
[O-][N+](=O)CCC,-0.8,0.0654397
CCCCC(=O)C,-0.8,-1.1765074
CCOC(=O)OCC,-0.7982097,-0.61890364
O=C(N[C@@H]1C(=O)N2[C@@H]1SC([C@@H]2C(=O)[O-])(C)C)COc1ccccc1.[K+],-0.7865938,-1.5511054
NCCc1cc(OC)c(c(c1)OC)OCC,-0.78406703,-1.3907444
O=C(Oc1cccc(c1)[N+](C)(C)C)/C=C/c1ccccc1.[Br-],-0.7830545,-1.4171402
NCC(c1ccccc1)C.Cl,-0.7829029,-0.71442187
COC(=O)c1ccccc1S(=O)(=O)N,-0.7793698,-1.3097239
Cc1cccc(c1OCC[N+](C)(C)C)C.[Br-],-0.7722087,-0.74541235
OC[C@@H]1O[C@H](OC[C@@H]2O[C@H](O[C@H](c3ccccc3)C#N)[C@H]([C@@H]([C@H]2O)O)O)[C@H]([C@@H]([C@H]1O)O)O,-0.77,-0.3828435
ONC(=O)c1ccccc1N,-0.7477116,-1.0391142
C=CCN1C(=O)OC(C1=O)C,-0.7375948,-1.2655308
OCC1=CNC(=O)C(C1=O)(CC)CC,-0.7326889,-0.7331045
NC(=O)NC(C)(C)C,-0.7306178,-0.9897719
Nc1ccccc1O,-0.72,-0.8302703
OCC[C@H](CC)C,-0.72,-1.0027101
CCn1c(=O)n(C)c2c(c1=O)n(C)cn2,-0.7189689,-1.8173485
COc1cc(ccc1OC)CC(N)C.Cl,-0.7166035,-0.820065
OCC(COC(C=C)Br)O,-0.71373546,-1.3069714
S=C1NCCN1,-0.71,0.18237567
OC(=O)C(Cc1ccc(c(c1)O)O)(N)C,-0.7035526,-0.65207237
CN1CCN(C1c1ccc(cc1)C)C,-0.7030746,-1.1825109
Oc1cccc(c1)Cl,-0.7,-1.2656082
CC[C@H](C(C)C)O,-0.7,-0.9083525
COC(c1ccccc1)CN(C)C,-0.6947821,-1.4502141
ClCCN(CC)CC,-0.69146264,-0.99024796
NCCc1c[nH]c2c1cccc2,-0.6860712,-1.1553752
Nc1ccc2c(c1)[n+](C)c1c(c2)ccc(c1)N.[Cl-],-0.68480223,-2.2190373
CC(Cc1ccccc1)N,-0.6833857,-0.31918788
Cc1cccc(c1)O,-0.68,-1.1136706
Nc1nc(=S)c2c([nH]1)nc[nH]2,-0.6633037,-1.819571
CCOP(=O)(OP(=O)(OC)OC)OCC,-0.6581026,-0.1022203
CN(CCC(=O)c1ccccc1)C,-0.6575143,-0.9486687
Nc1c(C)n(n(c1=O)c1ccccc1)C,-0.62,-1.7724438
CCC1C(=O)N(C)C(=O)N(C1=O)C,-0.6149703,-1.4197998
OCC(COc1ccccc1OC)O,-0.5981731,-1.0097214
O=c1[nH]c(=O)c2c(n1)[nH][nH]n2,-0.58948183,-0.7817914
CC[NH2+]C(C(c1ccccc1)O)C.[Cl-],-0.5841561,-0.37154573
CCC(C(c1ccccc1)O)[NH2+]C.[Cl-],-0.5841561,-0.4173236
C[C@@H](Cc1ccccc1)N,-0.5831111,-0.31918788
CN/C(=C\[N+](=O)[O-])/NCCSCc1csc(n1)CN(C)C,-0.5660347,-2.2691128
COc1ccc(c(c1)C(C[NH3+])(O)C)OC.[Cl-],-0.5576352,-0.51274174
CC1(CC)CC(=O)NC1=O,-0.55623484,-1.0302026
O=C(C(c1ccco1)O)c1ccco1,-0.55419683,-1.438931
CCC(=O)OCN1C2CCC1CN(C2)C,-0.5331453,-0.68608993
[O-]P(=O)(OP(=O)([O-])[O-])[O-].[Na+].[Na+].[Na+].[Na+],-0.51409394,0.26720524
O=C1CC(CC(=O)N1)CC(C1CC(C)(O)CC(C1=O)C)O,-0.4973783,-0.998255
c1ccc(cc1)CC1=NCCN1.Cl,-0.49718142,-1.2361479
CCCC(O)(C)C,-0.49,-0.6028684
CC(=C)COCC(CO)O,-0.47826952,0.108303785
Oc1cccccc1=O,-0.47539282,-0.76306844
CNCC(=O)c1ccc(c(c1)O)O,-0.46448588,-0.43743956
COC(=O)c1cccnc1,-0.46,-0.7043872
CCCNCCC,-0.46,-0.6076873
Nc1cnccc1N,-0.4553207,-0.077706814
OCC(=O)Nc1ccccc1,-0.44705746,-0.5626876
NCCC(=O)N[C@H](C(=O)O)Cc1[nH]cnc1,-0.44032434,-0.6789321
OC[C@H]1O[C@H]([C@H]([C@@H]1O)O)n1cnc(nc1=O)N,-0.43866098,-0.42911237
N[C@@H]1C[C@H]1c1ccccc1,-0.4378484,-0.24747777
OC(=O)CCI,-0.43,-0.63031304
CC1=NS(=O)(=O)c2c(N1)nccc2,-0.42623016,-1.6769078
OC[C@H]1O[C@H]([C@@H]([C@@H]1O)O)n1cnc2c1ncnc2,-0.40179673,-1.0044305
O=C1NCC(=O)N1,-0.4,-0.19630486
O1CCOCCOCCOCCOCC1,-0.39762464,-0.55958956
OCCNC(=O)c1ccccc1O,-0.3930326,-0.68340105
OCc1cc(C)cc(c1O)CO,-0.38758612,-0.26765394
CCCC[N+](CCCC)(CC)CC.[OH-],-0.3824593,-0.43058622
CCN1C(CCCCCC[N+](CC)(CC)CC)CCC1C.[I-].I,-0.3786165,-3.9252584
S=C(Nc1ccccc1)NC(=S)N,-0.37114185,-2.2673686
CNC(=O)Oc1ccccc1C[N+](C)(C)C.[I-],-0.3682249,0.20670915
O=C1[N-]C(=O)C(O1)(C)C.[Na+],-0.36701116,-0.37504846
COCCC/N=C(/CSS(=O)(=O)O)\N,-0.354984,-0.8233486
c1cnc2c(c1)[nH]cn2,-0.3274346,-1.3936568
CSCCC(C(=O)O)NC(=O)C,-0.32159525,-0.48629582
NCCc1cccs1,-0.30104706,-0.8100244
OCc1ccccc1O,-0.29,-0.40734553
Cn1c2ccccc2c2c1c(C)[n+](CCC[N+](C)(C)C)cc2.[Br-].[Br-],-0.27634215,0.14166701
OC(=O)[C@@H]1[C@H]2CC[C@@H]([C@@H]1C(=O)O)O2,-0.27,-0.7432114
C[NH+](CCC[n+]1ccc2c(c1)cccc2)C.[Cl-].[Br-],-0.2654494,-0.5854519
O=C1NC(=O)CC(C1)(C)C,-0.25709137,-0.8785318
CCOC(=O)CN(CC)CC,-0.25409853,-0.2083075
Cc1ccn[nH]1,-0.25227848,-0.5874386
[O-]C(=O)CN(CC(=O)[O-])CCN(CC(=O)[O-])CC(=O)[O-].[Co+2].[Co+2],-0.2506746,0.209342
CCC(CC)O,-0.24,-0.48785692
BrCCN(C)C.Br,-0.23371823,-0.25257593
CCN(C(=O)N)CC,-0.2316057,-0.6293533
C=CCSC(c1ccccn1)C(=O)N.Cl,-0.22434677,-1.3138285
[O-][N+](=O)CC,-0.22,0.13404107
CCOP(=O)(N(C)C)C#N,-0.21863464,0.16590273
CN(Cc1cc(CN(C)C)c(c(c1)CN(C)C)O)C,-0.2090587,-1.1468748
CN(C(=O)c1ccccc1O)C,-0.20095567,-1.0881554
C[C@H](C(C)C)O,-0.2,-0.46239233
OC(=O)CCC(=O)O,-0.2,0.12444425
CCCC(=O)O,-0.19,0.0016391277
[O-][Cl](=O)(=O)=O.CC(=CC=CN1CCCC1)C=[N+]1CCCC1,-0.18964837,0.031004429
c1ccc[nH]1,-0.17,-0.8016685
OS(=O)(=O)O.OS(=O)(=O)O.OS(=O)(=O)O.OC[C@@H]1O[C@@H](O[C@H]2[C@H](O[C@H]3[C@H](O)[C@@H](O)[C@@H]([C@H]([C@@H]3N=C(N)N)O)N=C(N)N)O[C@H]([C@]2(O)C=O)C)[C@H]([C@@H]([C@H]1O)O)NC.OC[C@@H]1O[C@@H](O[C@H]2[C@H](O[C@H]3[C@H](O)[C@@H](O)[C@@H]([C@H]([C@@H]3N=C(N)N)O)N=C(N)N)O[C@H]([C@]2(O)C=O)C)[C@H]([C@@H]([C@H]1O)O)NC,-0.16357161,0.14841413
N[C@H](C(S)(C)C)C(=O)O,-0.13,0.07225299
COc1cccc(c1C(=O)N[C@@H]1C(=O)N2[C@@H]1SC([C@@H]2C(=O)[O-])(C)C)OC.[Na+],-0.12753348,-2.052702
Nc1ccc(cc1)P(=O)(O)O,-0.124373786,-0.505386
O=Cc1ccco1,-0.1,-0.26757127
CC1C(=O)N(C)C(=O)N(C1=O)C,-0.09415733,-1.2363094
NCCCNC(CS)(C)C.Cl.Cl,-0.0881564,-0.1612109
OCC(CN1CCN(CC1)c1ccccc1)O,-0.082344525,-0.65857506
CC1OC(C)OC(O1)C,-0.071878724,-0.4413587
O=C(c1ccccc1)Oc1ccccc1C[N+](C)(C)C.[Br-],-0.07016933,-0.42796433
CCOC(=O)C,-0.04,-0.08769846
COCCNCC(COc1ccccc1)O,-0.03887082,-0.570859
C1CCCOC1,-0.03,-0.30058086
CC(CCCC(O)(C)C)N,-0.028884724,-0.001062274
S[C@@H]1CC[C@H]1C[NH3+].[Cl-],-0.028220948,0.16427302
C[n+]1ccc(cc1)c1cccs1.[I-],-0.017780356,-0.0834918
Oc1ccc(c(c1)S(=O)(=O)O)O.CCNCC,0.008641938,-0.004759431
CC(Cc1ccc(cc1)O)N.Br,0.009033913,0.15134084
OCc1c(CO)cnc(c1O)C.Cl,0.029319309,0.13636827
CCS(=O)(=O)CC,0.04,-0.040039778
OCC(CBr)O,0.04268963,0.097506285
OCC(COc1ccc(cc1)O)O,0.052794952,-0.13790607
OCC(COc1ccccc1C(=O)N)O,0.05366903,-0.4754613
NCC1CCC(C(O1)OC1C(NC)CC(C(C1O)OC1OCC(C(C1O)NC)(C)O)N)N,0.05403837,0.18062806
[O-]C(=O)C(Cc1cnc[nH]1)N.[O-]C(=O)C(Cc1cnc[nH]1)N.[Co+2],0.0572747,-1.0329374
CN(Cc1ccccc1)CC#C.Cl,0.06445722,-1.0699644
CC12COP(OC1)OC2,0.079870775,0.15227175
[O-]C(=O)CCC(=O)[O-].[Na+].[Na+],0.0913756,0.29623008
NC(=O)OC(C)(C)C,0.1,-0.95002294
Cc1cc(=O)c(=O)[nH][nH]1,0.13400355,-1.032279
O=C(OCC[N+](C)(C)C)CCC(=O)OCC[N+](C)(C)C.[Cl-].[Cl-],0.14109725,0.4112531
CN1CCc2c(C1)cc(c(c2)O)O.Cl,0.14620312,0.10528946
O=C(NC1C=CC(OC1C(=O)O)n1ccc(nc1=O)N)CC1CCN(C(=N1)N)C,0.14873628,-0.80180573
COC(=O)C1C[N+]2(CCOCC[N+]34CCC(CC3)C(C4)C(=O)OC)CCC1CC2.[I-].[I-],0.1775939,-0.041847587
FCCNCCF.Br,0.17905515,0.057311535
CC[N+](CCNc1nc(NCC[N+](CC)(CC)CC)nc(n1)Cl)(CC)CC.[I-].[I-],0.1832041,-0.5117147
OS(=O)(=O)O.CNC(=O)Oc1ccc2c(c1)[C@]1(C)CCN([C@@H]1N2C)C.CNC(=O)Oc1ccc2c(c1)[C@]1(C)CCN([C@@H]1N2C)C,0.18790522,-4.463052
NCCC[C@@H](CC(=O)NCCC[C@@H](CC(=O)N[C@H]1[C@@H](O[C@@H]([C@@H]([C@H]1O)OC(=O)N)CO)NC1=N[C@H]2[C@H](N1)[C@H](O)CNC2=O)N)N,0.20017442,0.16073191
OCCN(Cc1ccccc1)CCO,0.20769285,-0.45058858
CC(=O)CC(=O)C,0.22,-0.21823049
OC[C@@H]1O[C@@H](O[C@H]2[C@H](O[C@H]3[C@H](O)[C@@H](O)[C@@H]([C@H]([C@@H]3N=C(N)N)O)N=C(N)N)O[C@H]([C@]2(O)C=O)C)[C@H]([C@@H]([C@H]1O)O)NC,0.23539053,0.1873467
OC[C@H](c1ccccc1)C(=O)OC1C[C@@H]2N([C@H](C1)[C@@H]1[C@H]2O1)C.Br,0.23883776,-0.6614866
NC[C@@H](C(=O)N[C@@H]1C[C@H](N)[C@H]([C@@H]([C@H]1O[C@H]1OC[C@]([C@@H]([C@H]1O)NC)(C)O)O)O[C@H]1O[C@H](CN)[C@H]([C@@H]([C@H]1O)O)O)O,0.24442315,0.18281579
CC[N+](CCOC(=O)C1CC2CC[N+]1(C)CC2=O)(CC)C.[I-].[I-],0.25787526,0.30985796
O[C@@H]1[C@@H](COP(=O)(OP(=O)(OP(=O)(O)[O-])[O-])O)O[C@H]([C@@H]1O)n1cnc2c1ncnc2N.[Na+].[Na+],0.2587341,-0.5269465
NCCCNCCCSP(=O)(O)O.NCCCNCCCSP(=O)(O)O.O.O.O.O.O,0.26061437,-0.12619603
ON(C(=O)C)CCC[C@@H]1NC(=O)[C@@H](NC1=O)CCCN(C(=O)C)O,0.26162785,-1.4011891
CC[N+](CCOC(=O)C1CC2CC[N+]1(C)CC2)(CC)C.[I-].[I-],0.26901355,0.28782678
CC[N+](CCc1ccc(cc1)[N+](CC)(CC)C)(CC)C.[I-].[I-],0.27384922,0.28659606
CC[N+](CCCCc1ccc(cc1)[N+](CC)(C)C)(C)C.[I-].[I-],0.27384922,0.34697568
CC[N+](CCCOCCC[N+](CC)(CC)C)(CC)C.[I-].[I-],0.27711776,0.26894975
O=C(C1CC2CC[N+]1(C)CC2)OCC([N+](C)(C)C)C.[I-].[I-],0.28048143,0.35870826
CNCCNCCSP(=O)(O)O.CNCCNCCSP(=O)(O)O.O.O.O.O.O,0.28523865,0.18697
C[N+](Cc1ccccc1)(CCCCCC[N+](Cc1ccccc1)(C)C)C.[Br-].[Br-],0.28870746,0.13062274
O=C(C1C[N+]2(C)CCC1CC2)OCC[N+](C)(C)C.[I-].[I-],0.29226038,0.35319924
C[N+](CCCCc1ccc(cc1)[N+](C)(C)C)(C)C.[I-].[I-],0.29736355,0.40545964
CC[N+](CCc1ccc(cc1)[N+](CC)(C)C)(C)C.[I-].[I-],0.29736355,0.3669436
CC[N+](CCOCC[N+](CC)(CC)CC)(C)C.[I-].[I-],0.30081466,0.2969104
OC[C@H]1C[C@H](N[C@H]2C=C(CO)[C@H]([C@@H]([C@H]2O)O)O)[C@@H]([C@H]([C@@H]1O[C@@H]1O[C@H](CO)[C@H]([C@@H]([C@H]1O)O)O)O)O,0.30321217,-0.088060856
CNC(=O)N(C)C,0.30341735,-0.16454351
C[N+](CCSSCC[N+](C)(C)C)(C)C.[I-].[I-],0.30780458,0.41878176
CC[C@@H](C(=O)O)N,0.31,0.1712848
O[C@@H]1[C@@H](COP(=O)(OP(=O)(OCC[N+](C)(C)C)[O-])O)O[C@H]([C@@H]1O)n1ccc(nc1=O)N,0.31128925,0.14202166
CC[N+](CCC1CC[N+](CC1)(C)CC)(C)C.[I-].[I-],0.31674308,0.32142067
O=S(CC[N+](C)(C)C)CC[N+](C)(C)C.[I-].[I-],0.3222106,0.4164778
C[N+](CC[N+]1(C)Cc2c(C1)cccc2)(C)C.[I-].[I-],0.32406685,0.36355698
C[N+](CCCCCCC[N+](C)(C)C)(C)C.[I-].[I-],0.32769707,0.42050397
COc1ccc(c(c1)C(CN)O)OC.Cl,0.32771254,0.16128135
CC[N+](CCS(=O)CC[N+](CC)(CC)CC)(CC)CC.[Br-].[Br-],0.3312778,0.2216785
OC(C(C(=O)O)O)C(=O)O.OC(C(C(=O)O)O)C(=O)O.CN1CCCC1c1cccnc1,0.33497468,0.0960902
C[N+](Cc1ccc(cc1)[N+](C)(C)C)(C)C.[I-].[I-],0.33520955,0.40680313
CC[N+](CCOCC[N+](C)(C)C)(C)C.[I-].[I-],0.3389762,0.404539
C[N+](CCC1CC[N+](CC1)(C)C)(C)C.[I-].[I-],0.34277296,0.4085896
COc1cc2c[n+](CCC[N+](C)(C)C)ccc2cc1OC.[Br-].[Br-],0.34658003,0.19410586
C[N+](c1ccc(cc1)[N+](C)(C)C)(C)C.[I-].[I-],0.348595,0.3995824
NCC1=CC[C@H]([C@H](O1)O[C@@H]1[C@@H](N)C[C@H]([C@@H]([C@H]1O)O[C@H]1OC[C@]([C@@H]([C@H]1O)NC)(C)O)N)N,0.34917495,0.18680573
CC[N+](CCCCCC[N+](CC)(CC)CC)(CC)CC.[Br-].[Br-],0.35031864,0.1884259
ClCCN(C)C,0.35207978,-0.25361913
C[N+](CCOCC[N+](C)(C)C)(C)C.[I-].[I-],0.3524801,0.4171033
OCC[N+](CCOCC[N+](CCO)(CC)CC)(C)C.[Br-].[Br-],0.35828304,0.2656684
CCCC[N+](CCOCC[N+](CCCC)(C)C)(C)C.[Br-].[Br-],0.36220917,0.22897887
CC[N+](CCOCC[N+]1(CC)CCCC1)(CC)CC.[Br-].[Br-],0.36422983,0.21216679
Oc1cc(C)oc(=O)c1,0.37636828,-1.1761532
CCC[N+](CCOCC[N+](CC)(C)C)(CC)CC.[Br-].[Br-],0.3764675,0.23520875
CC[N+](CCOCCC[N+](CC)(CC)CC)(C)C.[Br-].[Br-],0.3764675,0.23729944
C[N+]1(CCC[n+]2ccc3c(c2)cccc3)CCCC1.[Br-].[Br-],0.3806969,-0.64170825
C[n+]1ccc(cc1)c1cc[n+](cc1)C.[Cl-].[Cl-],0.38219166,0.062235117
C[N+](Cc1ccccc1)(CCOCC[N+](Cc1ccccc1)(C)C)C.[Cl-].[Cl-],0.38360116,0.036100864
CC[N+](CCCOCCC[N+](CC)(C)C)(C)C.[Br-].[Br-],0.3912098,0.3249445
CCC[N+](CCOCC[N+](CCC)(C)C)(C)C.[Br-].[Br-],0.3912098,0.3016765
CC[N+](CCCCCCC[N+](CC)(C)C)(C)C.[Br-].[Br-],0.39332312,0.274132
CC[N+](CCOC(C[N+](CC)(C)C)C)(C)C.[Br-].[Br-],0.40647027,0.32898617
Cc1cc[nH+]c2c1cccc2.[Cl-],0.40833786,-0.6803957
CC[N+](CCCCCC[N+](CC)(C)C)(C)C.[Br-].[Br-],0.40865934,0.3083843
CC[N+](CCOCC[N+](CC)(C)C)(C)C.[Br-].[Br-],0.4222865,0.35093784
CN(CC[N+](C)(C)C)CC[N+](C)(C)C.[Br-].[Br-],0.43987566,0.39872146
OS(=O)(=O)SCCNCC1CC1,0.44375092,-0.05894196
C[n+]1ccc(cc1)c1cocc1.[I-],0.46676278,0.12963867
C[N+](CCCC[N+](C)(C)C)(C)C.[Br-].[Br-],0.4760715,0.40997458
[NH3+][C@H]1CC[C@@H]1S.[Cl-],0.47823632,0.18644512
CCOCC(CO)O,0.48138484,0.16685677
CC(C[N+](C)(C)C)OC(=O)N.[Cl-],0.50213087,0.16735983
O1CCN(CC1)/C=C/C=C/C=[N+]1CCOCC1.[Cl-].O.O,0.51031846,0.11952591
Oc1cccc(c1)[N+](C(C)C)(C)C.[I-],0.51261413,0.2224387
CCC(=O)C,0.52,-0.24493134
Nc1n[nH]cn1,0.52,0.097782135
OCNC(=O)c1cccnc1,0.5348072,-0.004859209
O=C(OCC[N+](C)(C)C)CCC(=O)OCC[N+](C)(C)C,0.53699744,0.34564376
CC1OCC(O1)C[N+](C)(C)C.[I-],0.5419048,0.2758646
[O-]c1n(C)c(=O)n(c2c1ncn2)C.OCC[N+](C)(C)C,0.5477044,0.19821095
C[N+](CCCCCC[N+](C)(C)C)(C)C.[Cl-].[Cl-],0.5633826,0.4102912
NCCCNCCCSP(=O)(O)O.O.O,0.57619995,0.22814965
COC=O,0.58,-0.09479368
O(CCOCC1OC1)CCOCCOCC1OC1,0.5811984,-1.8544106
O[C@H]([C@H](C(=O)O)O)C(=O)O,0.5885828,0.19491732
CCC(C(c1ccc(c(c1)O)O)O)[NH2+]C.[Cl-],0.59459966,0.015507221
C=Cc1cc[n+](cc1)C.[I-],0.6071642,0.14752436
OC(C([NH2+]C)C)c1ccc(cc1)N.[Cl-],0.61155677,0.1271044
CCCC[N+](C)(C)C.[I-],0.61415786,0.3817705
C[N+]1=C(C)SCC1.[I-],0.61420435,0.19153512
COc1cc2C=[N+](C)CCc2cc1OC.[Cl-],0.6166964,-0.7903671
O[C@H]([C@H](C(=O)O)O)C(=O)O.OCCN(C)C,0.62119526,0.19726598
C[NH2+]C(C(c1ccc(c(c1)O)O)O)C.[Cl-],0.6313562,0.14471841
Oc1ccc(cc1)[N+](C)(C)C.[Br-],0.63428557,0.28937244
COC(=O)[C@H](CS)N.Cl,0.647339,0.19332278
SCCN(C)C.Cl,0.65629697,0.1633339
NOCC(=O)O.NOCC(=O)O.Cl,0.6603697,0.18680131
[O-][N+](=O)N1CN2CN(C1)CN(C2)[N+](=O)[O-],0.661199,-0.08013296
NC(=NCCCSS(=O)(=O)O)N,0.6710702,0.18543267
OCCCNC(=O)C(C(CO)(C)C)O,0.6877084,0.06437242
CNC[C@@H](c1cccc(c1)O)O.Cl,0.69108146,0.19989371
CN[C@@H]([C@H](c1ccccc1)O)C.Cl,0.695307,0.0027077198
C1CNCCNCCCNCCNC1,0.698254,0.0977993
NC(=N)N(CCOP(=O)(O)O)C,0.7052451,0.2097249
NCC(c1cccc(c1)O)O.Cl,0.7220723,0.2085526
C[C@@H]1O[C@@H]1P(=O)([O-])[O-].[Na+].[Na+],0.7225995,0.2555604
SCC(CS(=O)(=O)O)S,0.72520965,-0.16590881
OC(c1ccccc1)C(N)C.Cl,0.7266121,0.148556
NCCc1cnc[nH]1.Cl.Cl,0.7350311,-0.24982154
C[C@H]1CNCCN1,0.74,0.07675207
OC[C@H]1O[C@@H](O)[C@@H]([C@H]([C@@H]1O)O)O,0.74,0.1650126
CC(=O)OCC[N+](C)(C)C.[Cl-],0.7407407,0.37635827
Oc1ccccc1S(=O)(=O)O,0.75902665,-0.16649544
NCC(c1ccccc1)O.Cl,0.7603502,0.17573583
NCC(=O)c1ccccc1.Cl,0.765422,0.047432423
NCCCSP(=O)(O)O,0.7666206,0.19134092
NCC(=O)c1ccc(c(c1)O)O,0.77685726,-0.6624036
OC[C@H]1O[C@]([C@@H]([C@@H]1O)O)(CO)O[C@H]1O[C@@H](CO)[C@@H]([C@H]([C@@H]1O)O)O,0.79,0.0068256855
CN(CC(O)C)C,0.7930546,0.2345748
[O-]C(=O)/C=C/C(=O)[O-].[Na+].[Na+],0.7957823,0.32197428
N#CCCS(=O)(=O)[O-].[Na+],0.8037713,0.24134183
OCc1cnc[nH]1,0.8151669,-0.33836353
OCc1occ(c(=O)c1)O,0.81800115,-0.42162925
OC(C(C1OC1)O)C1OC1,0.83374584,0.19812572
CN(CCc1[nH]cnc1)C,0.8359029,-0.27434146
NCCCNCCCCN,0.83788383,0.17693675
CN(C)C,0.84,0.14766371
CCOC(=O)N,0.85,-0.1452117
O=S1(=O)CC2C(C1)O2,0.87241256,0.22935915
OCCNC(=O)C(O)C,0.8756686,0.17566085
[O-]C(=O)C(=O)CC.[Na+],0.9063297,0.23961031
N#CCCNCCC#N,0.90953386,0.1604724
C1CCCNC1.Cl,0.9150379,-0.112626076
CN(C(=O)N(C)C)C,0.94,-0.28329265
[O-]C(=O)CS.[Na+],0.9427372,0.22922647
NC(=O)N,0.96,0.13228226
OCc1ccccn1,0.9620638,0.13197792
OCCNCCO,0.9782444,0.26765203
Nc1[nH]nc(n1)N,1.0039395,-0.10665178
CNCCNC,1.054758,0.20519352
OC1COCC1,1.0549945,0.17915916
C1CCCNC1,1.07,0.080425024
N1CCNCC1,1.07,0.09835982
