smiles,target,pred
C/C(=C\CC/C=C(/CC/C=C(/CCC=C(C)C)\C)\C)/CC/C=C(/CCC=C(C)C)\C,-14.592367,-11.260421
CCCCCCCOc1ccc(c2c1cccc2)C(=N)[NH+](CCCCCCC)CCCCCCC.[Cl-],-12.576971,-11.267712
CCCCCCCCCCCCCCCCCC(=O)OCC(C(c1ccc(cc1)[N+](=O)[O-])O)NC(=O)C(Cl)Cl,-11.289111,-8.810807
OC[C@H]1O[C@@H](Oc2c3cc4cc2Oc2ccc(cc2Cl)[C@@H](O)[C@@H]2NC(=O)[C@H](NC(=O)[C@@H]4NC(=O)[C@H](CC(=O)N)NC(=O)[C@@H]([C@@H](c4ccc(O3)c(Cl)c4)O)NC(=O)[C@@H](CC(C)C)NC)c3ccc(c(c3)c3c(O)cc(cc3[C@H](NC2=O)C(=O)O)O)O)[C@@H]([C@H]([C@@H]1O)O)O[C@@H]1O[C@@H](C)[C@H]([C@@](C1)(C)N)O,-10.87559,-4.1350675
CC(=C)[C@@H]1CC[C@]2([C@H]1[C@H]1CC[C@H]3[C@@]([C@]1(C)CC2)(C)CC[C@@H]1[C@]3(C)CC[C@@H](C1(C)C)O)C,-10.844822,-9.422313
CCCCCCC[NH+](C(=N)c1ccc(c2c1cccc2)OCCC)CCCCCCC.[Cl-],-10.493563,-9.9546795
CCCCCCCCOc1ccc(c2c1cccc2)C(=N)[NH+](CCCC)CCCC.[Cl-],-9.97463,-9.572791
CCCCCC(C(c1cc(O)c2c(c1)OC(C1=C2CC(C)CC1)(C)C)C)C,-9.471969,-9.588691
CCCCc1oc2c(c1C(=O)c1cc(I)c(c(c1)I)OCCN(CC)CC)cccc2,-9.358757,-8.954727
Brc1cccnc1OCCCCCNCCSSCCNCCCCCOc1ncccc1Br.Cl.Cl,-9.341702,-9.056005
CC(=CCC(c1cccc2c1cccc2)(C(=O)N)CCN(CC=C(C)C)CC=C(C)C)C,-8.935435,-8.465549
O=C(c1c(O)c(Cc2c(O)c(C)c(c(c2O)C(=O)C)O)c(c2c1OC(C)(C)C=C2)O)/C=C/c1ccccc1,-8.889244,-8.161652
Cc1cc(C)cc(c1CNCC1CCC(CC1)CNCc1c(C)cc(cc1C)C)C.Cl.Cl,-8.659666,-8.4051485
Clc1ccccc1CNCCCCCCCCCCCNCc1ccccc1Cl.Cl.Cl,-8.638014,-8.234717
C[C@@H]1OC(=O)C(NC(=O)[C@H](OC(=O)[C@@H](NC(=O)[C@H](C)OC(=O)[C@H](NC(=O)[C@H](OC(=O)[C@@H](NC(=O)[C@@H](OC(=O)[C@H](NC(=O)[C@H](OC(=O)[C@@H](NC1=O)C(C)C)C(C)C)C(C)C)C)C(C)C)C(C)C)C(C)C)C(C)C)C(C)C)C(C)C,-8.624901,-5.988166
OC(c1ccccc1)(c1cccc(n1)C(c1ccccc1)(Cc1ccccc1)O)Cc1ccccc1,-8.5872135,-6.0581546
FC(c1cccc(c1)C(n1cncn1)(c1ccccc1)c1ccccc1)(F)F,-8.4,-6.804081
CCCCCCCCCCCCCCCCCCCCCCCCCC,-8.33,-8.672125
c1ccc2c(c1)c1cc3ccccc3c3c1c2ccc3,-8.23,-8.080773
C1CCCCCC(C1)NCC1CCC(CC1)CNC1CCCCCCC1.Cl.Cl,-8.178152,-7.2085614
OC(=O)CCC1=C(C)/C/2=C/c3[nH]c(c(c3C)C(O)C)/C=c/3\[nH]/c(=C\C4=N/C(=C\C1=N2)/C(=C4C)CCC(=O)O)/c(C(O)C)c3C,-8.082604,-5.1232395
CCc1oc2c(c1C(=O)c1cc(I)c(c(c1)I)O)cccc2,-8.019624,-7.7339497
N#CC(c1cccc2c1cccc2)(C(C)C)CC[NH+](CC=C(C)C)CC=C(C)C.[Cl-],-8.012497,-7.9769974
CCCCCCCCCCCC[N+](CCCCCCCCCCCC)(C)C.[Cl-],-7.903704,-7.5471187
CCN(CCN1c2ccccc2Sc2c1cc(cc2)C(C)(C)C)CC.Cl,-7.8745217,-7.061151
c1ccc2c(c1)c1ccc3c(c1cc2)ccc1c3cccc1,-7.87,-8.560054
c1ccc2c(c1)ccc1c2cc2cccc3c2c1CC3,-7.85,-7.8290052
BrCCN(c1ccc(cc1)OC(=O)c1ccc(cc1)C(F)(F)F)CCBr,-7.808232,-7.1486573
c1ccc2c(c1)c1cccc3c1c1c2cccc1cc3,-7.8,-8.204815
CCC(c1cccc2c1cccc2)(C(=O)N)CCN(CC=C(C)C)CC=C(C)C.Cl,-7.560621,-7.0146937
OC(c1cccc(n1)C(c1ccccc1)(c1ccccc1)O)(c1ccccc1)c1ccccc1,-7.543135,-5.7395654
CC(=O)O[C@H]1C[C@]2([C@H](/C/1=C(/C(=O)O)\CCC=C(C)C)CC[C@@H]1[C@]2(C)C(=O)[C@@H](OC(=O)C)[C@@H]2[C@]1(C)C=CC(=O)[C@H]2C)C,-7.538459,-8.321183
c1ccc2c(c1)c1[nH]c3c(c1cc2)ccc1c3cccc1,-7.42,-7.968449
CCCCCc1cc(O)c(c(c1)O)[C@@H]1C=C(C)CC[C@H]1C(=C)C,-7.412287,-7.7763205
Clc1ccc(c(c1)Cl)c1cc(Cl)c(c(c1Cl)Cl)Cl,-7.39,-7.527637
CN(CCCN1c2ccccc2Sc2c1cc(cc2)C(C)(C)C)C.Cl,-7.35361,-7.1500683
Clc1ccc(c(c1)c1ccc(c(c1)Cl)Cl)Cl,-7.25,-6.422756
CCCCCc1cc(O)c2c(c1)OC([C@H]1[C@H]2CC(=CC1)C)(C)C,-7.241582,-7.0241966
Clc1ccccc1c1cc(Cl)c(c(c1Cl)Cl)Cl,-7.21,-7.295692
O[C@@H]1[C@@H](O[C@@H]2O[C@H](C(=O)O)[C@H]([C@@H]([C@H]2O)O)O)[C@H](O[C@@H]([C@H]1O)C(=O)O)O[C@H]1CC[C@]2([C@H](C1(C)C)CC[C@@]1([C@@H]2C(=O)C=C2[C@@]1(C)CC[C@@]1([C@H]2C[C@](C)(CC1)C(=O)O)C)C)C,-7.1912575,-5.9740667
Clc1ccc2c(c1)C1(CCC(C=C1)N(C)C)c1ccccc1C=C2.Cl,-7.171258,-6.8768764
N(CC1CCCCC1)CC1CCC(CC1)CNCC1CCCCC1.Cl.Cl,-7.141789,-6.578545
N(CC1CC2CC1CC2)CC1CCC(CC1)CNCC1CC2CC1CC2.Cl.Cl,-7.1217933,-6.2269425
CCN(CCCN1c2ccccc2Sc2c1cc(Cl)cc2)CC.Cl,-7.0922623,-7.0664763
Clc1ccc(cc1)C1(O)CCN(CC1)CCC(C(=O)N(C)C)(c1ccccc1)c1ccccc1,-7.07089,-6.1140623
CC1CCCC(C1)NCC1CCC(CC1)CNC1CCCC(C1)C.CC(=O)O.CC(=O)O,-7.0633287,-6.3888555
BrCCN(c1ccc(cc1)OC(=O)c1cccc(c1)C)CCBr,-7.060268,-7.0757833
BrCCN(c1ccc(cc1)OC(=O)c1cccc(c1)[N+](=O)[O-])CCBr,-7.052888,-6.7978606
CCCCCCCCCCCCCC(=O)OC(C)C,-7.0447083,-5.947073
CCCCCCCCCCCCCCCCCCNCCSS(=O)(=O)O,-7.03039,-6.0234594
ClCCN(c1ccc(cc1)OC(=O)c1ccc(cc1)Br)CCCl,-7.0258727,-6.537127
c1ccc2c(c1)C(NCC1CCC(=CC1)CNC1CCc3c1cccc3)CC2.Cl.Cl,-6.9946437,-8.044171
C#C[C@]1(O)CC[C@@H]2[C@]1(C)CC[C@H]1[C@H]2CCc2c1ccc(c2)OC1CCCC1,-6.983896,-6.298865
Clc1ccccc1CNCC1CCCC(C1)CNCc1ccccc1Cl.OC(=O)/C=C\C(=O)O.OC(=O)/C=C\C(=O)O,-6.973995,-5.790006
CCC(C(c1ccccc1)(c1ccccc1)C(C[NH+](C)C)C)OC(=O)c1ccccc1.[Cl-],-6.913233,-6.182416
O=C(N1c2ccccc2Sc2c1nccc2)OCCCN1CCCCC1.Cl,-6.9060326,-6.1771555
O=C(N1c2ccc(cc2Sc2c1ccc(c2)N(C)C)N(C)C)c1ccccc1,-6.876197,-6.2659736
CCCCCc1cc(O)c2c(c1)OC([C@H]1[C@@H]2C=C(C)CC1)(C)C,-6.866134,-7.0945396
Clc1ccc(cc1)CNCC1CCC(CC1)CNCc1ccc(cc1)Cl.Cl.Cl,-6.845937,-7.2792687
Clc1cccc(c1)CNCC1CCC(CC1)CNCc1cccc(c1)Cl.Cl.Cl,-6.845937,-7.483726
Oc1ccc2c(c1)[C@]13CCCC[C@H]3[C@@H](C2)N(CC1)CCc1ccc(cc1)c1ccccc1.Cl,-6.8393383,-7.0142846
OC(=O)COc1c(I)cc(cc1I)I,-6.7906556,-5.510806
C1CCC(CC1)Nc1c2ccccc2nc2c1cccc2,-6.7825465,-6.1522403
BrCCN(c1ccc(cc1)OC(=O)c1ccc(cc1)OC)CCBr,-6.7786856,-6.9198194
OC(=O)/C=C/C(=O)O.OC(=O)/C=C/C(=O)O.CCCNC(=O)CN1CCN(CC1)CC1COC2(O1)c1ccccc1C=Cc1c2cccc1,-6.767874,-5.9846234
Clc1ccccc1CNCC1CCC(=CC1)CNCc1ccccc1Cl.Cl.Cl,-6.75857,-7.467117
CCN([C@@H]1CCN(C1)[C@H]1Cc2ccccc2Sc2c1cc(Cl)cc2)C,-6.755415,-5.9984193
CCN([C@@H]1CCN(C1)[C@@H]1Cc2ccccc2Sc2c1cc(Cl)cc2)C,-6.755415,-5.9984193
N(CC1CCCC=C1)CC1CCC(CC1)CNCC1CCCC=C1.Cl.Cl,-6.7454796,-6.04851
CCN(CCOc1ccc2c(c1)C(=O)c1c2ccc(c1)OCCN(CC)CC)CC.Cl.Cl,-6.696707,-6.5381474
OC(c1ccccc1)(c1ccccc1)C1CCCC(N1)C(c1ccccc1)(c1ccccc1)O,-6.6862097,-7.5201163
CCOC(=O)C1(CCN(CC1)CCC(c1ccccc1)(c1ccccc1)C#N)c1ccccc1.Cl,-6.6765213,-5.8114295
CCOc1ccc(cc1OCC)Cc1nccc2c1cc(OCC)c(c2)OCC,-6.6648746,-7.3287387
CC(CCCCCOC(=O)c1ccccc1C(=O)OCCCCCC(C)C)C,-6.64,-7.4873013
C1CCC(CC1)NCC1CCC(CC1)CNCC1CCCCC1.Cl.Cl,-6.623184,-6.151866
CCCCOc1ccc(cc1)OCC(=O)N(c1cccc(c1)OC)CCN1CCCCC1.Cl,-6.5957713,-5.685884
Cc1c2ccccc2c(c2c1cccc2)C,-6.57,-6.6036096
OC(=O)C(=O)O.CCC(NCC1COC2(O1)c1ccccc1CCc1c2cccc1)C,-6.559051,-5.5847745
BrCCSCCCCC(=O)NCCNC(=O)CCCCSCCBr,-6.555237,-4.8051925
OS(=O)(=O)O.O=CN1c2cc(OC)c(cc2[C@]23[C@@H]1[C@@](O)(C(=O)OC)[C@H](OC(=O)C)[C@]1([C@@H]3N(CC2)CC=C1)CC)[C@]1(C[C@@H]2CN(CCc3c1[nH]c1c3cccc1)C[C@](C2)(O)CC)C(=O)OC,-6.5509176,-3.8505225
CCC(C(=O)O)Cc1c(I)cc(c(c1I)O)I,-6.549162,-6.2164397
c1ccc(cc1)C(c1ccccc1)(c1ccccc1)CCN1CCN(CC1)c1cnccn1,-6.517503,-6.2221074
ClC([C@@H](c1ccccc1Cl)c1ccc(cc1)Cl)Cl,-6.51,-6.5143123
COc1cc(ccc1Nc1c2ccccc2nc2c1cccc2)NS(=O)(=O)C,-6.5028834,-5.7063317
Clc1ccccc1CNCC1CCC(CC1)CNC1CCCCC1.Cl.Cl,-6.4728956,-6.837432
COc1cc2CCN(C(c2cc1OC)CCc1cc(Cl)c(cc1Cl)Cl)C,-6.471659,-6.440392
COc1ccc(cc1)/C=C/1\CCC/C(=C\c2ccc(cc2)OC)/C1=O,-6.467381,-5.504082
CCCCCCCCOc1ccccc1NC(=O)OCC[NH+]1CCCCC1.[Cl-],-6.4088535,-6.295488
COc1cc2c(cc1OC)CCN(C2CCc1cc(Cl)cc(c1OC)Cl)C,-6.398295,-5.6749225
C1CCC(CC1)NCC1Cc2c(C1)c1Cc2cc1CNC1CCCCC1.Cl.Cl,-6.34558,-7.620038
ClC1=C(Cl)[C@@]2(C([C@@]1(Cl)[C@H]1[C@@H]2[C@H]2C[C@@H]1[C@@H]1[C@H]2O1)(Cl)Cl)Cl,-6.29,-6.2362494
[O-]C(=O)CCCCCCCCCCC1CCC=C1.[Na+],-6.286064,-4.5662074
c1cc(/C=C/c2ccccc2)nc(c1)/C=C/c1ccccc1,-6.276269,-6.0036716
CCOC(=O)CCC(=O)O[C@H]1[C@@H](O[C@@H](C[C@@H]1N(C)C)C)O[C@@H]1[C@@H](C)[C@H](O[C@@H]2O[C@@H](C)[C@@H]([C@](C2)(C)OC)O)[C@@H](C)C(=O)O[C@H](CC)[C@@]([C@@H]([C@H](C(=O)[C@@H](C[C@@]1(C)O)C)C)O)(C)O,-6.2708974,-5.2178693
CCCCCCOc1ccc(cc1)C(=O)OCCCN1CCCCC1C,-6.233857,-6.051431
CN(c1ccc(cc1)CNCC1CCC(CC1)CNCc1ccc(cc1)N(C)C)C.Cl.Cl.Cl.Cl,-6.231992,-5.337104
Ic1ccc(nc1)SCCCCCCCCN1CCSC1.Cl,-6.2291393,-6.4145746
[O-][N+](=O)c1ccc(cc1)CCN1CC[C@@]23[C@H]([C@H]1Cc1c3cccc1)CCCC2.Cl,-6.217966,-6.498034
Clc1ccc(nc1)OCCCNCCSSCCNCCCOc1ccc(cn1)Cl.Cl.Cl,-6.201363,-7.0069757
Clc1cnc2c(c1)N(C(=O)SCCN(C(C)C)C(C)C)c1c(S2)cccc1.Cl,-6.1944337,-6.802806
Oc1c(CN2CCCCC2)cc(cc1CN1CCCCC1)C(c1ccccc1)(C)C.Br.Br,-6.1461573,-6.261621
OC[C@H]1O[C@@H](O[C@H]2C[C@]3(C)[C@@H]([C@@]4([C@@H]2C(C)(C)[C@@H](O)CC4)C)C[C@H]([C@H]2[C@@]3(C)CC[C@@H]2[C@@](O[C@@H]2O[C@H](CO)[C@H]([C@@H]([C@H]2O)O)O)(CCC=C(C)C)C)O)[C@@H]([C@H]([C@@H]1O)O)O,-6.1447334,-5.2335978
CCCCC1=CC(N(C(C1)(C)C)C(=O)CN1CCCCC1)(C)C,-6.1403685,-5.4521813
Clc1cc(Cl)c(c(c1)Cl)c1ccccc1,-6.14,-6.028339
CCCCCCOC(=O)c1ccccc1C(=O)OCCCCCC,-6.14,-6.393765
Clc1ccc(cc1)C(c1ccccc1)N1CCN(CC1)Cc1cccc(c1)C.Cl.Cl,-6.124818,-5.82236
CCCC[N+]12CCC(C(C1)C=C)C[C@@H]2[C@H](c1ccnc2c1cc(OC)cc2)O.[Cl-],-6.105578,-5.790878
O=C1C=C[C@]2(C(=C1)[C@@H](F)C[C@@H]1[C@]2(F)[C@@H](O)C[C@]2([C@H]1C[C@H]([C@]2(O)C(=O)COC(=O)C(C)(C)C)C)C)C,-6.100947,-4.8868527
CNC1CCC2(C=C1)c1ccccc1C=Cc1c2cccc1.Cl,-6.0937223,-5.4487624
COc1cc(cc(c1OC)OC)C(=O)OCCOCCN1CCN(CC1)C(c1ccc(cc1)Cl)c1ccccc1.Cl.Cl,-6.0923753,-5.7697344
C1CC(CCC1CNC1CC2CC1CC2)CNC1CC2CC1CC2.Cl.Cl,-6.08599,-5.7276382
CCCCCC1CCCC1,-6.08,-5.1617017
COC(=O)Cc1c2cc(OC)ccc2n(c1C)C(=O)c1ccc(cc1)Cl,-6.077569,-4.757114
CN(CC/C=C\1/c2ccccc2Sc2c1cc(Cl)cc2)C.Cl,-6.0771117,-6.4591255
Fc1ccc(cc1)C(c1ccc(cc1)F)N1CCN(CC1)C/C=C/c1ccccc1,-6.0769806,-5.6876025
CCCCOc1ccc(cc1)OCC(=O)N(c1ccccc1OC)CCN1CCCC1.Cl,-6.076763,-5.595042
CCCN(CCOc1c(cc(cc1c1ccccc1)Br)C(=O)N)CCC,-6.059109,-6.331299
CCCCCCCCCCCCCCO,-6.05,-5.5680833
CO[C@H]1[C@H](C)O[C@H]([C@@H]([C@@H]1O)O)O[C@H]1CC[C@]2(C(=C1)CC[C@@H]1[C@@H]2CC[C@]2([C@]1(O)CC[C@@H]2c1ccc(=O)oc1)C)C,-6.036308,-6.5376925
N#CC(c1cccc2c1cccc2)(CC=C(C)C)CCN1CCCC1.Cl,-6.0354877,-6.61752
CN(CCCN1c2ccccc2CCc2c1cc(Cl)cc2)C,-6.030505,-5.5031724
OC(=O)/C=C\C(=O)O.CCC(=O)c1ccc2c(c1)N(CC(N(C)C)C)c1c(S2)cccc1,-6.002439,-5.4565043
COc1ccc(cc1OC)CCN(CCCC(c1ccc(c(c1)OC)OC)(C(C)C)C#N)C.Cl,-5.9861345,-5.3582377
OC(=O)C(=O)O.CCC(=O)N(c1ccccc1)CC(N1CCC(CC1)c1ccccc1)C.CCC(=O)N(c1ccccc1)CC(N1CCC(CC1)c1ccccc1)C,-5.9759955,-7.3157506
CN(CCCC1(OC(c2c1cccc2)(C)C)c1ccc(cc1)C(F)(F)F)C.Cl,-5.9617662,-5.4709554
CCCCCCC1CCCCN1CCCOC(=O)c1ccccc1,-5.947612,-5.693147
CCCCSc1ccc(cc1)C(c1ccccc1)SCCN(C)C.Cl,-5.9426093,-6.2161055
CCCCOc1ccc(cc1)NC(=S)Nc1ccc(cc1)N(C)C,-5.9273868,-5.3928094
CCCC(=O)O[C@@]1([C@@H](C)C[C@@H]2[C@]1(C)CC(=O)[C@]1([C@H]2CCC2=CC(=O)C=C[C@]12C)F)C(=O)CCl,-5.902098,-5.647918
CN1CCN(CC1)C1Cc2ccccc2Sc2c1cc(Cl)cc2.OC(=O)/C=C\C(=O)O,-5.9009967,-5.750501
CN(CCCN1c2ccc(cc2Sc2c1cc(Cl)c(c2)O)O)C,-5.8948274,-5.1227674
CCCCC(=O)O[C@@]1(CC[C@@H]2[C@]1(C)C[C@H](O)[C@H]1[C@H]2CCC2=CC(=O)C=C[C@]12C)C(=O)CO,-5.889026,-4.8728657
CCCCCCCCCCCCCCCCCCOS(=O)(=O)[O-].[Na+],-5.877446,-6.096687
CC(NCC1COC2(O1)c1ccccc1C=Cc1c2cccc1)C.OC(=O)/C=C\C(=O)O,-5.870855,-5.950615
O[C@H]([C@H](C(=O)O)O)C(=O)O.CCC(c1ccccc1)CN1CC[C@@]23[C@H]([C@H]1Cc1c3cc(cc1)O)CCCC2,-5.869432,-6.106218
CCCC[NH+](CCCC1(c2ccccc2)C(=O)Oc2c1cccc2)CCCC.[Cl-],-5.8655124,-6.5101733
Cc1ccc2c(c1)ccc1c2cccc1,-5.84,-6.034054
CC[NH+](CCOC(=O)CC1c2ccccc2c2c1cccc2)CC.[Cl-],-5.816602,-5.7618365
CC[NH+](C(COC(=O)C1c2ccccc2c2c1cccc2)C)CC.[Cl-],-5.816602,-5.674563
O=c1[nH]c2c(n1CCCN1CCN(CC1)C(c1ccccc1)c1ccccc1)cccc2,-5.8101773,-4.4847755
CC(=O)O[C@H]1C[C@@H]2CC[C@@H]3[C@@H]([C@]2(C[C@@H]1N1CCCCC1)C)CC[C@]1([C@H]3C[C@@H]([C@@H]1OC(=O)C)[N+]1(C)CCCCC1)C.[Br-],-5.7998953,-7.726292
COc1cc2OC(C)(C)C=Cc2c2c1c(=O)c1c(n2C)cccc1,-5.787848,-5.210062
OC(=O)C(=O)[O-].COc1ccc2c(c1)n(CCC[NH+](C)C)c1c2ccc(c1)Cl,-5.7795014,-5.7043185
CCN(CCN1c2ccccc2Sc2c1cccc2)CC.Cl,-5.7698107,-5.2333655
CN1CCN(CC1)CC/C=C\1/c2ccccc2Sc2c1cc(cc2)S(=O)(=O)N(C)C,-5.7662015,-5.304276
[O-]S(=O)(=O)C.OCc1ccc2c3c1sc1cc(Cl)ccc1c3nn2CC[NH+](CC)CC,-5.735967,-4.584625
OC(=O)/C=C/C(=O)O.OC(=O)/C=C/C(=O)O.CNC(=O)CN1CCN(CC1)CC1COC2(O1)c1ccccc1C=Cc1c2cccc1,-5.7348456,-5.696543
CCOC(=O)Oc1c(OC)cc(cc1OC)C(=O)O[C@@H]1C[C@@H]2CN3CCc4c([C@H]3C[C@@H]2[C@@H]([C@H]1OC)C(=O)OC)[nH]c1c4ccc(c1)OC,-5.726689,-6.5866575
Clc1ccc2c(c1)C(=NCc1n2c(C)nc1)c1ccccc1F,-5.720941,-6.6716704
COc1cc2c(cc1OC)c1C[C@H]3CCCN3Cc1c1c2c(OC)c(OC)cc1,-5.719691,-5.8960814
CCC(C(=O)OCC(Br)(Br)Br)CC,-5.716896,-5.7895055
CO[C@@H]1[C@@H](OC(=O)N)[C@@H](O)[C@H](OC1(C)C)Oc1ccc2c(c1C)oc(=O)c(c2O)NC(=O)c1ccc(c(c1)CCC(C)C)O,-5.7130795,-5.200559
COCCOCCOCCOCCOCCOCCOCCOCCOCCOC(=O)c1ccc(cc1)NCCCC,-5.691659,-4.466082
CN(CCCC1(CC(c2c1cccc2)(C)C)c1ccccc1)C.Cl,-5.6907635,-5.6431565
CCN(CCOC(=O)C1c2ccccc2Cc2c1cccc2)CC.Cl,-5.680535,-5.008367
Fc1ccc(cc1)C(=O)CCCN1CCC(CC1)n1c(=S)[nH]c2c1cccc2,-5.679018,-6.1051354
CCCCCCCCSCCCCCCN1CSCC1.Cl,-5.672849,-5.6167965
O=C1OCC(=C1)[C@H]1CC[C@]2([C@]1(C)CCC1C2CC[C@H]2[C@]1(C)CC[C@@H](C2)O[C@H]1C[C@H](O)[C@@H]([C@H](O1)C)O[C@H]1C[C@H](O)[C@@H]([C@H](O1)C)O)O,-5.6615057,-4.550408
O[C@H]([C@H](C(=O)O)O)C(=O)O.COc1ccc2c(c1)[C@]13CCCC[C@H]3[C@@H](C2)N(CC1)CC=C(C)C,-5.660192,-5.041543
c1ccc2c(c1)CCC1N2CCN(C1)CCc1cccc2c1cccc2.Cl,-5.6522326,-6.2029877
COc1ccc2c(cc1=O)[C@H](CCc1c2c(OC)c(c(c1)OC)OC)NC(=O)c1ccccc1,-5.6513476,-4.9832716
CCCC[NH+]1CCC(CC1)OC(=O)C(c1ccccc1)c1ccccc1.[Cl-],-5.650254,-5.432911
ClC1=C(Cl)[C@]2(C([C@]1(Cl)[C@H]1[C@@H]2CC=C1)(Cl)Cl)Cl,-5.64,-6.2185936
COc1ccc(c(c1)C)CCN1CC[C@@]23[C@H]([C@H]1Cc1c3cc(cc1)O)CCCC2.Cl,-5.6389036,-5.688988
C[N+]1(CCCCCCCCCC[N+]2(C)CCOCC2)CCOCC1.[I-].[I-],-5.6232324,-5.0590467
CCCC(COC(=O)N(CC)CC)(COC(=O)N(CC)CC)C,-5.6220536,-5.4530916
CCN(C(=O)OCC(COC(=O)N(CC)CC)(CC)CC)CC,-5.6220536,-5.317191
CC[C@H]1CN2CC[C@H]1C[C@H]2[C@@H](c1ccnc2c1cc(OCCC(C)C)cc2)O.Cl.Cl,-5.601549,-5.622064
CSc1ccc(cc1)CCN1CC[C@@]23[C@H]([C@H]1Cc1c3cc(cc1)O)CCCC2,-5.5907216,-6.1050925
C#C[C@]1(O)CC[C@@H]2[C@]1(C)CC[C@H]1[C@H]2CCC2=CCCC[C@H]12,-5.568747,-4.943202
CC(C(c1cccc2c1cccc2)(C(=O)N)CCN1CCCCC1)C,-5.562004,-5.578385
Clc1ccc(cc1)CN(/N=N/c1ccc(cc1)C(=O)O)C,-5.5571985,-5.4141126
COc1c(O)ccc2c1N(CCCN(C)C)c1c(S2)ccc(c1)Cl,-5.549322,-5.6698723
CCOP(=S)(OCC)SCSP(=S)(OCC)OCC,-5.54,-5.054586
CC[C@H](C(=O)O[C@H]1[C@H](O)[C@H]2[C@H]([C@H]3[C@]1(O)[C@@H]1[C@H](OC(=O)C)[C@H](OC(=O)C)[C@H]4[C@]5([C@]1(C3)O[C@]4(O)[C@H](CC5)OC(=O)[C@](CC)(O)C)C)CN1[C@H]([C@@]2(C)O)CC[C@@H](C1)C)C,-5.538064,-6.6187873
OC(=O)C(c1ccc2c(c1)nc(o2)c1ccc(cc1)I)C,-5.51541,-5.2889986
OCCN1CC2CCC(C1)N2CCCN1c2ccccc2Sc2c1cccc2,-5.510858,-4.394372
O=C1CC[C@]2(C(=C1)[C@@H](C)C[C@@H]1[C@@H]2CC[C@]2([C@H]1CC[C@]2(OC(=O)C)C(=O)C)C)C,-5.508004,-4.9277563
CN1CCN(CC1)CC1COC2(O1)c1ccccc1CCc1c2cccc1.OC(=O)/C=C/C(=O)O.OC(=O)/C=C/C(=O)O,-5.4969535,-5.598497
CCOC(=O)COc1cc(OCC(=O)OCC)c2c(c1)oc(cc2=O)c1ccccc1,-5.4962997,-4.421556
CN(CCOCCOC(=O)N1c2ccccc2Sc2c1cccc2)C.Cl,-5.475929,-5.488294
CCCCCCCCCCCCCCCNCCSS(=O)(=O)O,-5.465013,-5.186965
CNCCCC1c2ccccc2C=Cc2c1cccc2.Cl,-5.4598594,-4.923671
CS(=O)(=O)O.CN1C2CCC1CC(C2)OC(c1ccccc1)c1ccccc1,-5.4430203,-4.1981335
CCCC[C@H]1C(=O)O[C@H](C)[C@@H](C(=O)O[C@H]([C@H]1OC(=O)CC(C)C)C)NC(=O)c1cccc(c1O)NC=O,-5.439795,-5.4448004
CNCCCC12CC3CC(C1)CC(C2c1ccccc1)C3.Cl,-5.4368515,-5.041174
CCCCCC1CCCCN1CCCOC(=O)c1ccccc1,-5.42616,-5.325437
COc1ccc(cc1)Nc1cc(Cl)ccc1C(=O)O,-5.4182763,-4.359036
OC(=O)/C=C\C(=O)O.CCNCC1COC2(O1)c1ccccc1C=Cc1c2cccc1,-5.4173026,-5.583154
O=C1NC(=O)C2(O1)c1ccccc1CCc1c2cccc1,-5.4166794,-3.9961786
COc1cc2c(cc1OC)CC([NH+](C2CCc1ccc(cc1)Cl)C)C.[Br-],-5.416361,-5.392137
COc1ccc(cc1OC)C(=O)Nc1cccc2c1CCN(C2)CCc1ccccc1,-5.415517,-5.672172
O[C@@H]1CC[C@@H]2[C@@]1(C)CC[C@@H]1[C@H]2CC[C@@H]2[C@@]1(C)C[C@@H]1S[C@@H]1C2,-5.41,-5.856014
CNCCCC1c2ccccc2C=Cc2c1cccc2,-5.403556,-5.1752024
CN(CC/C=C/1\c2ccccc2C=Cc2c1cccc2)C,-5.4013357,-5.5301175
ClC(C(SN1C(=O)[C@@H]2[C@H](C1=O)CC=CC2)(Cl)Cl)Cl,-5.4,-5.123148
OC(=O)CCC(=O)Nc1cc(c2c1c(C)ccc(c2)C(C)C)C,-5.388885,-5.9571633
ClCCN(c1cc(ccc1C)C(=O)N1CCCCC1)CCCl,-5.3803277,-5.080632
CCC(=O)O[C@H]1CC[C@@H]2[C@]1(C)CC[C@H]1[C@H]2CCC2=CC(=O)CC[C@]12C,-5.37,-5.5959167
O=C1CC[C@]2(C(=C1)C(=C[C@@H]1[C@@H]2CC[C@]2([C@H]1CC[C@@]2(OC(=O)C)C(=O)C)C)C)C,-5.35,-5.137072
Oc1ccc2c(c1)[C@]13CCCC[C@H]3[C@@H](C2)N(CC1)C/C=C/c1ccccc1.Br,-5.345019,-5.354277
ClCCN(c1cc(ccc1C)C(=O)OCCN(CC)CC)CCCl.Cl,-5.34052,-4.916983
ClCC(=O)[C@@]12OC(O[C@@H]1C[C@@H]1[C@]2(C)C[C@H](O)[C@]2([C@H]1CCC1=CC(=O)CC[C@]21C)F)(C)C,-5.3279686,-4.824817
OC(=O)/C=C\C(=O)O.CCCNCC1COC2(O1)c1ccccc1OCc1c2cccc1,-5.3268476,-5.15458
OC(=O)C(c1ccc2c(c1)ccc1c2cccc1)C,-5.326574,-5.5499473
CN(Cc1ccc(cc1)[N+](=O)[O-])/N=N/c1ccc(cc1)C(=O)O,-5.3238683,-4.3727174
N#CCCC(c1nc2c(s1)nc(s2)C(CCC#N)(C)C)(C)C,-5.317651,-5.9764714
[O-][N+](=O)c1ccc(cc1)CCc1ccc(cc1)[N+](=O)[O-],-5.3111324,-4.6553383
CC(CCNCC1CCC(CC1)CNCCC(C)C)C.Cl.Cl,-5.290685,-4.9705462
O=C1OCC(=C1)[C@H]1CC[C@@]2([C@]1(C)CC[C@H]1[C@H]2CC[C@@H]2[C@]1(C)CC[C@@H](C2)O[C@@H]1C[C@H](O)[C@H]([C@@H](O1)C)O[C@@H]1C[C@H](O)[C@H]([C@@H](O1)C)O[C@@H]1C[C@H](O)[C@H]([C@@H](O1)C)O)O,-5.29,-4.928177
CCC(C(c1ccccc1)(c1ccccc1)CCC[NH+](C)C)OC(=O)C.[Cl-],-5.2878284,-5.442345
ClCCN(c1ccc2c(c1)cccc2)CCCl,-5.2869782,-4.890341
Oc1ccc2c(c1)CC=C1[C@@H]2CC[C@]2([C@H]1CCC2=O)C,-5.28,-4.569237
[O-]C(=O)C(CC(=O)O)(CC(=O)O)O.COc1c2occc(c2c(=O)c2c1oc(c2)C)OCC(C[NH+](C(C)C)Cc1ccccc1)O,-5.2797275,-5.5200534
NC1CCC2(C1)c1ccccc1C=Cc1c2cccc1.Cl,-5.2753053,-4.8765335
Clc1ccccc1c1ccccc1Cl,-5.27,-5.5595775
O=C(Nc1ccc2c(c1)c(N)cc(n2)C)Nc1ccc2c(c1)c(N)cc(n2)C.Cl.Cl,-5.2613096,-4.5734835
c1ccc2c(c1)c1ccccc1cc2,-5.26,-5.413911
O=C1[C@]2(Cl)[C@@]3([C@@]4([C@@]1(Cl)[C@@]1([C@]2([C@@]3(Cl)C([C@]41Cl)(Cl)Cl)Cl)Cl)Cl)Cl,-5.26,-5.294452
CC(C(C(=O)OC(C(Cl)(Cl)Cl)C)Br)C,-5.2585254,-4.6888623
CC1CCCCN1CCCOC(=O)c1ccccc1I,-5.25355,-5.3586707
CN(CCC=C1c2ccccc2Sc2c1cccc2)C.Cl,-5.2494035,-5.3708606
CC(N(C)C)CN1c2cc(ccc2Sc2c1cccc2)C(=O)C,-5.241986,-5.244354
O=C1CC[C@]2([C@H](C1)CC[C@@H]1[C@@H]2CC[C@]2([C@H]1CC[C@@H]2C(=O)C)C)C,-5.235535,-5.0924554
C1CCN(CC1)CCCC12CC3CC(C2)CC(C1)C3.Cl,-5.228574,-5.286483
N(Cc1ccccc1)CCNCc1ccccc1.O=C(Cc1ccccc1)N[C@@H]1C(=O)N2[C@@H]1SC([C@@H]2C(=O)O)(C)C.O=C(Cc1ccccc1)N[C@@H]1C(=O)N2[C@@H]1SC([C@@H]2C(=O)O)(C)C,-5.2254286,-6.696481
Cc1cccc2c1Cc1c2cccc1,-5.22,-5.5983977
Clc1cccc(c1c1ccccc1)Cl,-5.21,-5.5704737
Clc1ccc(cc1)c1ccccc1,-5.2,-4.7648363
ClC1=C(Cl)C(C(=C1Cl)Cl)(Cl)Cl,-5.18,-4.584776
O=C1NCC2(C1)c1ccccc1CCc1c2cccc1,-5.1799674,-4.697597
O[C@H]([C@H](C(=O)O)O)C(=O)O.COc1ccc(cc1)CCN1CC[C@@]23[C@H]([C@H]1Cc1c3cc(cc1)O)CCCC2,-5.1757736,-4.5135546
CN(CCCn1c2CCCCCCc2c2c1cccc2)C,-5.1661997,-5.62188
CCN(CCn1c(=O)c2ccccc2[nH]c2c1cccc2)CC,-5.162159,-4.9992876
O=C(Nc1c(C)cccc1Cl)OC1CCC[NH+](C1)C(C)(C)C.[Cl-],-5.161677,-4.4747305
OC(=O)C(=O)O.CCC(=O)N(CC(N1CCC(CC1)(O)c1ccccc1)C)Cc1ccccc1.CCC(=O)N(CC(N1CCC(CC1)(O)c1ccccc1)C)Cc1ccccc1,-5.160602,-6.7791286
CCCN(c1c(cc(cc1[N+](=O)[O-])S(=O)(=O)N)[N+](=O)[O-])CCC,-5.16,-3.9676342
ClCCN(c1cc(ccc1C)[N+](=O)[O-])CCCl,-5.1526723,-4.444538
Ic1ccc(nc1)OCCCCCCCN1CCSC1.Cl,-5.1492624,-4.751671
CCCCCCc1ccc2c(c1)ccc(c2)O,-5.1463847,-5.496075
C[C@H](C(C(=O)N1CCCC1)(c1ccccc1)c1ccccc1)CN1CCOCC1,-5.1451807,-4.586919
CCCCc1nc(c(n1Cc1ccc(cc1)c1ccccc1c1[n-]nnn1)CO)Cl.[K+],-5.134791,-4.7244434
CCC(Oc1ccc(cc1)C(=O)OCCCN1CCCCC1C)C,-5.1286077,-4.9048576
CC(COc1ccc(cc1)C(=O)OCCCN1CCCCC1C)C,-5.1286077,-4.9509993
CCC(C1=CCC(CC1)CC(C)C)C(=O)O,-5.128198,-4.189042
CNCC/C=C/1\c2ccccc2C=Cc2c1cccc2.Cl,-5.1276097,-4.888273
Cc1ccc(cc1)NC(=O)c1ccccc1N(C(=O)CN1CCCCC1)C,-5.114154,-5.1260133
CN1CCN(CC1)C1Cc2ccccc2Sc2c1cccc2.OC(=O)/C=C\C(=O)O,-5.111437,-4.886709
CC(N(C)C)CC12CC3(C)CC(C1)(C)CC(C2Cl)(C3)C.Cl,-5.1092525,-5.6464105
C[N+]1(CCCCCCCCC[N+]2(C)CCOCC2)CCOCC1.[I-].[I-],-5.109086,-4.6672935
CN(CCCN1c2ccccc2NCc2c1cc(Cl)cc2)C,-5.108539,-5.2557425
N#CC(c1ccc2c(c1)cccc2)(CC=C(C)C)CCN(C)C.Cl,-5.1070466,-5.1154737
Clc1ccc(cc1)C1CCc2c(N(C1=O)CC1=NCCN1)cccc2,-5.103215,-5.0460424
CCC(c1cccc2c1cccc2)(C(=O)N)CCN1CCCCC1,-5.102932,-5.1780996
OC(=O)/C=C\C(=O)O.CNCC1COC2(O1)c1ccccc1CCc1c2cccc1,-5.0984473,-4.809072
CCCCCC(C)C,-5.08,-4.6725206
O=C1CC[C@]2(C(=C1)C[C@@H]([C@@H]1[C@@H]2CC[C@]2([C@H]1CC[C@]2(C)O)C)C)C,-5.0704393,-4.9998174
CCCC(=O)OCC(=O)[C@@]1(O)CC[C@@H]2[C@]1(C)C[C@H](O)[C@H]1[C@H]2CCC2=CC(=O)CC[C@]12C,-5.068782,-4.481184
CC(N(Cc1c(C(C)C)c(=O)n(n1C)c1ccccc1)C)Cc1ccccc1,-5.0677514,-4.930486
CN(CCC(c1cccc2c1cccc2)(C(=O)N)CC=C(C)C)C,-5.064014,-4.825253
CCCCCCCCBr,-5.06,-4.9126487
COc1c(OC)c(OC)cc2c1C(CCc1ccc(cc1)Cl)[NH+](CC2)C.[Br-],-5.057671,-5.262114
CCCCCCN1CC[C@@]23[C@H]([C@H]1Cc1c3cc(cc1)O)CCCC2.Cl,-5.05321,-5.15251
CCCCCCCC=C,-5.05,-5.1710477
CCCCCCCC/C=C\CCCCCCCC(=O)[O-].CCCCCCCC/C=C\CCCCCCCC(=O)[O-].CCCCCCCC/C=C\CCCCCCCC(=O)[O-].[Bi+3],-5.042437,-11.025166
CC(=CCC(c1cccc2c1cccc2)(C(=O)N)CCN1CCOCC1)C,-5.0390353,-5.5670466
CNCCCN1c2ccccc2CCc2c1cccc2.Cl,-5.0325155,-4.400815
O=C1NC(=O)C2(N1)c1ccccc1CCc1c2cccc1,-5.0245748,-4.02923
Cc1cccc2c1nc1ccccc1c2,-5.0212994,-4.4143143
Cc1c2ccccc2nc2c1cccc2,-5.0212994,-4.50286
FC(c1cc(OCCCCCN2CSCC2)nc2c1cccc2)(F)F.Cl,-5.0206475,-5.346261
O=C1NC(CC2(O1)CCN(CC2)CCCC(=O)c1ccc(cc1)F)c1ccccc1.Cl,-5.0198283,-5.5623603
CCOP(=S)(c1ccccc1)Oc1ccc(cc1)[N+](=O)[O-],-5.0168495,-5.5848293
CCC(=O)O[C@](c1ccccc1)([C@@H](CN(C)C)C)Cc1ccccc1,-5.009675,-4.477134
OC(=O)C(=O)[O-].C[NH+](CCn1c2ccc(cc2c2c1cccc2)Cl)C,-4.985648,-5.252173
CC(=O)NCc1c(I)c(NC(=O)C)c(c(c1I)C(=O)O)I.CNC[C@@H]([C@H]([C@@H]([C@@H](CO)O)O)O)O,-4.9840255,-3.272675
CCC(=O)N(C1(CCN(CC1)CCc1ccccc1)C(=O)OC)c1ccccc1,-4.9717813,-4.609156
OC(=O)Cc1sc(nc1c1ccc(cc1)Cl)c1ccccc1,-4.964365,-5.316689
[O-]C(=O)C(c1ccc2c(c1)nc(o2)c1ccc(cc1)Br)C.[Na+],-4.963979,-3.8729138
Clc1ccc(cc1)C(c1ccccc1)OCCN1CCCCC1,-4.962883,-5.206453
CC(=O)OC(CN1CCN(CC1)c1ccc(cc1C)C)COc1ccccc1C(=O)C.Cl.Cl,-4.960359,-4.5418878
COc1cc2c(cc1OC)CC[NH+](C2CCc1ccccc1Cl)C.[Br-],-4.959957,-5.119963
COc1ccc2c(c1)CCCN2C=CC=C/C=[N+]/1\CCCc2c1ccc(c2)OC.[Cl-].O,-4.957968,-4.0930552
C=C[C@H]([C@@H](c1ccc(cc1)O)C=C)c1ccc(cc1)O,-4.95,-3.659731
C/C=C(/C(=C/C)/c1ccc(cc1)O)\c1ccc(cc1)O,-4.95,-4.316014
c1ccc(cc1)CNCCc1ccccc1.O=C(Cc1ccccc1)N[C@@H]1C(=O)N2[C@@H]1SC([C@@H]2C(=O)O)(C)C,-4.9447007,-5.7111673
Oc1ccc2c(c1)C1(C)CCN(C(C2)C1C)CCc1ccccc1,-4.942348,-4.4998884
OC(=O)[C@H]1CCc2c1ccc(c2)C1CCCCC1,-4.940826,-5.1737013
FCCCCCCCCCCCC#N,-4.9397,-3.9619055
CCN(CCCC(Nc1c(C)cnc2c1ccc(c2)Cl)C)CC,-4.9347897,-6.0547395
O[C@H]([C@H](C(=O)O)O)C(=O)O.Oc1ccc2c(c1)[C@]13CCCC[C@H]3[C@@H](C2)N(CC1)CCCNc1ccccc1,-4.926321,-4.910721
C[NH+]1CCc2c(C1CCc1ccc(cc1)Cl)cc(c(c2)C)C.[Br-],-4.9261103,-5.8408484
Clc1ccc(cc1)C(c1ccc(cc1)Cl)(c1cccnc1)O,-4.924395,-4.664547
CNCCCC1(CC(c2c1cccc2)C)c1ccccc1.Cl,-4.9231877,-4.8241997
O=C1CC[C@](C(=O)N1)(C1CCN(CC1)Cc1ccccc1)c1ccccc1.Cl,-4.9160523,-4.0572543
COc1cc(CCN2CC[C@@]34[C@H]([C@H]2Cc2c4cc(cc2)O)CCCC3)ccc1OC.Cl,-4.9141974,-5.298446
CCC(=O)OCN1C(=O)NC(C1=O)(c1ccccc1)c1ccccc1,-4.91,-3.6078358
CC(=O)OCC(=O)[C@@]1(O)[C@H](C)C[C@@H]2[C@]1(C)C[C@@H](O)[C@]1([C@H]2CCC2=CC(=O)C=C[C@]12C)F,-4.9,-4.299351
OC(=O)C(=O)O.CCC(=O)N(c1ccccc1)C(CN1CCN(CC1)c1ccccc1)C.CCC(=O)N(c1ccccc1)C(CN1CCN(CC1)c1ccccc1)C,-4.890685,-6.123438
CCCCC(C1NC(=O)N(C1=O)SC(Cl)(Cl)Cl)CC,-4.8901916,-6.1171994
Cc1ccc2c(c1)ccc(c2)C,-4.89,-4.631619
Clc1ccc(cc1)Oc1ccc(cc1)NC(=O)N(C)C,-4.89,-4.3457403
CCN1CC(C(C1=O)(c1ccccc1)c1ccccc1)CCN1CCOCC1,-4.8779864,-4.100417
OC(=O)/C=C/C(=O)O.CN(CCCOC1(CCCCCC1)Cc1ccccc1)C,-4.870836,-5.1182766
COc1ccc2c(c1)c(N)c1c(n2)cc(cc1)Cl,-4.867498,-4.3376403
CCCCCCCC(=O)CCc1ccc(c(c1)OC)O,-4.864873,-4.088649
CCCC(=O)Nc1c(I)cc(c(c1I)CC(C(=O)[O-])CC)I.[Na+],-4.8576365,-5.061866
C=CCOc1ccccc1C(=O)NC1CCCCC1,-4.8504033,-4.2211266
Cc1cccc(c1)Oc1cccc(c1)C,-4.85,-4.705857
O[C@@H]1CC[C@]2([C@@H](C1)CC[C@@H]1[C@@H]2CC[C@]2([C@H]1CC[C@@H]2C(=O)C)C)C,-4.844146,-5.0667663
Oc1ccc2c(c1)CC[C@@H]1[C@@H]2CC[C@]2([C@H]1CC[C@@H]2O)C,-4.84,-4.4515123
CNCCCC1(C=C(c2c1cccc2)C)c1ccccc1.Cl,-4.835883,-5.342418
CC(COC(=O)c1c(C)ccc(c1OCCN(C)C)C(C)C)C,-4.8142815,-5.1319466
OC1C(CCCC1(COC(=O)c1cccnc1)COC(=O)c1cccnc1)(COC(=O)c1cccnc1)COC(=O)c1cccnc1,-4.8108096,-5.0523763
[O-]C(=O)C(CC(=O)O)(CC(=O)O)O.Cc1oc2c(c1)c(O)c1c(c2OCC(C[NH+](C(C)C)Cc2ccccc2)O)occc1=O,-4.7862377,-4.5487213
COc1ccc2c(c1)CCN(C2CCc1ccc(cc1)[N+](=O)[O-])C,-4.7829623,-5.0283566
COc1ccc(cc1)C(=O)CCCN1CCC(=CC1)c1ccccc1,-4.782114,-4.692062
CCCCN(C(=O)Nc1ccc(c(c1)Cl)Cl)C,-4.77,-4.529709
OC(CN1CCN(CC1)c1ccccc1)COc1cc(C)ccc1C(C)C.Cl.Cl,-4.752218,-4.988734
CCn1c2ccccc2n(c(=O)c2c1cccc2)C,-4.75,-4.604408
N/C(=N\CC12CC3CC(C2)(CC(C1)(C3)C)C)/CSS(=O)(=O)O,-4.741749,-4.039818
COc1ccc2c(c1)cc1c(n2)cccc1,-4.7408776,-3.9841008
C1CCN(C1)CCCC12CC3CC(C2)CC(C1)C3.Cl,-4.710416,-4.8147297
CCCOc1ccc2c(c1)[C@]13CCCC[C@H]3[C@@H](C2)N(CC1)C.Br,-4.7074676,-5.057072
ClCCN(c1cc(ccc1C)C(=O)O)CCCl,-4.7071567,-4.1912804
Clc1ccc(c(c1)C(=O)Nc1ccc(cc1Cl)[N+](=O)[O-])O,-4.7,-4.6525507
CCN(CCOC(=O)C(c1ccccc1)(c1ccccc1)Cl)CC.Cl,-4.6953783,-5.1887174
CN1CCN(CC1)CC1COC2(O1)c1ccccc1OCc1c2cccc1.OC(=O)/C=C/C(=O)O.OC(=O)/C=C/C(=O)O,-4.694355,-5.407335
CCCN1CCC(CC1)OC(=O)Nc1c(C)cccc1Cl,-4.6890545,-4.4822464
CC(N1CCC(CC1)(c1ccccc1)c1ccccc1)(C)C,-4.688088,-4.700766
Cc1ccc(cc1C)CCNCC1CCc2c(N1)cccc2.Cl,-4.687827,-4.685989
CCC1OC(c2c1cccc2)(CCCN(C)C)c1ccccc1.Cl,-4.6846585,-5.0620165
CCOP(=O)(N1CCCC1=O)Cc1ccc(cc1)c1nc2c(s1)cccc2,-4.6811557,-4.6109595
O=C(Nc1c(C)cccc1Cl)OC1CCC[NH+](C1)C(C)C.[Cl-],-4.674392,-4.225666
Fc1ccc(cc1)C(=O)CCCN1CCC2(CC1)C(=O)NCN2c1ccccc1,-4.670728,-4.4425173
NC1=NC(NC1(C(F)(F)F)C(F)(F)F)(C(F)(F)F)C(F)(F)F,-4.664614,-3.605566
CN1CCN(CC1)CC(=O)N1C(C)(C)CC(=CC1(C)C)c1ccccc1,-4.6598916,-3.9407
CCN(CCOC(=O)N(c1ccccc1)c1ccccc1)CC.Cl,-4.6556106,-4.856454
CC(N1CCCC1)CC12CC3CC(C2)CC(C1)C3.Cl,-4.6469607,-4.7181005
CCC(c1ccccc1)C(=O)OCCCN1CCCCC1C,-4.637604,-4.643048
Cc1onc(c1)C(=O)NCCc1ccc(cc1)S(=O)(=O)NC(=O)NN1CCCCCC1,-4.6315656,-3.683591
c1cc2cccc3c2c(c1)CC3,-4.63,-4.2940974
Clc1cc(Cl)c(c(c1)Cl)Cl,-4.63,-4.667967
CCCCCCCCCC(=O)OC,-4.63,-3.7729697
CCn1c2ncccc2n(c(=S)c2c1nccc2)C,-4.63,-4.2948675
CCN(CCC(c1cccc2c1cccc2)(C(=O)N)C(C)C)C,-4.6296864,-4.7111015
COc1cc2c(cc1OC)CCN(C2CCc1ccccc1[N+](=O)[O-])C,-4.629239,-4.8353953
Ic1ccc(nc1)OCCCCCCN1CSCC1.Cl,-4.6278896,-4.341449
CN1CCC(=C2c3ccccc3CCc3c2nccc3)CC1.OC(=O)/C=C\C(=O)O.OC(=O)/C=C\C(=O)O,-4.6177607,-4.6142144
OC(=O)C(=O)[O-].COc1ccc2c(c1O)CC[NH+](C2CCc1ccc(cc1)Cl)C,-4.6123457,-5.1711326
ClCCN(CCOc1ccccc1OC)CCOc1ccccc1C.Cl,-4.6098757,-4.659981
CC(Oc1ccc(cc1)C(=O)OCCCN1CCCCC1C)C,-4.60787,-4.4444766
CCCC1O[C@H]2[C@](O1)(C(=O)CO)[C@@]1([C@@H](C2)[C@@H]2CCC3=CC(=O)C=C[C@@]3([C@H]2[C@H](C1)O)C)C,-4.60301,-4.369855
Nc1ccc(cc1)S(=O)(=O)Nc1cnc2c(n1)cccc2,-4.602546,-3.2808342
CCCCCCCOC(=O)c1ccc(cc1)N,-4.6,-4.252231
c1ccc2c(c1)oc1c2cccc1,-4.6,-4.422786
O=C(Nc1c(C)cccc1Cl)OC1CCN(C1)C(C)(C)C,-4.594335,-4.4186673
O=C(N1C(C)(C)CC(=CC1(C)C)c1ccccc1)CN1CCOCC1,-4.5891705,-4.2126656
Clc1ccc2c(c1)c(N)c1c(n2)cccc1,-4.580352,-4.1323543
Clc1cccc2c1nc1ccccc1c2N,-4.580352,-4.0710745
CN(CCCC12CC3CC(C1)CC(C2Br)C3)C.Cl,-4.5725727,-4.174191
C#C[C@@]1(O)CC[C@@H]2[C@]1(C)CC[C@H]1[C@H]2CCC2=CC(=O)CC[C@H]12,-4.57,-3.995761
[O-]S(=O)(=O)C(CC(S(=O)(=O)[O-])c1ccccc1)Nc1ccc(cc1)S(=O)(=O)Nc1ccccn1.[Na+].[Na+],-4.5667186,-4.537207
COc1cc(/C=C/C(=O)CCN2CCN(CC2)c2ccccc2Cl)cc(c1OC)OC.Cl.O,-4.5649347,-4.377558
O[C@H]([C@H](C(=O)O)O)C(=O)O.O[C@H]([C@H](C(=O)O)O)C(=O)O.O[C@H]([C@H](C(=O)O)O)C(=O)O.CCC(=O)OC1(CC(C)N(CC1C)CCCN1CCN(CC1)C)c1ccccc1.O,-4.5610557,-3.6123333
COc1cc2CCN(C(c2cc1O)CCc1ccc(cc1)Cl)C.Cl,-4.5533624,-4.5158553
OC(COc1cccc2c1c1ccccc1[nH]2)CNC(C)C,-4.544135,-3.5755863
Clc1ccc(cc1)C(=O)c1ccc(cc1)OC(C(=O)O)(C)C,-4.543936,-4.303391
N#Cc1c(Cl)c(Cl)c(c(c1Cl)Cl)C#N,-4.53486,-4.644366
CCCCCOc1ccc(cc1)C(=O)CCN1CCCCC1.Cl,-4.53397,-4.4765053
CCCCCCCC(=O)N[C@@H]1C(=O)N2[C@@H]1SC([C@@H]2C(=O)O)(C)C,-4.5324364,-3.8935428
CCC(C(=O)OCC(Cl)(Cl)Cl)CC,-4.5168505,-4.1480966
Nc1cccc2c1nc1ccccc1c2,-4.512067,-3.6932392
Oc1ccc2c(c1)[C@]13CCCC[C@H]3[C@@H](C2)N(CC1)Cc1ccccc1.Br,-4.5068164,-4.9001565
CCCCCCCCCCCC[N+](Cc1ccccc1)(C)C.[Br-],-4.50205,-4.7668886
Clc1ccccc1CNCCCNCc1ccccc1Cl.Cl.Cl,-4.4872994,-4.536952
Oc1c(O)ccc2c1c1cccc3c1[C@@H](C2)[NH+](CC3)CC1CC1.[Cl-],-4.487152,-3.5251536
Clc1ccc(cc1)C(=O)N1CC=Cc2c1cccc2,-4.483002,-4.6100354
O=C([C@@H](NC(=O)c1ccccc1)Cc1ccc(cc1)O)Nc1ccc(cc1)C(=O)O,-4.481028,-4.96494
OC(=O)CCc1ccc2c(c1)nc(s2)c1ccccc1,-4.480576,-3.897994
CN(C(=O)C1(CC[C@H](c2c1cccc2)[NH+](C)C)c1ccccc1)C.[Cl-],-4.4758043,-4.2443113
CC(CCOc1ccc(cc1)C(=O)CCN1CCCCC1)C.Cl,-4.4706583,-4.2725763
ClCCN(c1cc(ccc1C)C(=O)NC(C(=O)[O-])C)CCCl.[Na+],-4.460073,-3.7945633
CN(CCC=C1c2ccccc2CCc2c1cccc2)C,-4.46,-5.2716126
CCC(=O)N1C2CCC1CN(C2)C/C=C/c1ccccc1Cl,-4.4582567,-4.336725
CCC(=O)N1C2CCC1CN(C2)C/C=C/c1cccc(c1)Cl,-4.4582567,-4.2595897
ClCCN(C(=O)NC(Cc1ccccc1)(C)C)N=O,-4.4552093,-3.8988962
OC(=O)Cc1ccc2c(c1)nc(s2)c1ccc(cc1)Cl,-4.4491067,-4.625522
Oc1ccc2c(c1)[C@]13CCCC[C@H]3[C@@H](C2)N(CC1)CC1CC1,-4.4480963,-4.00401
O=C(Nc1c(C)cccc1C)OC1CCC[NH+](C1)C(C)C.[Cl-],-4.4461827,-4.0537252
CN1CCN(CC1)C1=c2ccccc2=Nc2c(N1)cc(Cl)cc2,-4.443912,-3.4699311
CCCCN1C(=NC(=O)C(C1=O)(CC)CCC(C)C)[O-].[Na+],-4.4420033,-3.7405105
Cn1cc(c2cccc(c2)C(F)(F)F)c(=O)c(c1)c1ccccc1,-4.44,-5.21112
Clc1ccc2c(c1)c(c[nH]2)C1CCC[NH+]1Cc1ccccc1.[Cl-],-4.4368796,-5.432571
Fc1ccc(cc1)C(=O)CCCN1CCC(CC1)(O)c1ccc(cc1)Cl,-4.43,-5.0765376
CC[C@H]([C@@H](c1ccc(cc1)O)CC)c1ccc(cc1)O,-4.43,-4.3192205
COP(=S)(SCC(=O)N(c1ccc(cc1)Cl)C(C)C)OC,-4.43,-5.22732
O=C(C(=C)c1ccc(cc1)Br)OC1CC2CCC(C1)[NH+]2C.[Cl-],-4.423037,-4.2740974
CC[NH+](CC(c1ccc2c(c1)c1ccccc1o2)O)CC.[Cl-],-4.4221325,-4.578702
CC(CNC(c1ccccc1)Cc1ccccc1)C.Cl,-4.420776,-3.7565274
O=C(Nc1c(C)cccc1C)OC1CC[NH+](C1)C(C)(C)C.[Cl-],-4.4139977,-3.9389415
Cc1ccc(cc1)/C=C/C(=O)c1ccccc1,-4.412921,-4.5382075
CCN(c1nc(nc(n1)Cl)N(CC)CC)CC,-4.41,-3.8825517
O=C(c1ccccc1)/C=C/c1ccc(cc1)[N+](=O)[O-],-4.4057384,-4.5291257
O=C(C1c2ccccc2Oc2c1cccc2)OCC[N+](C(C)C)(C(C)C)C.[Br-],-4.4022236,-4.877617
Clc1ccc(cc1)C(c1ccccc1)N1CC2CCC(C1)N2C,-4.3872676,-4.406968
CCN(CCOC(=O)COc1c(ccc(c1C(=O)OC)C)C(C)C)CC,-4.3867607,-4.3196125
c1ccc(cc1)c1nc2c(s1)cccc2,-4.3801823,-4.331381
CCCN(C(C(=O)Nc1c(C)cccc1C)CC)CC,-4.3674912,-4.602442
Oc1ccc2c(c1)[C@@]13CCCC[C@@H]3[C@H](C2)N(CC1)CCc1ccco1.Cl,-4.365954,-4.4779835
[O-]S(=O)(=O)NC1CCCCC1.C[NH+]1CCCC1c1cn(c2c1cccc2)Cc1ccccc1,-4.3642726,-5.7336583
OC(=O)c1ccccc1Nc1cccc(c1)C(F)(F)F,-4.36,-4.2060356
Cc1ccc(c(c1)OCCCC(C(=O)O)(C)C)C,-4.3599067,-4.2162604
Clc1ccc(cc1)C(c1ccccc1Cl)OCC[NH+](C)C.[Cl-],-4.3557525,-4.190288
CS(=O)(=O)O.COc1cc2nc(nc(c2cc1OC)N)N1CCN(CC1)C(=O)C1COc2c(O1)cccc2,-4.354635,-3.840704
C[N+]1(CCCCCC[N+]2(C)CCCC2)CCCC1.[Br-].[Br-],-4.3524656,-4.8084693
Cc1ccc2c(c1)c(N)c1c(n2)cccc1,-4.3487325,-4.1372986
CC(=CCN1CC[C@@]23[C@H]([C@H]1Cc1c3cc(cc1)O)CCCC2)C,-4.3350525,-4.445549
Cc1ccc[n+](c1)CC(=O)c1ccc(cc1)c1ccc(cc1)C(=O)C[n+]1cccc(c1)C.[Br-].[Br-],-4.3242645,-2.916676
CC(C1CCCCN1CCCOC(=O)c1ccccc1)C,-4.3185124,-4.3979297
c1ccc(cc1)c1ccccc1,-4.31,-3.914197
CCCCNC(=O)c1cc(Br)cc(c1O)C,-4.302808,-4.0857806
CC(OC(=O)N1CC=Cc2c1cccc2)C,-4.299569,-3.657145
c1ccc(cc1)CC1C[N+]2(COC[N+]34CCC(CC3)C(C4)Cc3ccccc3)CCC1CC2.[Br-].[Br-],-4.2776713,-4.278735
CCN(Cc1cc(ccc1O)Nc1ccnc2c1ccc(c2)Cl)CC.Cl.Cl,-4.2743015,-6.2889104
CS(=O)(=O)O.CS(=O)(=O)O.NC(=N)c1ccc(cc1)OCCCCCOc1ccc(cc1)C(=N)N,-4.26104,-3.9842696
O[C@H]1CC[C@]2([C@](C1)(O)CC[C@@H]1[C@@H]2CC[C@]2([C@]31O[C@@H]3[C@@H]([C@@H]2c1ccc(=O)oc1)OC(=O)C)C)C,-4.2605042,-4.8222404
CCC1CCCCC1,-4.25,-4.2176447
Clc1ccc2c(c1)c(C)cc(n2)OCCCCCNCCSS(=O)(=O)O,-4.240146,-4.168035
CCC(=O)OC(c1ccccc1)(C(CN(C)C)C)Cc1ccccc1,-4.2363467,-4.477134
SCCNCCCCCOc1ccc(cn1)I.Cl,-4.2357864,-4.1810856
CCC(c1ccccc1)(C(=O)OCc1ccccc1)CN(C)C.Cl,-4.231803,-3.7287002
CCC(CC)(C)C,-4.23,-3.8329005
CCN(C(C=C(c1cccs1)c1cccs1)C)CC.Cl,-4.225745,-4.636554
CCCCCCCCOC(=O)c1ccc(cc1)O,-4.2224355,-5.0155206
O=C1C(CCc2c1cc(C)c(c2)C)C[NH+]1CCCCC1.[Cl-],-4.2211843,-4.274695
OC(=O)Cc1ccc2c(c1)N(C)C(S2)c1ccccc1,-4.2198663,-4.349233
CCC(=O)N1C2CCC1CN(C2)C/C=C/c1ccc(cc1)[N+](=O)[O-],-4.2188706,-3.7258615
CCCCN1CCCC[C@H]1C(=O)Nc1c(C)cccc1C,-4.21701,-4.79592
CCN(CCOC(=O)C(c1ccccc1)c1ccccc1)CC,-4.216892,-3.890429
FC1=C(C)C(F)(F)C(C(C1(F)F)(F)F)(F)F,-4.210369,-3.375526
O=C(NS(=O)(=O)c1ccc(cc1)C)NC1CCCCC1,-4.21,-3.8019328
O=C(Cc1ccc(cc1)F)CCN1CCN2C(C1)CCc1c2cccc1.Cl.Cl,-4.207162,-4.2912283
CCCOc1c(ccc(c1C(=O)O)C)C(C)C,-4.2032223,-4.249408
CCCCOc1nc(OCCCC)cc(c1)C(=O)NO,-4.200352,-3.839869
O[C@H]1CC[C@]2([C@@H](C1)CC[C@@H]1[C@@H]2CC[C@]2([C@]31O[C@@H]3C[C@@H]2c1ccc(=O)oc1)C)C,-4.197169,-5.632072
CNC(=O)[C@]1(CC[C@H](c2c1cccc2)[NH+](C)C)c1ccccc1.[Cl-],-4.195249,-4.1633315
CC(=O)Nc1ccc(cc1)OC(=O)c1ccccc1OC(=O)C,-4.194943,-3.4097872
Brc1cc(Br)c2c(c1O)nccc2,-4.1937976,-4.418461
CCCCN(CC(=O)N/N=C/c1ccc(o1)[N+](=O)[O-])CCCC,-4.192992,-4.0153923
CC(NCC1CCC(CC1)CNC(C)(C)C)(C)C.Cl.Cl,-4.19283,-3.68892
O=CN[C@@H](C(Cl)(Cl)Cl)N1CCN(CC1)[C@H](C(Cl)(Cl)Cl)NC=O,-4.19,-3.63665
CCOC(=O)N1C(SC)C=Cc2c1cccc2,-4.189945,-3.6214123
CCCCCOc1ccc(cc1OCC)C=CC(=O)NO,-4.184104,-4.052599
Clc1ccc2c(c1)[C@](O)(C(=O)O)c1c2cccc1,-4.18,-3.7249289
CC(N(C(C)C)CCN1C(=O)CCCc2c1cccc2)C,-4.1790147,-4.311931
CCC(=O)N1C2CCCC1CN(C2)C/C=C/c1ccccc1,-4.1781774,-3.7755313
CCc1oc2c(c1C(=O)c1ccc(cc1)O)cccc2,-4.176656,-4.239706
OC(=O)C(=O)[O-].CCC1Oc2ccc(cc2N(C1=O)CC([NH+]1CCCC1)C)Cl,-4.1733303,-4.44256
c1ccc(cc1)Cc1ccccc1,-4.17,-3.6599426
Cc1ccc(cc1)c1nc2c(o1)cccc2,-4.168373,-4.0224123
CCN1CCC(CC1)OC(=O)Nc1c(C)cccc1Cl,-4.167105,-4.0824122
Clc1ccc2c(c1)nccc2Nc1ccc(c(c1)CN1CCCC1)O.Cl.Cl,-4.164807,-5.57844
[O-][N+](=O)c1ccc(cc1)c1nc2c(o1)cccc2,-4.1604977,-3.7015862
CCC(C(c1ccccc1)(c1ccccc1)CC([NH+](C)C)C)O.[Cl-],-4.157673,-4.313598
O=C1C(c2ccc(cc2)Cl)C(=O)c2c1cccc2,-4.155578,-4.0196347
CCCCNC(=O)OCC(CC(C)C)(COC(=O)N)C,-4.154626,-3.930861
COc1cc2c(cc1OC)CC[NH+](C2Cc1ccc(cc1)[N+](=O)[O-])C.[Cl-],-4.1519594,-3.9379697
NC(=N)c1ccc(cc1)OCCCCCOc1ccc(cc1)C(=N)N.Cl.Cl,-4.1509275,-3.379767
OC(=O)c1ccccc1Sc1ccccc1,-4.1500707,-3.7919312
Ic1ccc(nc1)SCCCCN1CSCC1.Cl,-4.1485987,-3.9821048
CCOc1ccc(cc1)C(=O)OCCCN1CCCCC1C,-4.148435,-4.0366464
O[C@H]1[C@@H](N)C[C@@H](O[C@H]1C)O[C@H]1C[C@@](O)(Cc2c1c(O)c1c(c2O)C(=O)c2c(C1=O)cccc2)C(=O)C,-4.145099,-3.544434
CC[NH+](CCN1C(=O)C(C)Oc2c1cc([N+](=O)[O-])c(c2)Cl)CC.[Cl-],-4.14321,-3.7273626
CCN1CCCC(C1)OC(=O)Nc1cccc(c1)Br,-4.131027,-3.7535539
CC(=O)O[C@@H]1C[C@@H]2[C@]([C@@]1(O)C(=O)COC(=O)C)(C)C[C@H]([C@]1([C@H]2CCC2=CC(=O)C=C[C@]12C)F)O,-4.13,-4.0764656
Oc1ccccc1CNCC1CCC(CC1)CNCc1ccccc1O.CC(=O)O.CC(=O)O,-4.128551,-4.74424
CC(=CCC1=C(O)c2c(C(=O)C1=O)cccc2)C,-4.1242356,-3.3488307
c1ccc(cc1)Cc1nc2c(o1)cccc2,-4.122004,-3.5059962
CC(N(C)C)CC12CC3CC(C1)CC(C2Cl)C3.Cl,-4.117506,-3.8264046
CCC(=O)C(c1ccccc1)(c1ccccc1)CCC[NH+](C)C.[Cl-],-4.1173606,-4.1634326
CCCCCCSCCCCCN1CCSC1.Cl,-4.1157165,-4.054113
CN(CCC(c1cccc2c1cccc2)(C(=O)N)C(C)C)C,-4.1074867,-4.1877394
CCC(=O)C(C(C[NH+](C)C)C)(c1ccccc1)c1ccccc1.[Br-],-4.107171,-3.907919
CC(=O)Nc1ccc2c(c1)nc1c(c2)cccc1,-4.106244,-4.365386
COP(=S)(SCN1C(=O)c2c(C1=O)cccc2)OC,-4.1,-3.384933
CC(c1nnc(s1)NS(=O)(=O)c1ccccc1)(C)C,-4.0942035,-3.3002625
COc1ccc(c(c1)OCC(CN1CCN(CC1)c1ccc(c(c1)C)C)O)C(=O)C.Cl.Cl,-4.085168,-4.0745726
C[N+]1(CCCCCCC[N+]2(C)CCOCC2)CCOCC1.[I-].[I-],-4.0838256,-3.3921313
O=C(C(c1ccccc1)(CN1CCCC1)C)c1ccccc1.Cl,-4.0790076,-4.15014
CCN1CCCC(C1)OC(=O)C(c1ccccc1)c1ccccc1.Cl,-4.0718746,-4.487096
CCC(=O)c1ccc(cc1)OCC(CN1CCN2C(C1)CCc1c2cccc1)O.Cl,-4.0650764,-3.5500107
CC(=O)NCCSSc1cc(Cl)ccc1c1ccc(cc1S(=O)[O-])Cl.[Na+],-4.0635133,-5.464626
O[C@@H]1CC[C@]2([C@H](C1)CC[C@@H]1[C@@H]2C(=O)C[C@]2([C@H]1CC[C@@H]2C(=O)COC(=O)C)C)C,-4.0615716,-4.086708
O=C(c1ccc(cc1)[N+](=O)[O-])Nc1ncccc1C(=O)O,-4.0602913,-3.3540068
[O-][N+](=O)c1ccc(c(c1)Oc1ccccc1)NS(=O)(=O)C,-4.05891,-3.665121
CC(c1ccccc1)CNCC1CCc2c(N1)cccc2.Cl.Cl,-4.05682,-3.9115925
ClC[C@@H]1CN(C(=O)[C@@H]1Cl)c1cccc(c1)C(F)(F)F,-4.05,-4.7423577
CCOC(=O)N1CCCc2c1cccc2,-4.0404563,-2.91927
Clc1ccc2c(c1)C(=NCC(=O)N2C)C1=CCCCC1,-4.03912,-4.27102
N/C(=N\CC1CCCCCC1)/CSP(=O)(O)[O-].[Na+],-4.034841,-0.71189225
O=C(C(O)(C)C)Nc1ccc(c(c1)C(F)(F)F)[N+](=O)[O-],-4.0271587,-3.175261
c1ccc(cc1)CSc1ncnc2c1[nH]cn2,-4.0264187,-2.927824
CN(CCCOc1nn(c2c1cccc2)Cc1ccccc1)C.Cl,-4.0243664,-3.9323153
Clc1ccc2c(c1)C1N(CCc3c1cccc3)CC(=O)N2C,-4.0152555,-4.9503407
CN(/N=N/c1cccc(c1)C(F)(F)F)C,-4.0133915,-2.81859
Cc1ccc2c(c1)c(C)cc(n2)OCCCCCNCCSS(=O)(=O)O,-4.008291,-3.4767284
CCC(C1(O)CCC(CC1)c1ccccc1)C(=O)O,-4.003739,-3.2941809
Oc1cc(O)c2c(c1)[o+]c(c(c2)O)c1ccc(c(c1)O)O.[Cl-],-4.001614,-2.2398534
Cc1cc(C)c(c(c1C)C)C,-4.0,-4.4947367
Clc1c(Cl)cccc1Cl,-4.0,-3.7825384
Brc1ccc(nc1)OCCCCCN1CSCC1C.Cl,-3.9918375,-3.8903122
OC(=O)Cc1cc(n(c1C)c1ccc(cc1)Cl)C,-3.988817,-4.1704164
Cc1ccc(cc1)SCCNc1ccccc1C(=O)N,-3.978396,-4.2946215
CCCCCCc1ccc(cc1)N,-3.976845,-3.9684162
COc1ccc2c(cc1=O)[C@H](CCc1c2c(OC)c(c(c1)OC)OC)NC(=O)C(F)(F)F,-3.9734478,-3.6900516
Clc1ccccc1C[NH2+]CC[NH2+]Cc1ccccc1Cl.[Cl-].[Cl-],-3.9705105,-3.9576507
CCC(C(c1ccccc1)O)[NH+](CCCC)CCCC.[Cl-],-3.9691753,-3.8957744
C1CCCN1.C1CCCN1.[Cl-].[Cl-].[Pt+2],-3.9684403,0.12404382
CN1C2CCC1CN(C2)CCOC(=O)C1(CCCC1)c1ccccc1,-3.9571471,-3.045836
Oc1ccc(cc1Cc1cc(Cl)ccc1O)Cl,-3.95,-3.8052564
OC(=O)c1c[nH]c2c(c1=O)ccc(c2)C(F)(F)F,-3.9433494,-3.0312257
CCOP(=O)(Oc1ccc(cc1)[N+](=O)[O-])SCC,-3.9418337,-4.1563864
OC(=O)C(c1ccccc1)NCc1ccccc1C,-3.941697,-3.2210598
OC(=O)Cc1ccc2c(c1)N(C)c1c(S2)cccc1,-3.94,-4.306078
CCCCOc1ccc(cc1)C(=O)OCCN(CC)CC.Cl,-3.9369555,-4.332107
NCCc1c(C)n(c2c1cc(OC)cc2)Cc1ccccc1.Cl,-3.9330516,-4.150743
Clc1cccc2c1cccc2,-3.93,-4.079546
O=C1NC(=O)[C@@H]2[C@H]1[C@H]1/C(=C(/c3ccccn3)\c3ccccc3)/[C@@H]2C=C1[C@](c1ccccn1)(c1ccccc1)O,-3.93,-6.158954
O=C(N(C)C)SCCCCOc1ccccc1,-3.93,-3.3703146
OC(=O)COc1ccc(c(c1Cl)Cl)C(c1cccs1)O,-3.9282851,-3.6420155
CN1CC2CCC(C1)N2CCOC(=O)C1CCCC1c1ccccc1,-3.926113,-3.512856
O[C@@H]1CC[C@]2([C@@H](C1)CC[C@@H]1[C@@H]2C(=O)C[C@]2([C@H]1CC[C@@H]2C(=O)C)C)C,-3.9153893,-4.0389557
OC(=O)C(c1ccc2c(c1)nc(o2)c1cccc(c1)F)C,-3.9050338,-4.217646
CN(C(=S)SSC(=S)N(C)C)C,-3.9,-2.4413567
Cc1ccc(cc1)C(c1ccccc1C)OCC[NH+](C)C.[Cl-],-3.8996725,-4.177962
Fc1cccc(c1)C(C(=O)c1ccccc1)CN1CCCC1.Cl,-3.8910694,-4.248639
CC[C@H](c1ccccc1)C,-3.89,-3.6684442
CCCC1OC(CCC)OC(O1)CCC,-3.8894944,-4.082113
ClCC[NH+](CCOc1ccccc1OC)CCOc1ccccc1OC.[Cl-],-3.8854477,-4.0174265
CCC[NH+](C(CCC)CCC)CCC.[Cl-],-3.8840668,-3.8908505
Clc1ccc2c(c1)C(=NC(C(=O)N2)[n+]1cccc(c1)C(=O)N)c1ccccc1Cl.[Cl-],-3.8726947,-4.282019
CCCCOc1ccc(cc1C)/C=C/C(=O)NO,-3.8639853,-3.683258
COC(=O)C1=CO[C@H]([C@@H]2[C@@H]1C[C@@H]1N(C2)CCc2c1[nH]c1c2cccc1)C,-3.862861,-3.696176
CCOC(=O)c1c(C)ccc(c1OCC(CNC(C)C)O)C(C)C,-3.8561244,-4.18415
O=C(C(C)(C)C)COc1ccc(cc1)Cl,-3.8543923,-3.3981795
CCC(=O)N1C2CCC1CN(C2)CCCc1ccccc1,-3.8538575,-3.685102
Oc1cccc(c1)Nc1ccccc1C(=O)O,-3.8533702,-3.5924535
COc1cc(/C=C/C(=O)CCN2CCN(CC2)CCc2ccccc2)cc(c1OC)OC.Cl.Cl,-3.8527076,-4.1120453
N#Cc1ccc2c(c1)c(N)c1c(n2)cccc1,-3.8385065,-3.7375698
COC(=O)c1c(C)ccc(c1OCCCN(C)C)C(C)C,-3.834002,-3.9504066
Oc1ccc(cc1)C1(c2ccc(cc2)O)C(=O)Nc2c1cccc2,-3.8275883,-4.3968544
[O-]C(=O)c1ccccc1.[O-]C(=O)c1ccccc1.[Hg+2],-3.8221684,-2.9495454
OCCNc1nc(c(o1)c1ccccc1)c1ccccc1,-3.8202991,-3.5972552
CCCC/C=C\C,-3.82,-4.1349163
O[C@H]1CC[C@]2([C@H](C1)[C@@H](O)C[C@@H]1[C@@H]2CC[C@]2([C@H]1CC[C@@H]2[C@H](CCC(=O)O)C)C)C,-3.82,-4.1360273
CCCCCCBr,-3.81,-3.5224
ClCC[NH+](Cc1ccccc1)CCOc1ccccc1OC.[Cl-],-3.8059447,-4.152033
O=C1CN=C(c2c(N1)ccc(c2)[N+](=O)[O-])c1ccccc1,-3.8,-3.3851576
OC[C@H]1Oc2ccc(cc2O[C@@H]1c1ccc(c(c1)OC)O)[C@H]1Oc2cc(O)cc(c2C(=O)[C@@H]1O)O,-3.7947032,-3.4384007
COC(c1cccc(c1)C(F)(F)F)CNCc1ccccc1.Cl,-3.7914007,-4.2153254
CCCCCCCCCCCCCCOS(=O)(=O)[O-].[Na+],-3.7910104,-4.0446978
CCN(c1nc(NC(C)C)nc(n1)Cl)CC,-3.79,-3.8911834
CCN(CCOCCC1=CC[C@H]2C[C@@H]1C2(C)C)CC,-3.7891886,-4.29672
BrCC(=O)C12CC3CC(C2)CC(C1)C3,-3.788008,-3.9009252
CC[NH+](CCCC1(c2ccccc2)C(=O)Oc2c1cccc2)CC.[Cl-],-3.7860594,-4.7917204
CN(CCCC12CC3CC(C2)CC(C1)C3)C.Cl,-3.7839947,-3.843624
[O-][N+](=O)c1cc(ccc1Oc1ccccc1)[N+](=O)[O-],-3.7835674,-4.0673175
CCCCOc1ccc(cc1Cl)CC(=O)NO,-3.7817285,-3.2892523
COc1cc(ccc1OC)c1nc2c(s1)cc(cc2)CC(=O)O,-3.7804914,-4.1104727
CCCCOc1ccc(cc1Cl)CC(=O)N,-3.7801592,-3.0970173
OC(=O)c1ccccc1Nc1cccc(c1C)C,-3.78,-4.4367547
COc1cc(/C=C/C(=O)CCN2CCN(CC2)c2ccccc2)cc(c1OC)OC.Cl.O,-3.7687156,-3.7415323
CC[NH+](CCN1C(=O)C(CC)Oc2c1cc(Cl)cc2)CC.[Cl-],-3.7668934,-3.6456852
c1ccc(cc1)c1nc2c(o1)cccc2,-3.759431,-3.5022664
CCCC1(C)COB(OC1)c1ccc(cc1)C,-3.7582762,-3.6788306
CCCCN1CCC(CC1)(CCCC)OC(=O)C.Cl,-3.7567537,-3.5255132
Clc1ccc2c(c1)C(=NCC(=O)N2C)c1ccccc1F,-3.7564561,-3.7373548
C(CCN1CSCC1)CCOc1ccc2c(n1)cccc2.Cl.Cl,-3.7562127,-4.1206822
CC(C(c1ccccc1)(c1ccccc1)C#N)C[NH+](C)C.[Cl-],-3.7561743,-3.945395
OC(=O)Cc1ccc(c(c1)Cl)OCc1ccccc1,-3.7527254,-4.1660275
OCC(=O)[C@H]1CC[C@@H]2[C@]1(C)CC[C@H]1[C@H]2CCC2=CC(=O)CC[C@]12C,-3.75,-4.11139
Fc1ccc(cc1)C(=O)Cc1ccccc1C(=O)O,-3.749279,-3.6519923
CO[C@H]1C[C@H](O[C@H]2CC[C@]3([C@](C2)(O)CC[C@@H]2[C@@H]3CC[C@]3([C@]2(O)CC[C@@H]3C2=CC(=O)OC2)C)C=O)O[C@@H]([C@H]1O)C,-3.7449524,-3.8518457
CC(=O)O.CCCCCCCCCCCCN,-3.7357104,-4.1719017
ClCC[NH+](CCOc1ccc(cc1OC)CC=C)CC.[Cl-],-3.7331233,-3.0573182
O=C1C[C@@H]2OCC=C3[C@H]4[C@@H]2[C@@H]2N1c1ccc(cc1[C@]12CCN([C@H]1C4)C3)[N+](=O)[O-],-3.7311113,-3.046997
CCCC[C@@H]1C(=O)N(N(C1=O)c1ccc(cc1)O)c1ccccc1,-3.73,-4.032135
CCCCCC=C,-3.73,-4.1091604
ClCCN(c1cc(ccc1C)C(=O)N)CCCl,-3.7294884,-3.5911465
Fc1ccc(cc1)C(=O)CCCN1CCc2c(C1)c1cc(F)ccc1[nH]2.Cl,-3.7281027,-4.3961573
[O-]C(=O)[C@H](Cc1cc(I)c(c(c1)I)Oc1cc(I)c(c(c1)I)O)N.[Na+],-3.7263772,-4.0772095
O=C(C(c1ccccc1)(c1ccccc1)O)OC1CC2CCC(C1)[N+]2(C)Cc1ccccc1.[Br-],-3.7206857,-4.497925
COCC1(CCN(CC1)CCc1cccs1)N(c1ccccc1)C(=O)CC,-3.71,-5.2623944
SCCNCCCCCOc1ccc(cn1)Br.Cl.Cl,-3.7047412,-3.8033452
N#Cc1c(F)c(F)c(c(c1F)F)C#N,-3.7020106,-2.6365218
CC(CCc1ccccc1)NCC(c1ccc(c(c1)C(=O)N)O)O.Cl,-3.6994107,-2.8479505
O=C(C(c1ccccc1)CNC1CN2CCC1CC2)c1ccccc1,-3.698922,-3.2485018
CN(c1ccc(cc1)C(=N)c1ccc(cc1)N(C)C)C,-3.6984441,-3.4013472
CCCCNC(=O)OCC(COC(=O)N)(CC)CC,-3.6963832,-3.7951708
CCCCC(COC(=O)N)(COC(=O)NCC)CC,-3.6963832,-3.791782
N#C[C@@]1(CC[C@H](c2c1cccc2)[NH+](C)C)c1ccccc1.[Cl-],-3.69392,-4.184702
N#C[C@]1(CC[C@H](c2c1cccc2)[NH+](C)C)c1ccccc1.[Cl-],-3.69392,-4.184702
BrC1C(=O)C2(C(C1CC2)(C)C)C,-3.6930597,-3.2600536
C[NH+](CCN1c2cc(Cl)ccc2OC(C1=O)c1ccccc1)C.[Cl-],-3.6905036,-4.5990243
CCOC(=O)c1ccc(cc1)NCCCNCCSS(=O)(=O)O,-3.687686,-2.4659986
Cc1ccccc1OCCNc1ccccc1C(=O)N,-3.6827798,-3.3225722
COP(=S)(Oc1ccc(cc1)[N+](=O)[O-])OC,-3.68,-3.2262416
Nc1ccc(cc1)c1nc2c(s1)cc(cc2)C,-3.68,-4.88254
CCN(C(=O)N1CCN(CC1)CC(=O)NN=Cc1ccc(o1)[N+](=O)[O-])CC,-3.6749902,-2.5032625
CCOC(=O)NCC(CNC(=O)OCC)(CC)CC,-3.6748943,-3.4809446
ClCCN(Cc1ccccc1)Cc1ccccc1,-3.673449,-3.8198137
OC(=O)CCCOc1ccc(cc1Cl)Cl,-3.67,-3.3594637
O=C1N(C)c2ccccc2Oc2c1cccn2,-3.67,-2.6013188
CCOC(=O)N(C1CC1)Cc1ccccc1,-3.6698341,-3.184245
Cc1cc(cc(c1CC1=NCCN1)C)C(C)(C)C.Cl,-3.6695845,-4.014814
CN1CCC(CC1)(c1ccccc1)c1ccccc1.Cl,-3.6611779,-3.4902692
CC(c1ccccc1)(C)C,-3.66,-3.373005
OC(=O)c1cc(c(cc1NCc1ccco1)Cl)S(=O)(=O)N,-3.66,-3.6987357
CCCNC(=O)/C(=C(\c1ccccc1)/C)/C,-3.6594768,-3.506209
O=C(/C=C/c1ccccn1)OCCN1CCN(CC1)c1ccc(cc1)Cl,-3.6592276,-4.141809
CC[N+](CCOC(=O)C1c2ccccc2Oc2c1cccc2)(CC)C.[Br-],-3.6502492,-4.0233397
CC(C(C)C)C,-3.65,-3.4525557
CCC(c1cccc2c1cccc2)(C(=O)N)CCN(C)C,-3.6497948,-3.636033
CCCCSc1ccc(cc1C)CC(=O)NO,-3.6471019,-3.6200333
OCC(=O)[C@@]1(O)[C@H](C)C[C@@H]2[C@]1(C)C[C@H](O)[C@]1([C@H]2CCC2=CC(=O)C=C[C@]12C)F,-3.6444132,-3.659256
OCC(=O)[C@@]1(O)[C@H](C)C[C@@H]2[C@]1(C)C[C@@H](O)[C@]1([C@H]2CCC2=CC(=O)C=C[C@]12C)F,-3.64,-3.659256
COc1c(OC)c(OC)cc2c1nc(nc2N)N1CCN(CC1)C(=O)OCC(O)(C)C,-3.64,-3.720899
OC(=O)Cc1ccc(cc1)c1ccccc1,-3.6347902,-3.125599
CCCCNC(=O)OCC(C(C)C)(COC(=O)N)C,-3.6335018,-3.5505643
CCCCC(COC(=O)N)(COC(=O)NC(C)C)C,-3.6335018,-3.5665646
CCCNC(=O)OCC(C(CC)C)(COC(=O)N)C,-3.6335018,-3.548027
CC[N+](CCOc1ccc(cc1)/C=C/c1ccccc1)(CC)C.[I-],-3.6322439,-3.5346947
Clc1ccc(cc1)Br,-3.63,-3.1852026
ClCC[NH+](CCOc1ccc(c(c1)C)C)CC.[Cl-],-3.6187901,-3.369071
CN(CCC(c1ccccc1Cl)(c1ccccc1)O)C,-3.6178122,-3.4863849
Clc1ccc(nc1)SCCCCCN1CSCC1.Cl.Cl,-3.6111631,-3.9731688
[O-]C(=O)CC(C(=O)O)(CC(=O)O)O.C[NH+](CCOC(c1ccccc1C)c1ccccc1)C,-3.6111035,-4.835102
O=C(C(C)(C)C)[C@@H](n1ncnc1)Oc1ccc(cc1)Cl,-3.61,-3.7670326
Clc1ccc2c(c1)C(=NC(C(=O)N2)O)c1ccccc1Cl,-3.6036274,-4.052078
OC(=O)C(c1ccc2c(c1)nc(o2)c1ccccc1)C,-3.6034987,-3.8905315
O=C(c1ccc(cc1)[N+](=O)[O-])Nc1ccccc1C,-3.5957692,-4.0039625
O=C1NN(C(=O)C1c1ccccc1)c1ccccc1,-3.5954194,-2.4935937
CC(Cc1ccc(cc1)C(C(=O)O)C)C	,-3.59,-3.262488
Nc1ccc(cc1)[S@@](=O)N(c1onc(c1C)C)C(=O)C,-3.59,-2.4753008
Oc1ccc2c(c1)[C@]13CCCC[C@H]3[C@@H](C2)N(CC1)CC(c1ccccc1)O.Cl,-3.5891783,-4.1486917
O=C(Cc1ccccc1)NC1CCCCC1,-3.588121,-3.458201
FCCCCCCBr,-3.5877419,-2.957384
CCNC(=O)c1cc(Br)cc(c1O)C,-3.5859978,-3.3149762
CN(CC(C(c1ccccc1C)(c1ccccc1)O)C)C.Cl,-3.5786352,-3.4638515
CCN(C(CC(C)C)COC(=O)c1ccc(cc1)N)CC,-3.5728047,-3.6928606
COc1cc(cc(c1OC)OC)C(=O)OC1CCC[C@H]2[C@@H]1CCN(C2)C,-3.5709996,-3.6217828
CCN(C(=O)[C@@H](Oc1cccc2c1cccc2)C)CC,-3.57,-3.805509
CCC(=O)C(c1ccccc1)(c1ccccc1)CC[NH+]1CCOCC1.[Cl-],-3.5684586,-3.7465696
CC1N(CCOC1c1ccccc1)Cc1c(=O)n(n(c1C)C)c1ccccc1,-3.5678775,-4.111809
CCCCC(COC(=O)N)(COC(=O)NCC=C)C,-3.5653012,-3.3750286
C[NH+](CCOC(c1ccccc1Cl)c1ccccc1)C.[Cl-],-3.560289,-3.718268
CN1CCC(CC1)OC(c1ccccc1)c1ccccc1.Cl,-3.5547981,-3.6180506
CCCN1CC[C@@]23[C@H]([C@H]1Cc1c3cc(cc1)O)CCCC2.Br,-3.5510507,-3.9865136
CN(CC=C(c1cccc(c1)F)c1cccc(c1)F)C.Cl,-3.5505438,-3.7360382
CCC(C)(C)C,-3.55,-3.4891973
CCCNS(=O)(=O)c1ccc(cc1)Br,-3.5417542,-2.7016287
CC1CCCCN1CCCOC(=O)c1ccccc1O,-3.5383346,-3.030379
ClCCN(C(=O)NC1CC2CC1CC2)N=O,-3.5376935,-3.4842625
Brc1cccnc1OCCCCCN1CSCC1.Cl,-3.5361452,-3.5700884
[O-][N+](=O)c1cn(c(n1)C)CCI,-3.5360348,-3.1722875
CCCCC(COC(=O)N)(COC(=O)NCC#C)CC,-3.529583,-3.7380753
O=C1OC(CN1/N=C/c1ccc(o1)[N+](=O)[O-])CN1CCOCC1.Cl,-3.5278237,-2.514277
C1CCCCCC1,-3.52,-4.216344
C=CCOc1c(cccc1C(=O)N)c1ccccc1,-3.5194082,-3.2967
CCOP(=O)(Oc1ccc(cc1)Cl)OCC,-3.5152473,-2.388557
[O-][N+](=O)O.CCCC1CNCCC1CCC(c1ccnc2c1cc(OC)cc2)O,-3.5041819,-3.9722395
CC[NH+](Cc1ccccc1)CCOc1ccccc1.[Cl-],-3.5032182,-3.7147055
O=C(C(c1ccccc1)(c1ccccc1)O)OCCC[NH+]1CCCC1.[Cl-],-3.5031822,-3.64497
Nc1cnccc1N1CCN2C(C1)CCc1c2cccc1,-3.494947,-3.5462852
CCCC(COC(=O)N1CCOCC1)(COC(=O)N1CCOCC1)C,-3.4862247,-2.7771516
O=C(/C(=C(/c1ccccc1)\C)/C)NC1CC1,-3.4860806,-3.6751971
O=C1CC[C@]2(C(=C1)CC[C@@H]1[C@@H]2C(=O)C[C@]2([C@H]1CCC2=O)C)C,-3.48,-3.958959
CCN(C(=O)c1ccc[n+](c1)C1N=C(c2ccccc2)c2c(NC1=O)ccc(c2)Cl)CC.[Cl-],-3.4774745,-4.177915
CN1C2CCC1CN(C2)C(c1ccccc1)c1ccccc1,-3.4747899,-3.60575
O[C@H]1CC[C@]2([C@@H](C1)CC[C@@H]1[C@@H]2[C@H](O)C(=O)[C@]2([C@]1(O)CC[C@@H]2c1ccc(=O)oc1)C)C,-3.4735017,-3.8666606
CNCC=C(c1ccccc1)c1ccc(cc1)Cl.Cl,-3.4686706,-3.6508322
CCCN1CCN(CC1)CC(=O)N/N=C\c1ccc(o1)[N+](=O)[O-],-3.4643538,-2.8151412
CCC[C@H](C1(CC=C)C(=O)NC(=S)NC1=O)C,-3.46,-3.5735812
CC(CC(C(=O)O)Nc1ccc(cc1[N+](=O)[O-])[N+](=O)[O-])C,-3.4561133,-3.3554816
FC(C(C(F)F)(Cl)Cl)F,-3.4547932,-3.1861367
COc1cc(ccc1OC)C1CCC2N(C1)CCCC2.Cl,-3.452553,-2.9286022
FC(S(=O)(=O)Nc1ccccc1)(F)F,-3.4480402,-1.8924096
C=CCc1cccc(c1OCC(CO)O)Cl,-3.4450498,-3.0931408
CCN(c1c(C)n(c2ccccc2)c(=O)n(c1=O)CC)CC,-3.4417024,-3.4468632
CCCCCCCCCC(=O)O,-3.44,-3.2934155
CCC[C@@H](C1(CC)C(=O)NC(=S)N=C1[O-])C.[Na+],-3.4398572,-3.2106404
C1CCC(CC1)(N1CCCCC1)c1ccccc1.Cl,-3.4383283,-4.2321234
CCCC(N1CCCC1)Cc1ccccc1,-3.4372964,-3.3926673
OCC(=O)[C@@]1(O)CC[C@@H]2[C@]1(C)C[C@@H](O)[C@]1([C@H]2CCC2=CC(=O)CC[C@]12C)F,-3.43,-3.5049443
S=C1NC(=O)C2(C(=O)N1)CCC[Si](C2)(C)C,-3.4252832,-2.4844818
O=c1oc2ccccc2c(c1Cc1c(=O)oc2c(c1O)cccc2)O,-3.4201946,-3.580834
OP(=O)(O)O.CN1CC[C@@]23[C@H]([C@H]1Cc1c3cccc1)CCCC2,-3.4200864,-3.0676017
CCOC(=O)[C@@]1(CCC=C[C@H]1N(C)C)c1ccccc1.Cl,-3.4192472,-2.7284956
CN1CCC(CC1)OC(=O)Nc1c(C)cccc1C,-3.4145646,-3.2784166
O=C(N(c1ccccc1C(=O)N(c1ccccc1)C)C)CN1CCOCC1,-3.4068346,-3.5677595
[O-][N+](=O)c1ccc(s1)c1scc(n1)C(=O)O,-3.4043424,-2.7463355
CCC1(C(=O)NC(=O)N(C1=O)CN1CCCCC1)c1ccccc1,-3.4037802,-3.351862
C=CCCCCCCCCC(=O)O,-3.4,-3.6134791
N#CC(=NNc1ccc(cc1[N+](=O)[O-])C)C#N,-3.3975594,-3.52568
OC1=C(c2ccccc2)C(=O)C(=C(C1=O)c1ccccc1)O,-3.390267,-2.8744884
CN1Cc2c([C@@H]3[C@H]1c1cc4OCOc4cc1C[C@@H]3O)ccc1c2OCO1,-3.3901737,-2.9567776
CCCCCCCC(=O)OC,-3.39,-2.9889004
OC(CN1CCN(CC1)c1ccccc1Cl)COc1ccccc1C(=O)C,-3.3884318,-3.8575063
O=C(Nc1ccccc1)OCCCN1CCCCC1C,-3.3846018,-3.8306222
CCCN(C(=O)C(NC(=O)c1ccccc1)CCC(=O)O)CCC,-3.380648,-3.1015167
CCCCCCCCCCCNCCSS(=O)(=O)O,-3.3795133,-3.533185
CCCN1CCN(CC1C(=O)Nc1ccccc1C)CCC.ON=O.ON=O,-3.3792028,-3.3464622
CN(CCOC(c1ccccc1C)c1ccccc1)C,-3.3769157,-3.3876
CCCCCCCCCCCCN,-3.3759098,-4.413697
NC(=O)c1ccc(cc1)c1sc2c(n1)cc(cc2)C(=O)C,-3.374886,-3.7887697
CCN(CCn1c(nc2c1c(=O)n(c(=O)n2C)C)C(c1ccccc1)O)CC.Cl,-3.3748162,-2.840128
Fc1ccc(cc1)[C@@](c1ccccc1F)(Cn1cncn1)O,-3.37,-3.0872736
C1CSC(S1)c1ccccc1,-3.3670225,-3.359376
CC(P(=O)(c1ccccc1)c1ccccc1)C,-3.3625715,-3.5246167
c1ccc2c(c1)ccc1c2cccn1,-3.36,-3.8381581
OCCN(c1ccc2c(n1)n(CC)c1ncccc1c(=O)[nH]2)C,-3.36,-3.4361877
O=C1NCCN1/N=C/c1ccc(o1)[N+](=O)[O-],-3.357153,-2.37963
Oc1ccc2c(c1)[C@]13CCCC[C@H]3[C@@H](C2)N(CC1)C(=O)C,-3.3550637,-3.2686472
CC[NH+](CCN1C(=O)C(C)Oc2c1cc(cc2)[N+](=O)[O-])CC.[Cl-],-3.3487952,-2.9463596
CCC1CN(C)CCC1(OC(=O)CC)c1ccccc1.Cl,-3.3386097,-3.17514
COC(=O)c1c(C)ccc(c1OCC(CNC(C)C)O)C(C)C,-3.333693,-3.8019671
C[NH+](CCOC(c1ccc(cc1)C)c1ccccc1)C.[Cl-],-3.3332145,-3.6055508
COc1ccc(cc1)C(=C)C(=O)OC1CC2CCC(C1)N2C,-3.332995,-3.3319707
Clc1cnc(c(c1)Cl)SCCCN1CSCC1.Cl,-3.3238869,-3.0552135
O=C1C[C@@H]2OCC=C3[C@H]4[C@H]2[C@H]2N1c1ccccc1[C@@]12CCN([C@H]1C4)C3,-3.32,-3.1279583
CCn1c2ncccc2c(=O)n(c2c1cccc2)C,-3.32,-3.8863935
CC(c1ccc(c(c1)Cl)N1CC=CC1)C(=O)O,-3.3181152,-3.4689522
CCC(=O)c1ccc(cc1)OCC(CN1CCN(CC1)c1ccc(c(c1)OC)OC)O.Cl.Cl,-3.3110573,-3.1421227
CCCCCCCCC(=O)C,-3.31,-3.7241473
O=C1C[C@@H]2OCC=C3[C@H]4[C@@H]2[C@@H]2N1c1ccccc1[C@]12CCN([C@]1(C4)O)C3,-3.3093104,-2.677876
CCCCNc1ccc(cc1)C(=O)OCCN(C)C,-3.305935,-2.423389
O[C@H]1CC[C@]2([C@](C1)(O)CC[C@@H]1[C@@H]2CC[C@]2([C@]31O[C@@H]3[C@@H]([C@@H]2c1ccc(=O)oc1)O)C)C,-3.3015664,-3.9561186
O=C(NC(=O)c1ccccc1)NNC(=O)c1ccccc1,-3.2938643,-2.6591458
Clc1ccc(c(c1)Cl)C1(OC1Cl)C(=O)N,-3.2921615,-3.0302322
O=C(Nc1ccccc1C(=O)N(c1ccccc1)C)CN1CCOCC1,-3.290615,-3.299294
CC[C@H]1NC(=O)c2c(N1)cc(c(c2)S(=O)(=O)N)Cl,-3.29,-2.280786
CCC(C1(CC(=C)Br)C(=O)NC(=O)NC1=O)C,-3.2896566,-2.8372173
CCC1NC(=O)c2c(N1)cc(c(c2)S(=O)(=O)N)Cl,-3.2859082,-2.280786
O[C@@H]1CC[C@]2([C@@H](C1)CC[C@@H]1[C@@H]2C[C@H](O)[C@]2([C@H]1CC[C@@H]2[C@@H](CCC(=O)[O-])C)C)C.[Na+],-3.285151,-3.6216364
Clc1cc(Cl)c2c(c1O)nccc2,-3.272839,-3.157514
CCCC(=O)Nc1ccc(c(c1)C(=O)C)OCC(CNC(C)C)O.Cl,-3.2705507,-2.5127454
Ic1cccc(c1)C(=O)O,-3.27,-2.9924998
CCCCCNCCOC(=O)c1ccc(cc1)N,-3.27,-2.7094722
ClCC(=O)Nc1nc2c(o1)ccc(c2)Cl,-3.265419,-2.4875479
Clc1ccc(c(c1)Cl)C(Cn1cncc1)O,-3.2578373,-2.8860698
OC(=O)C(=O)[O-].CCC1Oc2ccc(cc2N(C1=O)CC([NH+](C)C)C)Cl,-3.2490625,-3.3259892
CC[NH+](CCN1C(=O)C(C)Oc2c1cc(Cl)cc2)CC.[Cl-],-3.2463121,-3.0945487
C=CCC(C)C,-3.24,-2.97081
Cc1n(C2CCCC2)c(=O)n(c(=O)c1Br)C,-3.2380114,-2.9346652
CCCCOc1ccc(cc1)OCCCN1CCOCC1.Cl,-3.2373028,-2.9799612
CN(CCOC(=O)C(c1ccccc1)c1ccccc1)C.Cl,-3.2261643,-2.694312
CC[C@@]1(O)C(=O)OCc2c1cc1c3nc4ccccc4cc3Cn1c2=O,-3.2260554,-3.6745615
Clc1ccc2c(c1)n(c1ccccc1)c(=O)[nH]2,-3.224242,-3.2915292
I/C=C/I,-3.22,-2.7328901
CN1CCN(CC1)C1=Nc2ccccc2Cc2c1cccc2,-3.215533,-4.0567904
OCC(c1ccccc1)(c1ccccc1)COC(=O)NC,-3.2123291,-2.7862241
CC(/N=C(/N=C(/Nc1ccc(cc1)Cl)\N)\N)C,-3.2118113,-2.9880333
Oc1ccc(cc1C)C(C)(C)C,-3.2098906,-2.959858
O=C(Cc1ccccc1)N[C@@H]1C(=O)N2[C@@H]1SC([C@@H]2C(=O)O)(C)C,-3.2012076,-2.4779563
CN(CCOC(c1ccccc1)(c1ccccc1)C)C,-3.1971283,-3.0181975
OP(=O)(O)O.COc1ccc(cc1)CN(c1ccccn1)CCN(C)C,-3.194469,-2.3719563
OC(=O)c1cc(nc2c1cccc2)c1ccccc1,-3.1925483,-3.7942848
FCCCCCCCl,-3.187311,-2.6637087
CCCCC,-3.18,-2.6316838
Sc1nc2c(s1)cccc2,-3.18,-2.6146946
CCCNC(=O)OCC(COC(=O)N)(CC)CC,-3.1749816,-3.2012572
O=C1O/C(=C\c2ccccc2)/c2c1cccc2,-3.173642,-3.64995
CN(c1c(=O)n(C2CCCCC2)c(=O)n(c1C)C)C,-3.1709776,-3.1953955
CC(CCOC(=O)c1ccccc1O)C,-3.16,-2.85226
Nc1nc(cc2c1cccc2)c1ccccn1,-3.1548574,-3.1021726
O=C(c1ccccc1)CCC[NH+]1CCCCC1C.[Cl-],-3.151125,-2.5226202
CCNc1nc(nc(n1)Cl)NC(C#N)(C)C,-3.15,-3.1864514
OC(=O)C(Oc1ccccc1)Oc1ccccc1,-3.1497815,-3.1910553
OC(=O)Cc1ccc2c(c1)nc(o2)c1ccccc1,-3.14349,-3.5950766
OS(=O)(=O)SCCNCCCOc1nc2ccccc2c(c1)C(F)(F)F,-3.1434128,-4.5432553
CN(/N=N/c1ccc(cc1)Cl)C,-3.143391,-3.0793338
CCC(=O)N1C2CCC1CN(C2)CCc1ccccc1,-3.1429384,-3.0226517
COc1ccc2c(c1OC)C(=O)O[C@@H]2[C@@H]1N(C)CCc2c1c(OC)c1c(c2)OCO1,-3.14,-3.5718904
O=C1[C@@H](NC(=O)/C(=N\OC(C(=O)O)(C)C)/c2csc(n2)N)[C@@H]2N1C(=C(CS2)C[n+]1ccccc1)C(=O)[O-],-3.1397338,-3.1010258
CCC(c1ccccc1)(COC(=O)N(C)C)CO,-3.1354196,-1.9805454
O=c1[nH]c2c(o1)cc(c(c2)Cl)Br,-3.1304386,-2.7752366
Clc1cccc(c1)/N=N/N(C)C,-3.1285143,-3.0769024
CN1CCC(C1)OC(=O)Nc1c(C)cccc1Cl,-3.1239827,-3.17212
CCCCCCCl,-3.12,-3.3495312
NC(=N)c1ccc(cc1)OCCCOc1ccc(cc1)C(=N)N.Cl.Cl,-3.1159647,-2.7139502
OC(=O)c1cc(Cl)cc(c1)Cl,-3.1137319,-2.8075085
CCC(COC(=O)N)(COC(=O)NC(C)C)CC,-3.112335,-3.151774
CCN(CCCOC(=O)/C=C/c1ccccc1)CC,-3.111896,-3.337309
CCC(=O)NN1C2CCC1CN(C2)C/C=C/c1ccccc1,-3.11079,-3.2735152
CCc1ccc(cc1)C,-3.11,-3.3727498
OCC(=O)[C@@]1(O)CC[C@@H]2[C@]1(C)CC(=O)[C@H]1[C@H]2CCC2=CC(=O)CC[C@]12C,-3.11,-3.2679038
COc1c2c(CC[C@@H](c3c2ccc(c(=O)c3)SC)N)cc(c1OC)OC,-3.1098542,-3.8166056
CCC(c1ccccc1Cl)OC(=O)N,-3.1096172,-2.9999995
Cc1cc(C(=O)O)c(cc1C)C,-3.1081738,-2.901728
CCCCC(COC(=O)N)(COC(=O)N(C)C)C,-3.1059008,-2.7973056
NC(=O)C(c1cccc2c1cccc2)(CCN1CCOCC1)C,-3.1037939,-3.5145693
CC(C[C@@H](C(=O)N[C@H](C(=O)O)Cc1c[nH]c2c1cccc2)NP(=O)(O[C@@H]1O[C@@H](C)[C@@H]([C@H]([C@H]1O)O)O)O)C,-3.1017392,-2.189982
CN([C@@H]1C(=C(C(=O)N)C(=O)[C@@]2([C@H]1[C@@H](O)[C@H]1C(=C2O)C(=O)c2c([C@@]1(C)O)cccc2O)O)O)C	,-3.09,-2.003182
CCN1CCCC(C1)OC(=O)Nc1ccc(cc1)OC,-3.0847588,-3.0350213
CCC1(CCC(C)C)C(=O)N=C(N(C1=O)C)[O-].[Na+],-3.0843196,-1.9305111
Cn1ccn(/c/1=C/[NH+]=O)COC1CCCCCCCCCCC1.[Cl-],-3.073639,-3.9637356
ClCCN(C1CCCCC1)CCCl,-3.071822,-2.8649502
[O-][N+](=O)c1cccc(c1)P(=O)(c1cccc(c1)[N+](=O)[O-])O,-3.0705116,-3.6861386
Clc1ccc2c(n1)C(=NC(C(=O)N2)O)c1ccccc1Cl,-3.0703008,-3.5064197
C=C[C@@H]1CN2CC[C@H]1C[C@@H]2[C@H](c1ccnc2c1cccc2)O,-3.07,-2.6982942
OC(=O)c1ccc(c(c1)C)C,-3.065341,-2.3960266
CC(NC(Cc1cc(OC(=O)C)cc(c1)OC(=O)C)OC(=O)C)C,-3.0642161,-3.2139444
Clc1cc2N=CNS(=O)(=O)c2cc1S(=O)(=O)N,-3.05,-3.1416683
Clc1ccccc1Cl,-3.05,-2.8971324
CCCCNC(=O)NS(=O)(=O)c1ccccc1,-3.05,-2.5722785
FCCN(C(=O)NC1CCCCC1)N=O,-3.0491462,-3.0022445
COc1ccc2c(c1)[C@@]13CCCC[C@@H]3[C@H](C2O)N(CC1)C.Cl,-3.0479608,-3.217669
CCCC(COC(=O)N)(COC(=O)NCC=C)C,-3.0429387,-2.8861156
O=C[C@@]12CC[C@@H](C[C@@]2(O)CC[C@@H]2[C@@H]1CC[C@]1([C@]2(O)CC[C@@H]1C1=CC(=O)OC1)C)O[C@@H]1O[C@@H](C)[C@@H]([C@H]([C@H]1O)O)O,-3.0419018,-2.7572536
FC(C(Cl)(F)F)(Cl)Cl,-3.04,-3.041442
N#CSc1ccc(cc1)Cl,-3.0391607,-2.8985257
CNC(=O)Nc1c(OCCN2CCCC2)c(OC)c2c(c1OC)cco2,-3.028157,-3.0945935
O=C(Nc1ncco1)Nc1cccc(c1)Cl,-3.02762,-2.7201495
Oc1cc(C)c2c(c1)[C@]13CCCC[C@H]3[C@@H](C2)N(CC1)C.Cl,-3.0229733,-3.4584794
CCOC(=O)N1C(OC)Oc2c1cccc2,-3.0224128,-2.6355429
CCNS(=O)(=O)c1ccc(cc1)Br,-3.0204287,-2.4042773
CCCCCOC(=O)c1ccco1,-3.0200443,-2.979673
O=C(/C=C/c1ccccc1)CCN1CCN(CC1)c1ccccn1,-3.01712,-3.3811946
NN=C(c1ccccc1)c1ccccc1,-3.0154364,-3.955165
COc1cccc(c1C(=O)N[C@@H]1C(=O)N2[C@@H]1SC([C@@H]2C(=O)O)(C)C)OC,-3.0153549,-3.0198128
CC(N(C)C)CC(c1ccccc1)(c1ccccc1)O.Cl,-3.0112865,-2.2797906
NCCCC12CC3CC(C2)CC(C1)C3.Cl,-3.011087,-2.5670648
SCCNCCCCc1ccc(cc1)OC.Cl,-3.0092857,-2.9060302
CCCCC(COC(=O)N)(COC(=O)NCC#C)C,-3.0086467,-3.0467825
ClCCN(CCCOc1ccccc1)CC.Cl,-3.005051,-3.026792
CCOC(=O)/C=C/c1ccccc1,-3.0,-2.4644432
ClC1=C(Cl)C(=O)C(=C(C1=O)Cl)Cl,-2.992755,-2.3288717
OCC(=O)[C@@]1(O)CC[C@@H]2[C@]1(C)C[C@@H](O)[C@H]1[C@H]2C[C@@H](C2=CC(=O)C=C[C@]12C)C,-2.99,-3.553061
CN1CCN(CC1)CC(C(=O)c1c[nH]c2c1cccc2)c1ccccc1,-2.9894574,-3.40022
CNCCC12CC3CC(C2)CC(C1)C3.Cl,-2.9884229,-3.014131
O[C@H]1CC[C@]2([C@@H](C1)CC[C@@H]1[C@@H]2C[C@@H](O)[C@]2([C@]1(O)CC[C@@H]2C1=CC(=O)OC1)C)C,-2.986446,-3.3374481
CCc1c(C)[nH]c2c1C(=O)C(CC2)CN1CCOCC1,-2.983171,-2.0231113
O=C(c1ccc(cc1)[N+](=O)[O-])Nc1ccncc1,-2.977763,-2.988339
COc1cc2CCN([C@@H]3c2c(c1O)C1(C=CC(=O)C=C1)C3)C,-2.976344,-3.1002069
[O-]C(=O)CCC(=O)O.[NH3+]CC(c1ccc2c(c1)nc(o2)c1ccccc1)C,-2.9709816,-3.4864469
NC1c2ccccc2C=Cc2c1cccn2.OC(=O)/C=C/C(=O)O,-2.9632204,-2.685491
O=C1CC[C@]2([C@@H](C1)CC[C@@H]1[C@@H]2C[C@@H](O)[C@]2([C@]1(O)CC[C@@H]2C1=CC(=O)OC1)C)C,-2.9630551,-3.2270098
NC(=O)NCCc1c(Cl)cccc1Cl,-2.9492261,-2.6750884
CC(CC12CC3CC(C2)CC(C1)C3)N.Cl,-2.9480352,-2.2837372
CCCCCCCCC[C@H](O)C,-2.94,-4.158366
CNC(c1ccccc1)Cc1ccccc1.Cl,-2.9301488,-2.2257996
COCCCNc1nc(SC)nc(n1)NC(C)C,-2.93,-3.5708904
Oc1cccc2c1cccc2O,-2.92,-1.9268584
C[N+]1(CCC[N+]2(C)CCCC2)CCCC1.[I-].[I-],-2.9172838,-3.427052
COC(=O)c1c(C)ccc(c1OCC(CN1CCOCC1)O)C(C)C,-2.914411,-2.7316723
CN(CCOc1ccccc1Cc1ccccc1)C,-2.9127216,-3.1463122
Clc1ccc2c(c1)nc(o2)C,-2.910386,-2.8804488
Nc1ccc(cc1)S(=O)(=O)Nc1onc(c1C)C,-2.91,-2.6802263
SCCNCCCCCOc1ccc(cn1)C.Cl,-2.9085746,-3.0552187
CN(CCOC(c1ccccc1)c1ccccc1)C.Cl,-2.905207,-2.621675
N[C@@H]1CC[C@H](c2c1cccc2)c1ccccc1.Cl,-2.9027174,-3.4156713
CCCCCS(=O)CCCCC,-2.9011436,-3.3305807
COc1ccc2c3c1O[C@@H]1[C@@]43CC[N@@+]([C@H](C2)[C@@H]4C=C[C@@H]1O)([O-])C,-2.8992634,-2.254414
Clc1ccc(c(c1)Cl)C1(CO1)C(=O)N,-2.8855934,-2.3904757
CN([C@@H]1C(=O)C(=C([C@@]2([C@H]1C[C@H]1C(=C(O)c3c([C@@]1(C)O)c(Cl)ccc3O)C2=O)O)O)C(=O)N)C,-2.880888,-2.41609
CC(OC(=O)c1ccccc1C(=O)OC(C)C)C,-2.8773124,-3.4595556
OC(CNC(C)(C)C)COc1c2occc2c(c2c1oc(C)cc2=O)O.Cl,-2.8641226,-2.340507
CN(C(Cc1ccccc1)C)Cc1ccco1,-2.863518,-2.6303897
COc1cc(Cc2cnc(nc2N)N)cc(c1OC)OC,-2.86,-1.423939
ClCCN(c1ccc(cc1)C[C@@H](C(=O)O)NC=O)CCCl,-2.859959,-3.515635
OC(CN1CCC(CC1)(O)c1ccccc1)COc1cccc(c1)C(=O)C,-2.8532388,-2.2255802
COc1ccc2c3c1O[C@@H]1[C@@]43CCN([C@H](C2)[C@@H]4CC=C1OC(=O)C)C,-2.8498652,-2.5838032
O=C1N=c2c(=C1Nc1ccccc1)cccc2,-2.847149,-2.8751802
CCCCCc1[nH]c2c(n1)n(C)c(=O)n(c2=O)C,-2.837363,-2.571754
OC(=O)C(c1ccc(s1)C(=O)c1ccccc1)C,-2.835017,-2.9466991
CCC(c1ccccc1)CC(=O)O,-2.8343427,-2.3393755
Cc1ccc(nc1)OCCCCCN1CSCC1.Cl.Cl,-2.8299046,-3.1301274
Nc1ccc(cc1)C(=O)Nc1ncccc1C(=O)O,-2.8260224,-2.3707218
Nc1ccc(cc1)S(=O)(=O)[N-]c1nc(C)cc(n1)C.[Na+],-2.8253264,-1.976563
COc1nc(OC)ccc1Cc1cnc(nc1N)N,-2.822722,-1.6090778
OCCC1C2CCN(C1CNC(CCCN(CC)CC)C)CC2,-2.8206406,-2.2022023
COc1cc(cc(c1OC)OC)S(=O)(=O)CCN(Cc1ccccc1)C,-2.8202667,-3.2255998
CC[C@@H]1[C@@H]2C[C@@H]3N([C@H]1O)[C@@H]1[C@H]2[C@@H](O)[C@]2([C@@H]3N(C)c3c2cccc3)C1,-2.82,-2.3101573
Cc1cnc(nc1)NS(=O)(=O)c1ccc(cc1)N,-2.82,-2.4752774
CS(=O)(=O)N1CC=Cc2c1cccc2,-2.8169017,-2.20353
CCC(=O)N1C2CCC1CN(C2)Cc1ccccc1,-2.8112607,-3.0203762
CC(=O)OC(COC(=O)C)COc1ccccc1,-2.8030682,-2.1381884
CN1CCN(CC1)CC(=O)N1C(C)(C)CCCC1(C)C,-2.798114,-1.669415
O=C1Oc2c(C1(CCC[NH+]1CCOCC1)c1ccccc1)cccc2.[Cl-],-2.7967544,-3.468573
CCc1csc(n1)[N-]S(=O)(=O)c1ccc(cc1)N.[Na+],-2.7963724,-2.3114152
Fc1ccc(c(c1)Cl)C1(OC1Cl)C(=O)N,-2.7916455,-2.3383198
O=C1c2ccccc2C(=O)c2c1ccc(c2O)O,-2.78,-3.5059366
COc1cccc(c1)Cl,-2.78,-2.523933
COc1ccc(cc1)Cl,-2.78,-2.55721
O=C1CC(C(=O)N1c1ccc(cc1Cl)S(=O)(=O)N)c1ccccc1,-2.77701,-3.3996992
CCCc1cccc(c1)OCC(CO)O,-2.7750087,-2.4685698
CCCCOc1c(OC)cccc1C(=O)OCCN(C)C.CI,-2.77451,-4.6817765
[O-][N+](=O)c1ccc2c(c1)CON(C2)CCc1cc[nH+]cc1.[Cl-],-2.774336,-2.3053775
OC(=O)c1cccc(c1C)Cl,-2.772566,-2.5707183
CC(C(C(=O)O)C)c1ccccc1,-2.7724168,-2.48395
Oc1ccc2c(c1Cl)cccc2,-2.7704754,-3.293107
Cc1ccc(cc1)C,-2.77,-3.0522947
OC(C(Cl)(Cl)Cl)c1ccccc1,-2.768802,-2.6016316
CCOC(=O)c1cc(OC)ccc1O,-2.7637868,-2.0380955
O=C1OC2(c3c1cccc3)CCCC2,-2.7605305,-3.456716
C=CCN1CC[C@@]23[C@H]([C@H]1Cc1c3cc(cc1)O)CCCC2.Br,-2.7600877,-3.4888148
CCCNC(=O)OCC(CCC)(CO)C,-2.7572942,-2.9094982
COc1cc(cc(c1C(=O)N(C)C)OC)Cc1cnc(nc1N)N,-2.74712,-2.4579053
CCN(CCN(c1c(C)cccc1C)C=O)CC,-2.7454722,-2.9996295
COc1cc(/C=C/C(=O)CCN2CCN(CC2)c2ncccn2)cc(c1OC)OC.Cl,-2.7442474,-3.7311025
CN(Cc1c(Cl)cccc1NC(=O)c1ccccc1)CC(=O)N1CCOCC1.Cl,-2.7392733,-4.2504525
CCCCCCl,-2.73,-2.8143635
OC(=O)c1ccccc1I,-2.73,-2.9131145
Brc1ccc2c(c1)nc(o2)N,-2.726389,-2.3818302
CCCC1C(=O)n2n(C1=O)c1cc(C)ccc1nc2N(C)C.O.O,-2.7227063,-2.8354187
C(CN1CSCC1)COc1ccc2c(n1)cccc2.Cl.Cl,-2.7218168,-3.0809307
CCCCN1CCC(CC1)(OC(=O)C)c1cccnc1.Cl.Cl,-2.7190678,-2.565734
O=C(Nc1ccc(cc1)Br)NC=CP(=O)(N1CC1)N1CC1,-2.7170987,-3.0938497
OCC(c1ccccc1)(c1ccccc1)COC(=O)N,-2.7124896,-2.2387848
CCCCCCC(=O)OCC,-2.71,-3.0003266
ONC(=O)Cc1ccc(cc1)C(C)(C)C,-2.703759,-2.561113
NC(=O)c1ccc(cc1)I,-2.701854,-1.9635367
Nc1ccc(cc1)c1ccc(cc1)N,-2.7,-2.7108936
NCCCCCCCCCCC(=O)O,-2.7,-2.6785593
Nc1ccc(cc1)S(=O)(=O)Nc1ccccn1,-2.7,-2.4820979
CCCC(COC(=O)NC(C)C)(CO)C,-2.6946132,-3.0389981
O=C(C1NCCNC1)Nc1c(C)cc(cc1C)C.Cl.Cl,-2.693925,-1.8582712
ClCCCNC(Cc1ccccc1)C,-2.6901038,-2.594616
CCN1CCCC1CNC(=O)c1cc(ccc1OC)S(=O)(=O)CC,-2.6897748,-2.6126037
Clc1ccc(nc1)OCCCCCCNCCSS(=O)(=O)O,-2.6855135,-2.9470422
[O-][N+](=O)c1ccc(o1)/C=N/N(C(=O)N)CCO,-2.685188,-2.1510913
C1CCN(CC1)CCc1c[nH]c2c1cccc2,-2.6800618,-2.5930603
CCC(C(=O)NC(=O)N)(CC)Br,-2.68,-1.9677241
CCCC=C,-2.68,-2.4704509
CC(N1C(=O)c2ccccc2NS1(=O)=O)C,-2.68,-2.0402136
CC1Cc2c(O1)cccc2,-2.6799033,-2.4479983
CN(c1ccc(cc1)/C=N/NC(=S)N)C,-2.667531,-2.2100139
CN1CCCC[C@@H]1C(=O)Nc1c(C)cccc1C,-2.6623948,-3.26377
Cc1ccc2c(c1)c1CCCC3c1n2CCN3.Cl,-2.662198,-3.589548
O=C(c1ccncc1)[NH2+]c1cccc(c1C)C.[Cl-],-2.6606092,-1.8220534
CC[N+](CCC(c1ccccc1)(c1ccccc1)C(=O)N)(C)C,-2.654538,-3.5797515
CCCC(COC(=O)N)(COC(=O)NCC)C,-2.6534894,-2.682084
ClCCN(Cc1ccccc1)CCCl,-2.6497617,-2.4968076
O=Cc1cccc2c1cccc2,-2.6463542,-2.7823102
CN(/N=N/c1ccc(cc1)F)C,-2.6434188,-2.0958178
CN(CCN(c1ccccn1)Cc1cccs1)C,-2.64,-2.4890733
C1CCCN(CCC1)/C=C/C=C/C=[N+]1CCCCCCC1.[Cl-],-2.6378975,-3.2001724
COC(=O)c1c(C)ccc(c1OCC(CN(C)C)O)C(C)C,-2.6368306,-2.585291
CC(=O)NC12CC3CC(C2)CC(C1)C3,-2.635902,-2.5213947
c1ccc(cc1)CC1=NCCN1,-2.6334739,-2.042542
OCCN(c1nc(nc(n1)N(C)C)N(C)C)C,-2.6272671,-1.6091831
CN1CCN(C(C1)C(=O)Nc1ccccc1C)C.ON=O.ON=O,-2.6263492,-1.8604618
Oc1ccc2c(c1)[C@]13CCCC[C@]3([C@@H](C2)N(CC1)CC1CC1)O,-2.6239996,-3.4852948
CCN(C(=O)Nc1ccccc1)CC,-2.6239772,-2.3701763
Ic1ccc(cc1)S(=O)(=O)N,-2.6227388,-2.1466017
CCCCCCCOC(=O)N,-2.62,-2.6034775
C#C[C@@H](OC(=O)Nc1cccc(c1)Cl)C,-2.62,-3.1886625
CCCOc1ccc(cc1OC)C=CC(=O)NO,-2.619844,-2.6263678
CN1CCC(C1)OC(=O)C(c1ccccc1)(C1CCCC1)O.Cl,-2.612222,-2.5142267
CCCCN1CCC(CC1)(O)CCCC.Cl,-2.6031444,-1.900991
OC(=O)c1cc2c(n1C)cccc2,-2.6000493,-2.365815
COc1ccc(cc1)[C@@](c1cncnc1)(C1CC1)O,-2.6,-2.7080202
c1ccc(cc1)CN(c1ccccc1)CC1=NCCN1,-2.6,-3.8865037
OC(=O)c1cc2ccccc2cc1O,-2.5987082,-2.9660256
O=c1[nH]c2c(o1)cc(c(c2)Cl)Cl,-2.5978358,-2.3489497
O=C(C(=C)c1ccccc1)OC1CC[NH+](CC1)C.[Cl-],-2.591373,-2.238486
CSc1c(C)cc(cc1C)O,-2.5884757,-3.1072955
CCCCC[C@H]([C@@H]1[C@@H](O)C[C@@H](O)C[C@@H](O)C[C@@H](O)C[C@@H](O)C[C@@H](O)[C@@H](O)[C@H](O)/C(=C/C=C/C=C/C=C/C=C/[C@@H]([C@H](OC1=O)C)O)/C)O,-2.5863173,-2.3290224
CCc1c(C)c[nH]c1C,-2.5851858,-2.3009396
CC[N+](CCOC(=O)Cc1ccc(cc1)c1ccccc1)(CC)C.[I-],-2.5809002,-2.5514026
O=NN1C(C)(C)CCCC1(C)C,-2.5699525,-2.2056808
O=C1NC(=O)C2(C(=O)N1)CCC[Si](C2)(C)C,-2.5652375,-2.6117127
CC(C1(CC(=C)Br)C(=O)NC(=O)NC1=O)C,-2.564235,-2.4249544
CCC(=O)OC12CCN(C(C1)Cc1c2cccc1)C.Cl,-2.553503,-2.507918
N#[N+]/C=C(/CC[C@@H](C(=O)N[C@H](C(=O)O)CC/C(=C/[N+]#N)/[O-])NC(=O)CC[C@@H](C(=O)O)N)\[O-],-2.5526893,-1.7137141
CC(=O)Nc1ccc(cc1Cl)Cl,-2.5512033,-2.6800957
CC(C)C,-2.55,-2.2680683
N#C/C=C/c1ccc(cc1)C,-2.5484545,-3.212441
C1CCN(CC1)CC1COc2c(O1)cccc2.Cl,-2.5428126,-2.224482
NC(=O)OCCN1OCc2c(C1)ccc(c2)Cl,-2.5401704,-2.0963356
ClCc1ccc(cc1)F,-2.54,-2.6784034
CN1C2CCC1CN(C2)C(=O)c1ccc(cc1)CC(=O)O,-2.539792,-2.4697564
CN1CCC2(CC1Cc1c2cccc1)C.Cl,-2.5385704,-2.8438916
Cc1nc(nc(n1)N1CCOCC1)N1CCOCC1,-2.5372744,-2.0132694
CC1=NS(=O)(=O)c2c(N1)cc(Cl)c(c2)S(=O)(=O)N,-2.5355487,-2.774592
NC(=O)CCCCC1SSCC1,-2.5335865,-2.0408545
Clc1ccc2c(c1)oc(n2)N,-2.5322008,-2.0292273
OCC(COc1ccc2c(c1)cccc2)O,-2.531423,-2.6550827
FC(c1ccc(c(c1)N1C(=O)C2C(C1=O)C1OC2CC1)Cl)(F)F,-2.5258646,-3.1908317
N/C(=N\CCCOc1ccccc1)/CSS(=O)(=O)O,-2.5210454,-2.3074064
OC(=O)C(=O)[O-].CC1Oc2ccc(cc2N(C1=O)CCC[NH2+]C)Cl,-2.5173957,-2.7652218
O=C([C@@H](c1ccc(cc1)O)N)N[C@@H]1C(=O)N2[C@@H]1SCC(=C2C(=O)O)C,-2.5150476,-1.5893917
CCN(CCOC(=O)C(c1ccccc1)(c1ccccc1)O)CC,-2.5129445,-3.1069229
C=CCn1c(C)c(N(C)C)c(=O)n(c1=O)c1ccccc1,-2.5110881,-2.8001819
Cn1c(=S)[nH]nc1c1ccccc1,-2.5107539,-2.2538419
CCC(Cl)(C)C,-2.51,-2.2846217
FC(c1ccccc1)(F)F,-2.51,-2.2015228
OC[C@H]1O[C@H](C[C@@H]1O)n1cc(Br)c(=O)[nH]c1=O,-2.502033,-1.169954
NC(=N)c1ccc(cc1)Oc1ccc(cc1)C(=N)N.Cl.Cl,-2.497792,-1.9287469
OCC(COc1ccccc1Br)O,-2.496877,-2.5249624
CSc1c(Cl)nc(nc1N1CCN(CC1)C)NC(C)C,-2.4951787,-2.9808612
OCC(C(=O)Nc1ccc(cc1)C(=O)Nc1ccn(c(=O)n1)C1CCC(C(O1)C)OC1OC(C)C(C(C1O)O)N(C)C)(N)C,-2.4904418,-3.741683
Cc1ccc(cc1)[N+](=O)[O-],-2.49,-2.6361814
C=CCOc1ccc(cc1OC)/C=C/C(=O)NO,-2.488178,-2.1820602
COc1cc2nc(nc(c2cc1OC)N)N1CCN(CC1)C(=O)c1ccco1.Cl,-2.4769826,-3.6059518
O=C1CCC[C@H]2N1C[C@@H]1C[C@H]2CN2[C@H]1CCCC2,-2.4749758,-1.9801878
C=CCc1ccccc1OCC(CNC(C)C)O.Cl,-2.4742618,-2.1595635
CC(=O)N(c1ccccc1)c1ccccc1,-2.467071,-3.610735
C[N+](CCC[N+]1(C)CC2CCC(C1)(C2(C)C)C)(C)C.COS(=O)(=O)[O-].COS(=O)(=O)[O-],-2.463418,0.23743856
C[N+]1(CCCC[N+]2(C)CCOCC2)CCOCC1.[Br-].[Br-],-2.4600306,-2.0361876
COc1ccccc1Cl,-2.46,-2.4979122
CCC/C=C(/C=O)\CC,-2.46,-2.3779378
COc1ccc(cc1)C(=O)O,-2.4579933,-1.6866202
N#CSc1ccc(cc1)C(=O)O,-2.457441,-1.9883171
Clc1ccc(cc1)C(Cn1cncc1)O,-2.4572446,-2.3082504
OCCNC(=O)c1cccc(c1O)c1ccccc1,-2.4537725,-2.1095216
COc1ccc2c3c1O[C@@H]1[C@@]43CCN([C@H](C2)[C@@H]4CC[C@H]1O)C,-2.4525898,-2.0063324
[O-][N+](=O)c1ccc(o1)/C=N\N1CC(=O)N(C1=O)CC(=O)OCC,-2.4464207,-3.0300899
Nc1ccc(cc1)S(=O)(=O)Nc1oc(c(n1)C)C,-2.44,-2.5117264
COc1cc(cc(c1)OC)Cc1cnc(nc1N)N,-2.4397616,-2.0340822
C[NH+](C(CN1C(=O)C(C)Oc2c1cc(C)cc2)C)C.[Cl-],-2.4379702,-2.6603904
CN(CC(=O)[NH2+]/N=C/c1ccc(o1)[N+](=O)[O-])C.[Cl-],-2.4376516,-0.22654629
NC(=O)C1c2ccccc2CCc2c1cccn2,-2.434106,-3.4899487
CCCCCNCCOC(=O)c1ccc(cc1)N.Cl,-2.4322731,-2.773776
CC(NCC(c1ccc2c(c1)cccc2)O)C,-2.4274669,-2.8588386
CN1CCN(CC1)C(c1ccccc1)c1ccccc1,-2.4255147,-2.3729067
O=c1[nH]c2c(n1c1ccccc1)cccc2,-2.4245305,-2.2386684
NS(=O)(=O)Cc1noc2c1cccc2,-2.4237025,-2.2531319
C/C=C/CSC(C(=O)NC)(C)C,-2.4206705,-1.5823581
Cc1ccc2c(c1)OCO2,-2.4171798,-1.8433206
O=C(c1ccccc1)Nc1ccncc1,-2.4169166,-2.3965425
CC(OC(=O)c1ccc(cc1)O)C,-2.416913,-2.1250222
COc1ccc(cc1)[N+](=O)[O-],-2.41,-2.17865
CC(c1ccc(cc1)O)(C)C,-2.41,-2.3078709
COc1ccc(cc1)/C=C/C(=O)O,-2.398396,-2.2051969
OC(=O)CCCN1C(=O)c2c(C1=O)cccc2,-2.3923397,-2.1081686
CCC(Cc1ccccc1)(O)C,-2.3907237,-2.2377505
Oc1ccccc1c1ccccc1,-2.39,-2.9626026
O=C(c1ccccc1)C[NH+]1CCCCC1.[Br-],-2.3854337,-0.6937032
CN1CCCC1c1c[nH]c2c1c(Cl)ccc2,-2.3753667,-3.3054419
CCCN1CCCN(C1=O)CCC,-2.3750644,-2.0164442
ClCCN(c1c[nH]c(=O)[nH]c1=O)CCCl,-2.373807,-2.2297978
OC(=O)Cn1cnc2c1c(=O)n(C)c(=O)n2C,-2.3662233,-1.6827276
COc1cccc(c1)C,-2.3650608,-2.2714863
CC(=O)Nc1nnc(s1)S(=O)(=O)N,-2.36,-1.6566176
CCC[C@@H](C1(CC=C)C(=O)NC(=O)NC1=O)C,-2.36,-2.4892588
S=c1ncc2c([nH]1)nccn2,-2.36,-1.6941228
CCOC(=O)c1ccccc1C(=O)OCC,-2.35,-2.6442976
O=C1NC(=O)NC(=O)C21CCCC2,-2.35,-1.4904848
CCN1CCN(CC1C(=O)Nc1ccccc1C)CC.ON=O.ON=O,-2.3474147,-2.598297
Cc1[n+](CCC[N+]2(C)CCCC2)ccc2c1N=C1C2C=CC=C1.[Br-].[Br-],-2.3471358,-3.8009062
Clc1cc(Cl)c(c(c1)Cl)O,-2.34,-2.4312072
CNC(=O)Oc1cccc(c1)/N=C/N(C)C,-2.34,-1.5295434
CCC1(CCC(=O)NC1=O)c1ccccc1,-2.3374302,-2.25496
CNCCCC12CC3CC(C1)CC(C2O)C3.Cl,-2.335488,-2.151279
CCc1cnc(n1CCOC(=O)CCC(=O)O)[N+](=O)[O-],-2.3346608,-2.1794553
CCCOC(=O)c1ccc(cc1)N,-2.33,-1.9173645
CCOc1ccc(cc1)NC(=O)CC(O)C,-2.321077,-1.8632766
CCCC(C(=O)N)CCC,-2.3193302,-1.8790977
CCCCc1[nH]c2c(n1)n(C)c(=O)n(c2=O)C,-2.3165128,-2.2015023
ClCCn1nnc2n(c1=O)cnc2C(=O)N,-2.3108473,-2.089662
CC(Cc1ccccc1)OC(=O)N,-2.3074234,-1.4707445
FC(C1(CCNCC1)C(F)(F)F)(F)F.O,-2.3068085,-1.0884382
NCCCC(Nc1cc(OC)cc2c1nccc2)C,-2.3046503,-2.8905013
CCOC(=O)C(=O)N1CC=Cc2c1cccc2,-2.3033857,-2.2058372
CN1[C@@H]2CC[C@H]1CC(C2)Oc1ccccc1,-2.295691,-2.8526924
CCCI,-2.29,-2.400638
O=c1[nH]cnc2c1[nH]cn2,-2.29,-1.1807654
N#CCNc1ccccc1C(=O)O,-2.288768,-2.2940536
OC(C[NH+](C(C)C)C(C)C)COc1ccccc1C(=O)C.[Cl-],-2.2802901,-2.542973
COP(=O)(O[C@@H](C(Br)(Cl)Cl)Br)OC,-2.28,-3.396957
CCCCC1(CC)C(=O)NC(=O)NC1=O.[Na],-2.2711387,-1.7943602
O=C(c1ccccc1)NC(=O)c1ccccc1,-2.27,-3.1369367
Nc1cccc(c1)C(=O)Nc1ccccc1,-2.269947,-2.5002728
O=C1NC(=S)NC(=O)C21CCCCC2,-2.2695968,-2.472457
CN([C@@H]1C(=O)C(=C([C@@]2([C@H]1Cc1c(C2=O)c(O)c2c(c1C)cccc2O)O)O)C(=O)N)C,-2.2681148,-2.3850403
CCN(CC(=O)Nc1c(C)cccc1C)CC.Cl,-2.265333,-2.7024908
CCN1CCN(CC1C(=O)Nc1ccccc1)CC.ON=O.ON=O,-2.265154,-2.2434778
CC(CC(=NO)C)C,-2.2647877,-1.6907673
ClCCCn1cnc2c1c(=O)n(C)c(=O)n2C,-2.2632809,-2.520656
CC[N+](CCC(c1ccccc1)(c1ccccc1)C(=O)N)(C)C.[Br-],-2.260939,-2.7255805
CN(CCN(c1ccccc1)Cc1cccs1)C,-2.2584848,-3.323938
CC[C@@H](C(=O)O[C@H]1C[C@H](O)C=C2[C@H]1[C@@H](CC[C@H](C[C@H](CC(=O)[O-])O)O)[C@H](C=C2)C)C.[Na+],-2.2581964,-2.6090791
CC(Cc1[nH]c2c(n1)n(C)c(=O)n(c2=O)C)C,-2.2528439,-2.01687
OCC(COc1ccc(cc1)CC)O,-2.251408,-2.0220711
COC(=O)[C@H]1[C@H](C[C@H]2N([C@@H]1CC2)C)OC(=O)c1ccccc1	,-2.25,-2.0215616
OC(=O)C(CC(=O)O)(CC(=O)O)O.CCN(CCc1onc(n1)c1ccccc1)CC,-2.2464757,-2.662352
Ic1cc(c2c(c1O)nccc2)S(=O)(=O)O,-2.2444181,-2.6113505
OC/C/1=C\[C@H]2OC(=O)C(=C)[C@@H]2[C@H](C/C(=C/CC1)/C)OC(=O)C(CO)C,-2.2435477,-2.8236818
SC/C(=N\CC12CC3CC(C2)CC(C1)C3)/N.Cl,-2.2404404,-2.5026999
CCC(C(c1ccccc1)C(=O)OCC[N+](CC)(CC)C)C.[Br-],-2.2390926,-1.5656886
CCOC(=O)N(P(=O)(N1CC1)N1CC1)OC(=O)C,-2.2387,-1.0619967
CCCCc1ccc(nc1)C(=O)O,-2.2321947,-2.385415
C[N+]1(CCCN2CC3CCCC(C2)C3)CCCC1.[I-],-2.223776,-1.9566705
CN(CCN1C(=O)CCCc2c1cccc2)C,-2.2199717,-2.479743
N/C(=N\Cc1ccc(s1)C)/CSS(=O)(=O)O,-2.2198527,-2.333786
CCC1(C(C)C)C(=O)NC(=O)NC1=O,-2.21,-1.8472303
CN(CCC(c1ccccc1Cl)(c1ccccc1)O)C.Cl,-2.2082138,-3.4967399
CCCCN(CCCl)CCCl,-2.2035308,-2.03437
O=C1CCC[C@H]2N1C[C@@H]1CCCN3[C@@H]1[C@@H]2CCC3,-2.2008624,-2.1491222
O[C@H](COc1nsnc1N1CCOCC1)CNC(C)(C)C.OC(=O)/C=C\C(=O)O,-2.1982274,-2.4986196
OC(=O)COc1ccc2c(c1)CCC2,-2.1981378,-2.5982356
CC(NC(=O)c1ccccc1)C,-2.19574,-1.6817669
CC(=O)N(c1ccccc1C(=O)O)C,-2.1904936,-1.8293893
[O-][N+](=O)c1ccc(o1)/C=N/O,-2.19,-1.2537061
CN(c1c(=O)[nH]c(=O)n(c1C)c1ccccc1)C,-2.1852744,-1.943132
CCCC[Hg]OC(=O)C[S-].[Na+],-2.1835265,-1.4274902
COc1c(C)cc(cc1C)CC(N)C.Cl,-2.1822748,-2.1817513
N/C(=N\CC1CCCC1)/CSS(=O)(=O)O,-2.18189,-1.9776646
CCC1(C2=CCCCC2)C(=O)NC(=O)NC1=O,-2.17,-2.4753346
O=C1CC[C@@H]2[C@@]34[C@H]1Oc1c4c(C[C@H]2N(CC3)C)ccc1O,-2.1698098,-1.8306808
CCCNC(=O)OCC(COC(=O)N)CC,-2.1646147,-2.2879233
Clc1ccc(nc1)OCCCCCNCCSS(=O)(=O)O,-2.1644557,-2.271496
CC[NH+]1CCCC1c1c[nH]c2c1cccc2.[Cl-],-2.163747,-2.0235143
CCc1c(C)[nH]c2c1C(=O)C(CC2)CN1CCOCC1.Cl,-2.156863,-1.9806178
COc1ccc(cc1)/C=C/NC=O,-2.1508667,-1.8218813
Oc1ccc2c(c1)[C@]13CCCC[C@H]3[C@@H](C2)N(CC1)C,-2.145752,-3.020144
FCCCCCl,-2.144309,-1.796298
CN1CCCC1c1cn(c2c1cccc2)C,-2.1435258,-2.960656
CN1CCCC1c1c[nH]c2c1cc(C)cc2,-2.1435258,-2.6157541
Nc1nc(=O)c2c([nH]1)n(COCCO)cn2,-2.1430688,-0.8484372
Cc1cccc(c1)C(=O)O,-2.14,-1.9096094
CC(Cc1ccccc1)NC(=O)C,-2.1346354,-2.05058
CCCn1c(N)cc(=O)n(c1=O)CC,-2.1336226,-1.4519913
Nc1ncnc2c1nc[nH]2,-2.12,-0.94422865
O=C(NCc1ccccc1)CCNNC(=O)c1ccncc1,-2.1188858,-2.2525144
C=CCOc1ccccc1C(=O)N(C)C,-2.1109009,-1.896799
SCCNCCOc1ccc(cn1)Br.Cl,-2.1037316,-1.8580992
COc1ccc(cc1CC(N(C)C)C)OC.Cl,-2.1028419,-1.5539626
COc1cccc(c1)OC,-2.097039,-1.7868425
CCCCCC[C@H](O)C,-2.09,-2.2166963
CC(CC(COC(=O)N)(COC(=O)N)C)C,-2.08955,-1.76776
O[C@@H]1CC[C@]2([C@@H](C1)C[C@H]([C@@H]1[C@@H]2C[C@H](O)[C@]2([C@H]1CC[C@@H]2[C@@H](CCC(=O)[O-])C)C)O)C.[Na+],-2.087492,-3.2970448
COc1ccc(cc1)c1nc(N)nc(n1)N,-2.0865037,-1.4183787
CC(C(COC(=O)NC(=O)C)(COC(=O)NC(=O)C)C)C,-2.082537,-2.189874
CN(/N=N/c1ccccc1C(=O)N)C,-2.0807703,-1.7031751
N#C[C@H]1C[C@H]2C[C@@H]1/C(=N\OC(=O)NC)/[C@@H]2Cl,-2.08,-2.030549
CCNc1nc(NC(C)C)nc(n1)OC,-2.08,-2.9250956
NC(=O)OCC(c1ccccc1)(COC(=O)N)C,-2.0796463,-1.7316054
OC[C@H]1O[C@H]([C@@H]([C@@H]1O)O)n1cnc2c1[nH]cnc2=S,-2.0712042,-1.2599074
OC(=O)Cc1c[nH]c2c1cccc2,-2.07,-1.3981736
Cn1cccc1c1cccnc1,-2.0650403,0.13282001
COc1cc(cc(c1OC)OC)S(=O)(=O)CCN1CCCCC1,-2.0626535,-2.209301
COc1c(OC)ncnc1NS(=O)(=O)c1ccc(cc1)N,-2.06094,-2.585629
CC(OC(=O)C(=C)C)C,-2.0585718,-1.4380699
CCOC(=O)N(P(=O)(N1CC1(C)C)N1CC1(C)C)OC(=O)C,-2.0560002,-2.5018253
COc1ncnc2c1cccc2,-2.052615,-1.8972869
CCN1C(=O)c2ccccc2CS1(=O)=O,-2.051658,-2.2169652
CCCCCCC(=O)C,-2.05,-2.3684745
CCC(C(=O)O)Oc1ccccc1,-2.0419788,-2.0296216
CC(C[C@@H]1NC(=O)[C@H]2N(C1=O)CCC2)C,-2.0417583,-1.8410363
N#Cc1cccc(c1)C,-2.0405815,-2.2002068
CCNc1nc(N2CCN(CC2)C)c(c(n1)Cl)SC,-2.0372927,-2.4599967
COc1ccc2c(c1)cc[nH]2,-2.0346205,-2.0489898
CC(=O)c1ccc(cc1)OC(C(=O)O)(C)C,-2.032955,-2.1149397
CCCCSC(C(=O)N)(C)C,-2.0262733,-2.2583702
Nc1cc(C)[n+](c2c1cccc2)CCCCCCCCCC[n+]1c(C)cc(c2c1cccc2)N.[Cl-].[Cl-],-2.0233166,-8.053924
CN1CCN(CC1)CC(c1ccccc1)(c1ccccc1)O,-2.0231924,-2.004963
O=C(c1ccccn1)NNCc1ccccc1,-2.0200768,-1.9123178
COc1ccc(cc1)OC,-2.0027306,-1.65065
ClC([N+](=O)[O-])(Cl)Cl,-2.0,-1.6817415
OCCOc1c(cccc1C(=O)N)c1ccccc1,-1.9937807,-2.522334
CC(=O)N[C@H](C(=O)O)Cc1c[nH]c2c1cccc2,-1.9917308,-1.1981732
Nc1cc(nc([n+]1[O-])N)N1CCCCC1,-1.99,-1.5707238
Oc1ccc2c(c1)CCCC2,-1.99,-2.6421156
COc1cc(C)nc(n1)n1nc(cc1OC)C,-1.9855222,-2.839335
Cn1c2nncnc2c(=O)n(c1=O)C,-1.9849007,-0.8818527
C=CCOc1ccccc1OCC(CNC(C)C)O.Cl,-1.9773079,-1.9999149
CCCCOC1(OCCN(C1)C)c1ccccc1.Cl,-1.9749246,-1.9324658
CCCC(C1(CC=C)C(=O)NC(=NC1=O)[O-])C.[Na+],-1.972316,-2.9030285
CCn1c(C)cnc1[N+](=O)[O-],-1.9706633,-1.5549717
CCC1(C(=O)NC(=O)N(C1=O)CN1CCOCC1)c1ccccc1.Cl,-1.970151,-2.1724854
C1=CCC=CC1,-1.97,-2.22087
Fc1ccc(cc1)F,-1.97,-1.8392385
Cc1nc2c([nH]1)cccc2,-1.96,-1.8136549
CCN(CCOc1ccccc1)CC,-1.9537709,-2.1726186
Nc1ccc(cc1)C(=O)Nc1ncccc1C.Cl.Cl,-1.9523413,-2.366015
Cc1ccc2c(c1)nc(cc2)C,-1.94,-2.3791294
O1CCOCCOc2c(OCCOCC1)cccc2,-1.9344807,-1.970206
Cc1ccnc(c1)OCCCCCNCCSS(=O)(=O)O,-1.9321531,-1.7443143
Cc1ccc(nc1)OCCCCCNCCSS(=O)(=O)O,-1.9321531,-1.8354696
C[C@@H]1C[C@@H](C(=O)N1c1ccccc1)N(C)C.Cl,-1.9319116,-1.73366
CC1Oc2ccc(cc2N(C1=O)CC[NH2+]C)Cl.[Cl-],-1.9301234,-1.7837327
O[C@H]([C@@H](c1ccccc1)O)c1ccccc1,-1.93,-2.5434403
COc1cc(ccc1OC)Cc1cnc(nc1N)N,-1.9273417,-1.6422493
CC(Cc1ccccc1)NN(C)C,-1.9247644,-1.1634538
CC(COC1(OCCN(C1)C)c1ccccc1)C.Cl,-1.9237083,-2.1081927
CC1(C)CCC([NH2+]1)c1c[nH]c2c1cccc2.[Cl-],-1.9236044,-2.318913
CC(CCOC(=O)C)C,-1.92,-1.4701104
CC[NH2+]CC(COc1c2oc(cc2c(c2c1occc2=O)O)C)O.[Cl-],-1.9196045,-2.145957
OCC(c1ccccc1)C(=O)OC1C[C@@H]2CC[C@H](C1)N2C.Cl,-1.9174988,-1.6830966
O=C1c2ccccc2N(C1=O)C(=O)C,-1.9170167,-1.3311341
OC[C@@H](c1ccccc1)C(=O)O[C@@H]1C[C@@H]2CC[C@H](C1)N2C,-1.91,-2.0372434
CCC[C@H]1CN([C@@H](C1)C(=O)N[C@@H]([C@H]1O[C@H](SC)[C@@H]([C@H]([C@H]1O)O)O)[C@@H](Cl)C)C.Cl,-1.8999381,-3.1576328
N#Cc1cc(ccc1C#N)[N+](=O)[O-],-1.8920219,-2.1504817
COc1c(OC)ccc2c1C(=O)OC2,-1.89,-2.1347766
O=C1NC(=O)NC(=O)C21CC2,-1.89,-0.8697054
CCCc1cnc(n1CCO)[N+](=O)[O-],-1.8810098,-1.4226675
CC(=O)c1ccc(cc1)S(=O)(=O)N,-1.8760958,-1.0171716
CCn1c(C)c(N(C)C)c(=O)n(c1=O)c1ccccc1,-1.874404,-2.5964892
CC([NH2+]CC(=O)N/N=C/c1ccc(o1)[N+](=O)[O-])C.[O-]C(=O)C,-1.8548771,-2.704667
COc1ccc2c(c1O)[C@]13CCC[C@@H]([C@H]3[C@@H](C2)N(CC1)C)O,-1.8505747,-1.686601
CCCCOCCCC,-1.85,-3.1955
COC(=O)c1ccccc1,-1.85,-1.4988533
NC(=N)c1ccc(cc1)Nc1ccc(cc1)C(=N)N.Cl.Cl,-1.8451313,-1.8020028
[O-][N+](=O)c1ncc(n1C=C)C,-1.8406992,-1.5706754
ClCCNP1(=O)OCCCN1CCCl,-1.8391719,-1.2257302
CC(=O)C1(C)SCCS1,-1.839157,-0.92449456
CN(CCN(c1ncccn1)Cc1ccccc1)C,-1.8382955,-2.5958147
C#CC(c1ccccc1)OC(=O)N,-1.8373024,-1.8665978
Nc1ccc(cc1)c1ccc(cc1)N.Cl.Cl,-1.834435,-1.6307342
OC(=O)C1(N)CCCCCC1,-1.8328764,-1.0289727
NCCS/C(=N\CC)/NCC.Br.Br,-1.8305526,-0.67091244
CCC(=O)c1ccccc1,-1.83,-2.0479293
CC(=O)/N=c\1/sc(nn1C)S(=O)(=O)N,-1.83,-2.0033886
C#CC1=CC(N(C(C1)(C)C)C)(C)C,-1.828731,-2.5444677
OS(=O)(=O)SCCNCCCOc1nccc2c1cccc2,-1.8269991,-2.2215562
c1ccc2c(n1)c1ncccc1cc2,-1.8260267,-2.7657862
CCOc1nc(C)nc(n1)N,-1.8243964,-1.4301887
CC1CS(=O)(=O)CCN1/N=C/c1ccc(o1)[N+](=O)[O-],-1.8241457,-3.0408998
[O-][N+](=O)c1ccc(c(c1)[N+](=O)[O-])O,-1.8194661,-1.949685
OCC(NC(=O)/C=C/c1ccccc1)(C)C,-1.8120903,-1.825735
FCCCCCC#N,-1.8108478,-1.7329556
N#Cc1ccc(cc1)NC(=O)C,-1.8050967,-1.5195774
CN(CCOC(=O)COc1ccc(cc1)Cl)C.Cl,-1.8002154,-1.7930573
Clc1cccc(c1O)Cl,-1.79,-1.489218
O=c1[nH][nH]c(=O)c2c1cccc2,-1.7883077,-1.5544378
COc1ccccc1C(=O)N,-1.7815112,-1.0674502
CN1CCCCC1C(=O)Nc1c(C)cccc1C.Cl,-1.781252,-2.9986553
COc1cc(C#N)cc(c1OC)OC,-1.772794,-1.4863154
CC(CC/N=C(/CSS(=O)(=O)O)\N)C,-1.7712244,-1.7606311
CC[N+](CCOC(=O)C(c1ccccc1)(c1ccccc1)O)(CC)CC.[Br-],-1.7700566,-1.4719384
Oc1ccc2c(c1)C1(C)CCNC(C2)C1C,-1.768882,-2.427765
CCN(CC(=O)Nc1c(C)cccc1C)CC,-1.76,-3.0191345
NC(=O)c1ccccc1O,-1.76,-1.004941
OCC1(CC1)c1ccccc1,-1.7592431,-1.4506617
CCCCC(CCC)NCCSS(=O)(=O)O,-1.7528197,-2.0215316
ClC=C,-1.75,-1.102443
OC[C@@]12[C@H](O)C[C@@H](C[C@@]2(O)CC[C@@H]2[C@@H]1[C@H](O)C[C@]1([C@]2(O)CC[C@@H]1C1=CC(=O)OC1)C)O[C@@H]1O[C@@H](C)[C@@H]([C@H]([C@H]1O)O)O.O.O.O.O.O.O.O.O,-1.7387443,-0.7925566
NC(=O)C(c1ccccc1)(CCN1CCOCC1)C,-1.7349389,-1.7438198
CC(CS(=O)CC(C)C)C,-1.731728,-2.0477676
O=c1[nH]c(=O)c(c([nH]1)C(=O)O)F,-1.7307578,-1.0166407
O=C1C=C[C@](C=C1)(O)c1cc(O)ccc1O,-1.73,-0.97768444
ClCCNC(=O)N(CCCl)N=O,-1.7284472,-2.2758746
CCCCCC(O)(C)C,-1.72,-1.7560086
NCC(=O)OC[C@H]([C@@H](c1ccc(cc1)[N+](=O)[O-])O)NC(=O)C(Cl)Cl,-1.719649,-2.7193031
S=c1[nH]c2c([nH]1)cccc2,-1.7150185,-1.8400712
CCN(CCNCC(COc1ccc(cc1)C(=O)CC)O)CC,-1.7084317,-1.3185815
ClCC(Cn1c(C)ncc1[N+](=O)[O-])O,-1.7052941,-1.2349987
ClCCN(CCCl)CCCl.Cl,-1.6980284,-1.1879035
CCCCN(CCCO)CCCC,-1.6974125,-1.7173725
FCCCCSC(=O)C,-1.6966949,-1.5396624
Oc1ccc(c(c1)C(=O)N)O,-1.682653,-0.86252475
OC(=O)c1cccc(c1)[N+](=O)[O-],-1.68,-2.4691944
CC1(C)CN1P(=O)(N1CC1(C)C)N1CC1(C)C,-1.6788814,-1.2317717
CCN(CCNC(=O)c1ccc(cc1)N)CC,-1.6687319,-1.7767158
CC(COc1ccccc1C)O,-1.668015,-2.2209878
CCN1C(=O)Cc2c(S1(=O)=O)cccc2,-1.6624918,-1.84919
COC(=O)c1ccccc1C(=O)OC,-1.66,-1.6161072
CNC1CC(N(C1=O)c1ccccc1)C.Cl,-1.6539907,-1.7020725
O=C1C=C(O)c2c(C1=O)cccc2,-1.6504285,-1.1069851
OS(=O)(=O)SCCNC1CCCCCCC1,-1.6425474,-1.4532807
c1ccccc1,-1.64,-2.087437
ClC(=C)Cl,-1.64,-1.2039099
CCCCC1(CC)C(=O)NC(=O)NC1=O,-1.64,-2.3220248
C[C@]12CC[C@H](CC1)C(O2)(C)C,-1.64,-2.7178178
O=C1NS(=O)(=O)c2c1cccc2,-1.64,-1.3515021
O=C1C=C/C(=N/c2ccc(cc2)O)/C=C1,-1.6393927,-1.7055027
CN(N/N=C\1/N=CN=C1C(=O)N)C,-1.6353079,-0.7868226
CCCC(C(CO)CO)C,-1.6348368,-1.6863799
CCC(COC(=O)N)(COC(=O)N)CC,-1.6322424,-1.4667311
CC(=O)CC(=O)C(C)(C)C,-1.63,-1.0924538
CCN(CCOC(=O)C1CC2CCN1CC2)CC,-1.6287715,-0.9595335
CC(C(N)(C)C)c1ccccc1,-1.6274297,-1.5800344
Cn1c2nc([nH]c2c(=O)n(c1=O)C)C1CC1,-1.6210698,-2.0135484
CCCOCCC,-1.62,-1.7585286
COc1cc(C)ccc1CC(N)C.Cl,-1.6170547,-1.4263597
CNC(Cc1ccccc1OC)C.Cl,-1.6120818,-1.278397
COc1ccc(cc1)C[C@H]1NC[C@H]([C@@H]1OC(=O)C)O,-1.61,-0.70379984
CCC1C2CCC(C2)CN1C,-1.6079625,-1.8746243
OC(=O)c1ccccc1C(F)(F)F,-1.6,-2.5300744
CCI,-1.6,-1.9260018
NC(=O)N[C@H]1NC(=O)NC1=O,-1.6,-0.64313823
CC(CC(=O)CC(=O)C)C,-1.6,-1.284536
O=C1C(=O)C(=C(c2c1cccc2)O)C,-1.5987997,-1.2771385
CO[C@@]12[C@H]3N[C@H]3CN2C2=C([C@H]1COC(=O)N)C(=O)C(=C(C2=O)C)N,-1.5983504,-0.0056551695
OCC(COc1ccc(cc1)OC)(O)C,-1.5976727,-1.2622601
COC(=O)c1ccc(cc1)N,-1.59,-1.0975863
CN1C(=O)C(c2ccccc2)C(=O)N(C1=O)C,-1.5848982,-1.7125225
Clc1ccc(cc1)S(=O)(=O)N,-1.5811523,-1.4713345
S1SCC(C1)N1CCCC1.OC(=O)C(=O)O,-1.5774689,-0.61286306
c1ccc(cc1)c1ncn[nH]1,-1.5759501,-1.5495405
CC(=O)NC1CCCCC1,-1.5758464,-1.3820229
[O-]C(=O)c1ccccc1c1c2cc(Br)c(=O)cc2oc2c1cc(Br)c(c2[Hg])[O-].[Na+].[Na+].O,-1.5749949,-4.377512
CCC(Cc1ccc2c(c1)OCO2)N,-1.5743033,-1.3506991
COc1cc(ccc1OC)CC(=O)C,-1.572313,-2.042025
CNC(=O)Oc1ccccc1C1OCCO1,-1.57,-2.1218977
NC(=O)OCC(C(C)(C)C)COC(=O)N,-1.5695829,-1.4411207
CCC(=O)C(c1ccccc1)(c1ccccc1)CC([N+](C)(C)C)C.[Cl-],-1.565445,-3.0390086
[O-][N+](=O)O.OCCn1c(=O)n(C)c2c(c1=O)n(C)cn2,-1.555686,-1.4413443
Nc1nc(nc(n1)N(C)C)N(C)C,-1.555443,-1.5540497
Nc1ccc2c(c1)scn2,-1.5509431,-1.4566684
OCC(COc1ccccc1)(CO)CO,-1.5508631,-1.0916504
OCCCC(C)(C)C,-1.55,-1.4057343
CSc1cnc2c(n1)ncnc2,-1.55,-2.0184216
O=Nc1ccc(cc1)O,-1.5462288,-0.85332406
CN1C(C)C2CCC(C1C)C2,-1.5449729,-1.7759609
CN1CCOC(C1)(OCC#C)c1ccccc1.Cl,-1.5403984,-1.2576785
n1ccc(cc1)c1ccncc1,-1.54,-0.7494999
CCC(NC(=S)C(=S)NC(CC)C)C,-1.5369399,-3.6400747
O=C1c2ccccc2CS(=O)(=O)N1C,-1.5309755,-1.6453953
NCc1ccccc1,-1.53,-0.028799415
COc1cc(/C=C/C(=O)N2CCCO2)cc(c1OC)OC,-1.5293211,-2.3692257
COc1ccccc1OCC(COC(=O)N)O,-1.5251222,-1.1500798
CCC1(C(C)C)C(=O)[N-]C(=O)NC1=O.[Na+],-1.5213116,-1.4474992
Cc1c[nH]c(=O)[nH]c1=O,-1.52,-1.0337064
O=COCCC(C)C,-1.52,-1.3965418
CCC(C=O)CC,-1.52,-1.1719509
COc1ccc(cc1)C(=O)/C=N/[NH+]1CCN(CC1)C.[Cl-],-1.5172513,-0.44787145
NC1=NCC(O1)CN1CCN(CC1)c1ccccn1,-1.5163836,-1.5669303
CC(CNC(Cc1ccccc1)(C)C)O,-1.5145457,-1.4739587
OCCN(Cc1csc(n1)c1ccc(s1)[N+](=O)[O-])C.Cl,-1.5132706,-1.8503468
[O-][N+](=O)O.OCn1cnc2c1c(=O)n(C)c(=O)n2C,-1.5096319,-1.2455833
CCN(CCc1onc(n1)c1ccccc1)CC,-1.5019575,-2.5617511
ClCCS(=O)(=O)CCCl,-1.5,-1.2487086
NC(=N)c1cccc(c1)[N+](=O)[O-].Cl,-1.4977896,-1.3993114
NCCCNc1ccc(c2c1NCCC2)OC.Cl,-1.4848418,-1.1955292
COC(=O)C(c1ccccc1)C1CCCCN1.Cl,-1.4840488,-2.0951486
COc1ccccc1C(=O)O,-1.4832991,-1.7373925
O=C(N1CC1)Nc1ccccc1,-1.4704571,-1.4654257
CCCC[C@@H](CC)O,-1.47,-1.6971571
C=CCSC(C(=O)N)(C)C,-1.4664724,-1.3476093
FCCN(C(=O)NCCCl)N=O,-1.4623716,-1.741766
CCCC(c1ccccc1)OCn1ccn(/c/1=C/[NH+]=O)C.[Cl-],-1.4503632,-1.4760153
c1ccc2c(c1)cncc2,-1.45,-1.6289161
O/N=C(/Cn1ccc2c1cccc2)\N,-1.4438154,-1.2342113
COP(=O)(OC=C(Cl)Cl)OC,-1.4412433,-0.4811285
CCCCCCCC[N+](CCOCC[N+](CCCCCCCC)(C)C)(C)C.[Br-].[Br-],-1.4409385,-1.5185639
CCC(=O)c1ccc(cc1)NO,-1.4355164,-1.6768583
Cn1cnc(=O)c2c1cccc2,-1.4344821,-1.0924196
O=C1NC(=O)C2(C(C1CC2)(C)C)C,-1.4341162,-1.6051009
N/C(=N\c1ccccc1)/N=C(N)N,-1.4329793,-1.1262802
CCC(COC(=O)CCC(=O)[O-])(CO)CC.[Na+],-1.4280084,-0.0511719
ClC1=C/C(=N/c2ccc(cc2)[O-])/C=C(C1=O)Cl.[Na+],-1.427481,-2.8244147
O=C1NC(=O)OC1c1ccccc1,-1.4242374,-1.7952021
CN(CCC(c1ccccn1)c1ccccc1)C.Cl,-1.4168727,-1.1325499
[O-][N+](=O)CC(=O)OCC,-1.4123806,-0.80821633
CC(=O)Cc1ccccc1,-1.4105935,-1.3601965
CC(Cl)C,-1.41,-1.3776687
Oc1ccc(cc1)C(=O)O,-1.41,-1.321371
Cc1cc(C)cc(c1)O,-1.4,-1.8138862
CNC(CC(=O)c1ccccc1)(C)C.Cl,-1.3983827,-1.2654413
CCNc1nc(=O)nc([nH]1)C,-1.3879789,-1.3659064
c1ccc(cc1)c1nnco1,-1.386717,-1.0489539
NC12CC3CC(C2)CC(C1)C3,-1.3809153,-1.5884765
OCCCc1ccccc1,-1.38,-1.490921
CNCCc1cc(OC)ccc1OC.Cl,-1.3702066,-0.7251451
CCCCOC=O,-1.37,-0.97255623
ClCC(=O)C(C)(C)C,-1.3633862,-1.2547412
CCc1ccccc1O,-1.36,-1.5028495
OCCn1c(CC)cnc1[N+](=O)[O-],-1.3591161,-1.2212787
OC(=O)/C=C\C(=O)O.CN(CCOC(c1ccccn1)c1ccc(cc1)Cl)C,-1.3469971,-1.6837076
CCCOC(C)C,-1.34,-1.3591563
Oc1cc(Cl)cc(c1)Cl,-1.34,-1.6168361
CCSCC,-1.34,-1.3272839
OC(c1ccccc1)CN1CCCCC1.Cl,-1.3303043,-1.0279654
CC(CCC(=O)C)C,-1.33,-1.6503683
CCOC(=O)N1CCN(CC1)C(CC)C,-1.326719,-1.4403219
OS(=O)(=O)O.CNC(CC1CCC(CC1)O)C,-1.3130554,0.1979512
CCOC(=O)C(c1ccccc1)O,-1.3125149,-1.3768785
Cl/N=C/1\C=CC(=O)C=C1,-1.3105651,-0.9770156
Cc1cccc(c1O)C,-1.31,-2.0803587
c1ccc2c(c1)nccc2,-1.3,-1.4988425
COc1ccc(cc1)NC(=O)C,-1.3,-1.4094877
[O-][N+](=O)c1ncc(n1C)CC(O)C,-1.2963253,-1.2416137
NC(=O)CCSSSCCC(=O)N,-1.2944915,-0.82064986
CCCCCCCNCCSS(=O)(=O)O,-1.2932622,-1.5937463
Clc1cccc(c1NC1=NCCN1)Cl.Cl,-1.2922398,-2.5196528
C1CNC(C1)c1c[nH]c2c1cccc2,-1.2919344,-1.7440045
COc1ccc2c(c1)[nH]c(=O)o2,-1.2828702,-1.6375275
Oc1cccc(c1)C(=O)O,-1.2799249,-1.2864746
OC(C(O)C)COc1ccccc1,-1.2796817,-1.2990698
CN1CC2CCC(C1)N2C(=O)CC(=O)O,-1.2699407,-0.6675378
NC(=S)C(c1cnccn1)c1ccccc1,-1.2669842,-2.447546
O=C(c1ccc2c(c1)OCO2)N1CCOCC1,-1.2609196,-1.5589293
OCCn1c(C)ncc1[N+](=O)[O-],-1.26,-0.8231466
Oc1ccc(c(c1)Cl)Cl,-1.25,-1.855496
CCCCC(COC(=O)N)CO,-1.2466543,-1.1431584
CC(=O)C(C(C(F)(F)F)(C(F)(F)F)O)C(=O)C,-1.2347769,-1.8970085
COc1ccc(cc1)CC(=O)O,-1.23143,-1.522378
OC[C@@H]1O[C@@H]([C@H]([C@H]1O)O)n1cnc2c1ncnc2O,-1.23,-0.2525518
OCCCCCC/N=C(/CSS(=O)(=O)O)\N,-1.219758,-0.8041676
CO[C@@]12[C@@H]3[C@@H](N3C)CN2C2=C([C@H]1COC(=O)N)C(=O)C(=C(C2=O)C)N,-1.2183626,0.16501153
C=CC(=O)OCC(C)C,-1.21,-1.4074643
CCCn1c(=O)n(C)c2c(c1=O)n(C)cn2,-1.2082194,-2.1423788
CCC1(CC)C(=O)NCC(C1=O)C,-1.2042409,-1.4703038
C1Sc2ncccc2NC1=O,-1.2035924,-1.071234
COC(=O)[C@@H]1[C@H]2C=C[C@@H]([C@@H]1C(=O)OC)C2,-1.2,-1.3094335
BrC[C@H]([C@@H]([C@@H]([C@H](CBr)O)O)O)O,-1.1982455,-0.8886217
OCC(COc1ccccc1C(=O)C)O,-1.1955879,-1.3679435
[O-][N+](=O)c1nccn1CC(COCC)O,-1.1948737,-1.1138448
C#CC(c1ccccc1)(O)C,-1.1926656,-1.4616153
OCC(COc1ccccc1C)O,-1.1887116,-1.6927378
COc1ccccc1NCC(=O)N,-1.1820533,-1.2770647
CCCN(C(=O)N)CCC,-1.1812959,-1.5098417
ClCCS(=O)CCCl,-1.16,-0.9014425
CC1(C)CC=CC(N1)(C)C,-1.1442047,-1.1703514
COc1cnc2c(n1)cncn2,-1.14,-1.243552
OS(=O)(=O)O.NNc1nnc(c2c1cccc2)NN,-1.1375983,-0.29104996
C[C@H]1C[C@H](C)C(=O)[C@@H](C1)[C@@H](CC1CC(=O)NC(=O)C1)O,-1.1270307,-1.1483271
OS(=O)(=O)SCCNC1CCCCCC1,-1.1204625,-1.0828867
Clc1ccc(nc1)OCCCNCCSS(=O)(=O)O,-1.1198436,-1.5819174
OCC(Cn1c(=O)c2n(C)cnc2n(c1=O)C)O,-1.1196969,-1.0523953
NNC(Cc1ccccc1)C,-1.1152898,-1.2144314
OC[C@H]([C@H]([C@@H]([C@H](C(=O)[O-])O)O)O)O.OC[C@H]([C@H]([C@@H]([C@H](C(=O)[O-])O)O)O)O.[Ca+2],-1.1113998,0.21260297
COc1ncnc2c1nccn2,-1.11,-1.3905045
CN1C(C)(C)CCC1(C)C,-1.1046901,-1.3663883
CC(OC(C)C)C,-1.1,-1.5413967
NCCCCNC(=O)c1ccccc1,-1.0989182,-1.2883828
O=CC1(CCNCC1)c1ccccc1,-1.0980773,-1.6582041
OC(=O)c1ccc(cc1)S(=O)(=O)N,-1.0957158,-1.8383225
CCBr,-1.09,-1.4452202
CN1CC2CCC(C1C)C2,-1.0868654,-1.0609186
N#Cc1cccc(c1)C#N,-1.0848237,-1.640234
CC=C,-1.08,-1.5022674
Oc1cc(O)cc(c1)O,-1.0754471,0.0066679716
O=[NH+]/C=c\1/n(COCCCc2ccccc2)ccn1C.[Cl-],-1.0750986,-1.0279993
CCCCCC(=O)O,-1.06,-1.1274748
NC1CCc2c(C1)cccc2,-1.044118,-1.2868925
NNc1nnc(c2c1cccc2)NN.Cl,-1.0331709,-0.59666395
COc1cccc(c1)C(=O)N,-1.0305402,-0.89511347
CC(Cc1cc(C)c(c(c1)C)O)N.Cl,-1.0242622,-0.37739438
CC(=O)CC(c1c(=O)oc2c(c1[O-])cccc2)c1ccccc1.[K+],-1.009407,-3.899547
C[NH+](CCOC(=O)COc1ccccc1)C.[Cl-],-1.0079819,-1.0673424
CCNc1nncs1,-1.0006089,-1.4028223
OCC(CNc1ccc(cc1)C)O,-0.9981707,-0.77322537
Nc1ccc(cc1)S(=O)(=O)[N-]c1ncccn1.[Na+],-0.9862743,-0.9877514
O=C1C(=O)Nc2c1cccc2,-0.98387104,-0.8732803
O=[NH+]/C=c/1\n(COC/C=C\c2ccccc2)ccn1C.[Cl-],-0.9748868,-0.9269918
COc1ccccc1OCC(=O)O,-0.97223955,-1.9235705
CCC(c1ccccc1)N.Cl,-0.97223824,-1.0579703
CC(=O)Nc1n[nH]c(cc1=O)C,-0.97102857,-0.76470387
Cn1cnc2c1c(=O)n(C)c(=O)n2C,-0.97,-1.6084954
[O-][N+](=O)CCCC(=O)N,-0.9686769,-0.36113447
C/C=C/CC#N,-0.96,-1.1243823
CCOP(=O)(OCC)SCCN(CC)CC,-0.9498627,-0.49424195
CNC(Cc1ccc(cc1)O)C,-0.94952667,-0.52298063
Nc1ccc(cc1)C(=O)Nc1n[nH]nn1,-0.948313,-1.3655875
CN1CCc2c(C1)cccc2,-0.940083,-1.3088834
CC(C(C)(C)C)OP(=O)(F)C,-0.9382695,-1.7614257
COc1cc(cc(c1OC)OC)C(=O)N1CCOCC1,-0.9319862,-1.2749523
CC(C#CC(O)(C)C)(O)C,-0.93043715,-0.3079381
CC(=O)Nc1cccc(c1)O,-0.927813,-1.0656669
Cc1cc(=O)n2c(n1)nc[nH]2,-0.9212268,-1.1332054
COc1cc(C=O)cc(c1O)O,-0.91819566,-0.77079475
CCC(=O)N1C(C)CN(CC1C)C,-0.9094594,-1.2912848
OCCNC(=O)/C=C/c1ccccc1,-0.9080923,-1.1431228
Cc1cc2nc3ccc(=[N+](C)C)cc3sc2cc1N.[Cl-],-0.9034082,-1.4298896
COc1ccc(cc1C(C([NH+](C)C)C)O)OC.[Cl-],-0.90147567,-0.6987295
Nc1ccc(cn1)C(=O)N,-0.8916578,-0.4644642
[O-][N+](=O)CC(=O)OC,-0.89113283,-0.59525037
OC[C@H]1O[C@H]([C@@H]([C@@H]1O)O)n1cc(F)c(=O)[nH]c1=O,-0.88332695,-0.36612338
CCOC(=O)N1CCN(CC1)C(C)C.Cl,-0.88011706,-0.8729969
C[C@@H]1CC[C@H](CC1)O,-0.88,-0.95782715
Clc1cnc2c(n1)ncnc2,-0.87,-1.0624795
CNC(=S)NCCCN.Br.Br,-0.8626826,0.14589238
CO[C@@H]([C@@H]1Cc2cc3cc(O[C@@H]4O[C@H](C)[C@H]([C@@H](C4)O[C@H]4C[C@@H](O)[C@@H]([C@H](O4)C)O)O)c(c(c3c(c2C(=O)[C@H]1O[C@@H]1O[C@H](C)[C@H]([C@@H](C1)O[C@@H]1O[C@H](C)[C@@H]([C@@H](C1)O[C@@H]1O[C@H](C)[C@H]([C@@](C1)(C)O)O)O)O)O)O)C)C(=O)[C@H]([C@H](O)C)O,-0.86259747,-3.8230343
CCN([C@H]([C@@H](c1ccccc1)O)C)C.Cl,-0.86156464,-1.141065
O=NN(C(=O)N)C,-0.85,-0.44786823
CCCCC=O,-0.85,-0.9463517
CC[C@@H]1C(=O)OC[C@@H]1Cc1cncn1C,-0.8226476,-1.9955311
CCOC(=O)CC(=O)OCC,-0.82,-0.8473582
OC(=O)CCCCC(=O)O,-0.82,-0.25677234
NCCS/C(=N\c1ccccc1)/N.Br.Br,-0.8196023,-2.4170275
NOCc1ccc(cc1)[N+](=O)[O-].Cl,-0.8167723,-1.0461384
OCC(COc1ccc(cc1)NC(=O)C)O,-0.8148341,-1.0543754
CC(N1CCCC1=O)C,-0.8144081,-0.8350044
COC(=O)C(=C)C,-0.8,-0.42258608
NCCCCSC(=N)N.Br.Br,-0.79896694,-0.651447
SCCNC(=O)CCNC(=O)[C@@H](C(CO)(C)C)O,-0.79625773,0.16176093
COc1ccc(c(c1)C(=O)N)O,-0.79339045,-1.0903654
CBr,-0.79,-1.0368176
COc1cc(ccc1OC)CC(=O)N,-0.78809273,-0.8382421
CCCCN1CCC(CC1)(O)Cc1ccccn1.Cl.Cl,-0.7867325,-1.3650824
CCN(CC(COC(=O)N)(COC(=O)N)CC)CC,-0.78091866,-2.0908985
COc1c(ccc(c1OC)OC)CN1CCNCC1.Cl.Cl,-0.7792497,-0.69378936
CN([C@@H]1C(=O)C(=C([C@@]2([C@H]1C[C@H]1C(=C(O)c3c([C@H]1O)c(Cl)ccc3O)C2=O)O)O)C(=O)N)C.Cl,-0.77120125,-1.372779
CCOCCOCC,-0.77,-0.91391295
CC(C=C)(CC)O,-0.7677025,-0.0592016
FCCCC#N,-0.7668169,-0.54810035
CCNCCC(=O)c1ccccc1O.Cl,-0.7612855,-0.89100945
CCc1cc(c2c1cccc(c2)C(C)C)S(=O)(=O)[O-].[Na+],-0.7586251,-3.2274928
[O-]C(=O)[O-].[Li+].[Li+],-0.75463057,0.2470572
OCCN(c1ccccc1)CCO,-0.73,-0.57814276
CCOC(=O)N1CCN(CC1)C(=O)OCC,-0.7287576,-1.1976488
OS(=O)(=O)O.CNC(Cc1ccc(cc1)O)C.CNC(Cc1ccc(cc1)O)C,-0.71977335,-0.8510703
CCCC[N+]1(C)[C@@H]2CC(C[C@H]1[C@H]1[C@@H]2O1)OC(=O)[C@@H](c1ccccc1)CO.[Br-],-0.7145089,-2.943891
Oc1ccc(cc1)Cl,-0.7,-0.89497226
CC1=NS(=O)(=O)c2c(N1C)nccc2,-0.699153,-0.21835113
CN(CCc1c[nH]c2c1cc(O)cc2)C,-0.6717217,-0.63066393
NNCCc1ccccc1,-0.6702777,-0.9971308
OCC[NH2+]CCOc1ccccc1C.[Cl-],-0.65995556,-0.7558787
O=c1nc[nH]c(c1)C,-0.65268433,-0.7949111
CC1CN1P(=O)(N1CC1C)N1CC1C,-0.6495096,-0.23751324
Nc1[nH]c(N)nc(=S)n1,-0.63080114,0.05906546
CC([N+](=O)[O-])C,-0.62,-0.059043646
Cc1ccccc1O,-0.62,-1.1232346
CCOC(C(Cl)(Cl)Cl)O,-0.6120705,-1.527557
CO[C@H]1C=CC2=CC[NH+]3[C@]2(C1)C1=C(CC3)COC(=O)C1.[Cl-],-0.6006464,-0.8497137
OCC(C(=O)NNCc1ccc(c(c1O)O)O)N.Cl,-0.5825487,0.19647133
NC(=O)c1cccs1,-0.57377005,-0.90725553
CNC(=O)Oc1cccc(c1)C[NH+](C)C.[Cl-],-0.5730899,-1.0628998
NCCCCCCF,-0.56433094,-0.6446087
CC(OC(=O)C)C,-0.55,-0.5168416
SCC(CCl)O,-0.530718,-0.26737916
N[C@@H](C(=O)O)Cc1c[nH]cn1,-0.53,0.15240908
O[C@H]([C@H]1OC(=O)[C@H]([C@H]1O)O)/C=N/NC(=O)c1ccncc1,-0.52561,-0.65181136
CN(CCC(=O)c1ccccc1O)C.Cl,-0.5216905,-0.39392972
O=C1OCC(C1)(C)C,-0.51712364,-0.41533524
CC[N+](Cc1ccccc1)(CCCNC1=CC(=O)C(=CC1=O)NCCC[N+](Cc1ccccc1)(CC)CC)CC.[Br-].[Br-],-0.5133196,-1.7334033
NCC[C@H](C(=O)N[C@@H]1C[C@H](N)[C@H]([C@@H]([C@H]1O[C@H]1O[C@@H](CO)[C@@H]([C@H]([C@@H]1O)N)O)O)O[C@H]1O[C@@H](CN)[C@@H]([C@H]([C@@H]1O)O)O)O,-0.5,0.21034265
CCC(=O)CC(=O)C,-0.49898452,-0.44033146
OC[C@@H](c1ccccc1)C(=O)O[C@@H]1C[C@@H]2N([C@H](C1)[C@H]1[C@@H]2O1)C,-0.48,-0.538443
OC(=O)c1ccco1,-0.48,-1.0311599
NCC(c1ccccc1)O,-0.4764317,0.10953939
O=[NH+]/C=c/1\ccccn1COC[n+]1ccc(cc1)C(=O)N.[Cl-].[Cl-],-0.4707685,-0.3264246
NCCc1cc(OC)c(c(c1)OC)OC.Cl,-0.4691633,-0.2009399
NC(=S)[N-]N/C=C/1\C=CC(=O)C=N1.[Na+],-0.4620797,0.21420252
O=C1OC(C(=O)N1C)(C)C,-0.45679706,-0.45111883
O1CCOCCOCCOCC1,-0.45266426,-0.3596099
CSC,-0.45,-0.7133912
CN(CCNC(C(F)(F)F)(C(F)(F)F)O)C,-0.44513968,-1.3165469
OS(=O)(=O)O.O[C@H](c1ccccc1)[C@@H](N)C.O[C@H](c1ccccc1)[C@@H](N)C,-0.4294054,0.049818635
CC(=O)OC1CN2CCC1CC2,-0.42843258,-0.2357949
CCOC(=O)N1CCN(CC1)CC.Cl,-0.42553928,-0.81291246
CN(c1ccc(cc1)C)C(=O)N,-0.4230026,-1.6086634
COc1ccc(cc1)C1N(C)CCN1C,-0.42126933,-0.42539454
OS(=O)(=O)SCCNCCOc1ccccc1,-0.417727,-1.2400951
COc1ccc(cc1CC[N+](C)(C)C)OC.[Cl-],-0.41459566,0.0708555
OS(=O)(=O)O.OC(c1cc(O)cc(c1)O)CNC(C)(C)C.OC(c1cc(O)cc(c1)O)CNC(C)(C)C,-0.4109142,-1.0354435
CC#C,-0.41,-0.31999147
C=C,-0.4,-0.6396354
CCCOC(=O)CO[NH3+].[Cl-],-0.38063395,-0.17562568
Nc1ccc(cc1)N,-0.38,-0.12968397
CCC(CC)(O)C,-0.38,-0.5414539
S=c1ccccn1C,-0.36196727,-0.6866359
S=c1nc[nH]c2c1[nH]cn2,-0.34677956,-1.50457
CC[N+](CCCCCCc1ccc(cc1)[N+](CC)(CC)CC)(CC)CC.[I-].[I-],-0.34119508,-0.9084184
N1CCOC(C1)c1ccccc1,-0.33218843,-0.8786887
Cn1ccn(/c/1=C\[NH+]=O)COC1CCCCC1.[Cl-],-0.32577303,-0.4248376
CC(NCC(=O)c1ccc(c(c1)O)O)C,-0.3163337,-1.0119687
OP(=O)(O)O.OP(=O)(O)O.CCN(CCCC(Nc1ccnc2c1ccc(c2)Cl)C)CC,-0.31459606,-3.9293218
O=C(N[C@H](C(=O)NCC(=O)O)CSSC[C@@H](C(=O)NCC(=O)O)NC(=O)CC[C@@H](C(=O)O)N)CC[C@@H](C(=O)O)N,-0.31007415,-0.26147902
OC(=O)C[C@](C(C(=O)O)(C)C)(C(=O)O)C,-0.29,-0.74552166
Nc1ccc(cc1)C(=O)Oc1cccc(c1)[N+](C)(C)C.[Br-],-0.27843717,-1.6571381
OC(=O)C1(N)CCC1,-0.26880437,0.1781286
Nc1ncnc2c1cc[nH]2,-0.26127744,-1.1219832
SCC(NCCC#N)(C)C.Cl,-0.25598902,-0.517274
OCC(COc1ccccc1CO)O,-0.25575042,-0.68599
CCOC(=O)CCCN(C)C,-0.25409853,-0.21560419
OCC(Cl)(Cl)Cl,-0.25369105,-0.45318627
NCCc1ccc(c(c1)OC)OC.Cl,-0.2514846,-0.41901207
CC1(C)NCCS1,-0.2257319,-0.37568897
OC[C@H]1O[C@H]([C@H]([C@@H]1O)O)n1ccc(nc1=O)N.Cl,-0.20114408,0.05513847
CN(NC(=O)CCC(=O)O)C,-0.2,0.19585633
CCCC(=O)C,-0.19,-0.42508507
COc1ccc2c3c1O[C@@H]1[C@@]43CC[N+]([C@H](C2)[C@@H]4C=C[C@@H]1O)(C)C.[Br-],-0.18086334,-0.26023048
OS(=O)(=O)O.CCN(CCN=C(N)N)CC,-0.15110563,0.3053447
OCCCC=C,-0.15,-0.22750878
CCN(CC)CC,-0.14,-0.4138335
CCC(=O)OC,-0.14,-0.36017638
COc1ccc(c(c1)C(C(N)C)O)OC.Cl,-0.12678757,0.09693611
COc1cc(OC)ccc1C(C([NH3+])C)O.[Cl-],-0.12678757,-0.1456002
CCN1C(=S)SCC1=O,-0.12110488,-0.061677814
S=C1NCCS1,-0.08064106,-1.246757
FCCNCCCl.Cl,-0.07925901,-0.12429166
Oc1noc(c1)C,-0.07,0.18392324
CC[C@H]1NC(=O)NC1=O,-0.06,-0.75253224
COC(C)C,-0.06,-0.2053656
COc1ccc(c(c1)C(C(N)C)O)OC,-0.057647604,-0.42665607
C1CN2CCO[Si](O1)(OCC2)c1ccccc1,-0.040455487,-1.332709
ON=C(C(=O)N)C(=O)N,-0.03839163,0.06767821
S[C@@H]1CC[C@@H]1C[NH3+].[Cl-],-0.028220948,0.19956112
OCCCN1CCCCC1,-0.022495084,-0.02336824
OCCNC(C(F)(F)F)(C(F)(F)F)O,-0.021774856,-0.93814534
NC(=O)CCl,-0.02,0.14622009
ClCCNCC.Cl,-0.015465297,-0.3295169
O[C@H](c1ccccc1)[C@H](N)C,-0.006391373,-0.20826054
CCCCO,0.0,-0.16553903
O[C@H]([C@H](C(=O)O)O)C(=O)O.CNC[C@@H](c1ccc(c(c1)O)O)O,4.82e-05,0.25979817
CN[C@H]1[C@H](O)[C@H]2O[C@@H]3O[C@H](C)CC(=O)[C@@]3(O[C@@H]2[C@H]([C@H]1O)NC)O.Cl.Cl,0.001851014,0.24429119
CC(C#C)(CC)O,0.003767029,-0.1625166
N/C(=N\CCc1ccccc1)/N=C(N)N,0.010524369,-0.6870082
NCC1CCC(CC1)C(=O)O,0.025447145,-0.6120621
CCOS(=O)(=O)C,0.034761567,0.20490217
OC[C@H]1O[C@H]([C@@H]([C@@H]1O)O)N1CCC(NC1=O)O,0.046046067,0.14789748
SC[C@@H]([C@H](CS)O)O,0.081310295,0.22047698
CN[C@H]1[C@H](O)[C@H]2O[C@@H]3O[C@H](C)CC(=O)[C@@]3(O[C@@H]2[C@H]([C@H]1O)NC)O,0.08799481,0.19439256
CCOC(=O)N1CCN(CC1)C.Cl,0.09043981,-0.41614288
CN[C@H]([C@@H](c1ccccc1)O)C.Cl,0.09324703,-0.04666388
NC(=S)N/N=C/c1cccnc1,0.10590316,-1.2138381
NC(=S)N/N=C/c1ccncc1,0.10590316,-1.2176613
NC(=S)N/N=C/c1ccccn1,0.10590316,-1.2403585
OCC(c1ccccc1)C(=O)OC1C[C@@H]2CC[C@H](C1)[N+]2(C)C.[Br-],0.1142838,0.23191094
S=c1nc[nH][nH]1,0.11898452,-0.62906635
Cc1cccc(c1)OCC(=[NH2+])N.[Cl-],0.13527676,-0.51659966
OCN1C(=O)N(C(C1=O)(C)C)CO,0.14206012,-0.3745088
Cc1nnc(s1)N,0.15090857,-0.34080422
CC(=O)NCCS,0.15167603,0.08207595
NCCCC(=O)N,0.1521849,0.17054665
OC[C@H]1O[C@H]([C@@H]([C@@H]1O)O)n1ncc(nc1=O)N,0.15382114,-0.29628468
CON=Cc1ccncc1,0.16699956,-0.4153061
CC[N+](CCCCCc1ccc(cc1)[N+](CC)(CC)CC)(CC)CC.[I-].[I-],0.1733712,-0.11687243
COC(=O)C1=CCCN(C1)C.Br,0.17589074,-0.15230024
OC[C@H]1O[C@H](O[C@@H]2[C@@H](CO)OC([C@@H]([C@H]2O)O)O)[C@@H]([C@H]([C@@H]1O[C@H]1O[C@H](C)[C@H]([C@@H]([C@H]1O)O)N[C@H]1C=C(CO)[C@H]([C@@H]([C@H]1O)O)O)O)O,0.19003111,-0.050575852
N1CCN(CC1)c1ncccn1,0.19011219,-0.54711735
CCC(c1ccccn1)C(=S)N.Cl,0.19171686,-1.3665216
OC(=O)C[C@@H](C(=O)O)NC(=O)N,0.19350426,-0.526713
CC[N+](CCOc1ccc(cc1)OCC[N+](CC)(CC)C)(CC)C.[I-].[I-],0.22742529,0.29477942
S=C1NCCCN1,0.22888625,-0.2328546
CCCC(CN(C)C)(CO)CO,0.2290439,0.015614033
CN1CCCCC1,0.23,-0.23934847
OS(=O)(=O)O.OC[C@H]1O[C@H](O[C@H]2[C@H](N)C[C@@H]([C@H]([C@@H]2O)O[C@H]2O[C@H](CN)[C@H]([C@@H]([C@H]2O)O)O)N)[C@@H]([C@H]([C@@H]1O)N)O,0.23464815,0.21577585
OC[C@H]1O[C@H]([C@@H]([C@@H]1O)O)c1[nH]nc(c1O)C(=O)N,0.25378782,-0.070367575
NCCCCCCNCCSS(=O)(=O)O.Br,0.25518396,0.16055465
CC[N+](CCOC(=O)CC1C[N+]2(C)CCC1CC2)(CC)C.[I-].[I-],0.25784066,0.298252
[O-][N+](=O)C,0.26,0.15716481
CC#N,0.26,0.16517067
CC[N+](CCSSCC[N+](CC)(CC)C)(CC)C.[I-].[I-],0.26092708,0.31606126
[O-]C(=O)[C@@H]([C@H](C(=O)O)O)O.[O-]C(=O)[C@@H]([C@H](C(=O)O)O)O.CC[N+](CCOCC[N+](CC)(CC)CC)(C)C,0.2639264,0.18400395
CCOC(=O)CCN(C)C,0.26777968,-0.069795966
OS(=O)(=O)O.CC(NCC(c1ccc(c(c1)O)O)O)C.CC(NCC(c1ccc(c(c1)O)O)O)C,0.2720598,-1.0239266
NC(=O)OC[C@@H]([C@H]([C@@H](C(=O)N[C@@H]([C@H]1O[C@H]([C@@H]([C@@H]1O)O)n1cc(C(=O)O)c(=O)[nH]c1=O)C(=O)O)N)O)O,0.2828356,-0.64302903
C[N+](CCCCCc1ccc(cc1)[N+](C)(C)C)(C)C.[I-].[I-],0.2854473,0.43872023
Cc1n(CCC[N+](C)(C)C)ccc2c1nc1c2cccc1.[Br-].Br,0.28584757,-0.0006276369
CC[N+](CCSCC[N+](CC)(CC)C)(CC)C.[I-].[I-],0.2870903,0.31832147
C#C,0.29,-0.2619115
OC(COc1cccc2c1c(=O)cc(o2)C(=O)[O-])COc1cccc2c1c(=O)cc(o2)C(=O)[O-].[Na+].[Na+],0.29044685,-4.022121
OCc1cn(c(=O)[nH]c1=O)[C@@H]1O[C@@H]([C@H]([C@H]1O)O)[C@@H](C(=O)O)NC(=O)[C@H]([C@@H]([C@H](COC(=O)N)O)O)N,0.29464182,-0.3106267
CC1CCC(N1C)CCCCCC[N+](C)(C)C.[I-].I,0.3042907,0.31956327
CCCCC[N+](CCOCC[N+](CCCCC)(CC)CC)(C)C.[Br-].[Br-],0.30944157,0.16729629
CC[N+](CCSSCC[N+](CC)(CC)CC)(CC)CC.[Br-].[Br-],0.3165729,0.20373821
CC(=O)NCCSC(=O)C,0.31762862,-0.33942044
NC(=S)N,0.32,0.17892706
OCC([C@H](C(=O)NCCC(=O)[O-])O)(C)C.OCC([C@H](C(=O)NCCC(=O)[O-])O)(C)C.[Ca+2],0.32190427,0.16936445
C[n+]1ccc(cc1)c1c[nH]c(c1)C.[I-],0.3322315,-0.22951555
CC[N+](CCCCCCC[N+](CC)(CC)CC)(CC)CC.[Br-].[Br-],0.3368807,0.14058459
C[N+](CCSCC[N+](C)(C)C)(C)C.[I-].[I-],0.33705246,0.40263855
OC[C@H]1O[C@H]([C@@H]([C@@H]1O)O)O[C@H]1[C@H](O[C@H]2O[C@H](CN)[C@H]([C@@H]([C@H]2N)O)O)[C@@H](N)C[C@H]([C@@H]1O)N,0.3424881,0.21294355
OCCC/N=C(/CSS(=O)(=O)O)\N,0.34396076,-0.037496686
NCC1(N)CCCCC1,0.3468925,0.037838817
C[N+](CCCCC[N+](C)(C)C)(C)C.[I-].[I-],0.3544127,0.41565943
NC(=NCCCCSS(=O)(=O)O)N,0.356056,0.14275396
CC[N+](CCS(=O)CC[N+](CC)(CC)CC)(C)C.[Br-].[Br-],0.3582216,0.40321922
O[C@@H]([C@H]([C@@H]([C@H](C(=O)O)O)O)O)COC(=O)C(N(C(C)C)C(C)C)N(C(C)C)C(C)C,0.35997,-0.88673043
CC[N+](CCOCC[N+](CC)(CC)CC)(CC)CC.[Br-].[Br-],0.36220917,0.32337415
CCOC(=O)CC[N+](CCOCC[N+](CCC(=O)OCC)(C)C)(C)C.[Cl-].[Cl-],0.36310005,0.32396376
CC(NCCSS(=O)(=O)O)(C)C,0.36471573,0.16424239
CC(NCC(c1cccc(c1)O)O)C,0.37024778,-0.59158844
CC[N+](CCOCC[N+]1(CC)CCOCC1)(C)C.[Br-].[Br-],0.37651294,-1.2989422
CCN/C(=N/CCSS(=O)(=O)O)/N,0.37820613,0.16956866
C[N+](CCCCCCCCCC[N+](C)(C)C)(C)C.[Br-].[Br-],0.37851006,0.37677586
CC[N+](CCCC[N+](CC)(CC)CC)(CC)CC.[Br-].[Br-],0.37851006,0.28931582
CC[N+](CCOCC[N+]1(CC)CCCCC1)(C)C.[Br-].[Br-],0.37855574,0.32954228
C[N+](CCCCC[n+]1ccc2c(c1)cccc2)(C)C.[Br-].[Br-],0.3785983,0.37227452
Cc1ccnc(c1)C,0.38,0.11151636
OC(=O)C(=O)O,0.38,0.19487655
OC[C@H]([C@H]([C@@H]([C@H](C(=O)[O-])O)O)O)O.OC[C@H]([C@H]([C@@H]([C@H](C(=O)[O-])O)O)O)O.[Mg+2],0.38237175,0.21694064
NCCCNC(CS)C.Cl.Cl,0.38764003,0.17380011
CC[N+](CC(OC(C[N+](CC)(C)C)C)C)(C)C.[Br-].[Br-],0.3912098,0.36859953
C=CC[N+](CCOCC[N+](CC=C)(C)C)(C)C.[Br-].[Br-],0.39554173,0.3610171
C[N+](CCCN1CC2CCCC(C1)C2)(C)C.[I-],0.40539044,-0.030180573
CC[N+](CCOCC[N+](CC)(CC)C)(C)C.[Br-].[Br-],0.40647027,0.36423087
CC[N+](CCN(CC[N+](CC)(C)C)C)(C)C.[Br-].[Br-],0.4075612,0.3816613
NNC(=O)CC#N,0.41926432,0.16608536
CC[C@H](O)C,0.43,-0.072677255
CCOP(=O)(OCC)OCC,0.43,-0.09524429
CC(O)C,0.43,0.17843616
[O-]C(=O)C1=C(COC(=O)C)CS[C@H]2N1C(=O)[C@H]2NC(=O)CC#N.[Na+],0.44212723,0.07383239
O=C(c1ccccc1)Oc1ccc(cc1)[N+](C)(C)C.[Br-],0.4460304,-0.14225256
O=C(c1ccccc1)Oc1cccc(c1)[N+](C)(C)C.[Br-],0.4460304,-0.17848235
OCCc1sc[n+](c1C)Cc1cnc(nc1N)C.[Cl-].Cl,0.4720313,-0.5165179
[O-]C(=O)CN(CC(=O)O)CCN(CC(=O)O)CC(=O)[O-].[Na+].[Na+],0.47339195,0.26250434
Oc1cc(cc(c1O)S(=O)(=O)[O-])S(=O)(=O)[O-].[Na+].[Na+],0.5028076,0.119071364
OC(=O)C(CC(=O)O)(CC(=O)O)O,0.51,0.19359183
[O-]S(=O)(=O)c1ccccc1S(=O)(=O)[O-].[Na+].[Na+],0.54945534,-0.5703884
NCCSC(=N)N.Br.Br,0.55127823,0.022683859
Oc1cccc(c1)[N+](C)(C)C.[I-],0.5542075,0.35525274
OC1CC2CCC(C1)N2C,0.5693706,-0.05819738
C[n+]1cccc(c1)OC(=O)N(C)C.[Br-],0.58316153,0.09697449
O=c1[nH]c(=O)[nH]c(c1)C(=O)[O-].OCC[N+](C)(C)C,0.58626115,0.25057256
SC[C@@H](C(=O)O)N=C(N)N,0.5880102,0.19720864
CC(=O)CC[N+](C)(C)C.[I-],0.5898726,0.34066916
Oc1ccc(c(c1)[N+](C)(C)C)O.[Br-],0.6053382,0.3068608
OCCOCCOCCOCCOCCO,0.6229124,-0.36747015
CCC(C(c1ccc(c(c1)O)O)O)N.Cl,0.6313562,0.13791764
NCCCNCCCSP(=O)(O)O,0.63985425,0.20951295
[O-]C(=O)C(O)C.O=[NH+]/C=c/1\ccccn1C,0.645446,0.03225088
CCN(C(=S)[S-])CC.[Na+].O.O.O,0.6472446,-0.72900075
N#CCCNC(CSS(=O)(=O)O)C,0.6491843,0.1712085
CNC[C@@H](c1ccc(c(c1)O)O)O.Cl,0.6582391,0.23243487
CC(C(c1ccc(c(c1)O)O)O)N.Cl,0.6582391,0.1879611
CCNCC(c1cccc(c1)O)O.Cl,0.66215557,0.17230284
O=C(c1ccc(cc1)N)NCC(=O)[O-].[Na+],0.66520053,0.09847319
C[N+](c1ccccc1)(C)C.[Br-],0.665301,0.2885903
NCCCNCCSP(=O)(O)O,0.66914,0.21220326
O[C@@H]1CSSC[C@H]1O,0.6724242,0.1969254
O[C@@H]1C[C@H](O[C@H]1C)C[N+](C)(C)C.[Cl-],0.67837256,0.3989023
NCC(c1ccc(c(c1)O)O)O.Cl,0.6868966,0.21321714
C[N+](N)(C)C.[I-],0.6945648,0.3954774
NCc1cc(=O)[nH]o1,0.6963588,0.13954139
CC(NCCSS(=O)(=O)O)C,0.70052975,0.16524518
CN(CC(c1ccc(c(c1)O)O)O)C,0.7050182,0.18806565
OCC1=CCN2[C@H]1[C@H](O)CC2,0.71160907,0.1857909
[O-]P(=O)(SCC(=N)N)O.[Na+],0.71646136,0.2936206
O[C@@H](c1ccccc1)[C@@H](N)C.Cl,0.7266121,0.13832653
CC(C(=O)O)ON.Br,0.73047537,0.17716885
[S-]C(=S)N1CCOCC1.[Na+],0.732277,-0.23925155
NCCc1ccn[nH]1.Cl.Cl,0.7350311,0.18405426
C[C@@H]1O[C@@H]1P(=O)([O-])[O-].[Ca+2],0.73691225,0.16720474
CNCC(c1ccc(c(c1)O)O)O,0.7370579,0.20147324
NC(=O)OCC[N+](C)(C)C.[Cl-],0.7383851,0.2566824
CCOC(C[N+](C)(C)C)C.[Cl-],0.7406355,0.31146085
OCC(=O)CO,0.7471219,0.21952903
C[N+](c1ccccc1)(C)C.[OH-],0.7546885,0.26110625
[O-]C(=O)C[C@@H](C(=O)[O-])N.[Ca+2],0.76658505,0.26480365
C[C@@H]([C@@H](c1cccc(c1)O)O)N,0.776743,0.08199036
CNC[C@@H](c1cccc(c1)O)O,0.776743,0.18274224
CCOC(=O)CN(C)C,0.78902245,0.13582408
CN(CC(Cl)C)C.Cl,0.8011616,-0.3478629
C1CN2CCOB(O1)OCC2,0.80416673,0.17754781
O=CCCC(=O)O,0.8065988,0.11659026
C[C@@H]1O[C@@H]1P(=O)(O)O,0.80682945,0.2039398
NCC(c1cccc(c1)O)O,0.8147951,0.14670265
[O-]C(=O)C#CC(=O)O.[K+],0.8177395,0.25707734
OCC(CF)O,0.8292533,0.25320625
NNC(=O)CCC(=O)NN,0.8352012,-0.59560305
CN(C(=S)[S-])C.[Na+],0.84406304,0.21018565
NCCOP(=O)(O)O,0.8505869,0.26397312
CC(OP(=O)(F)C)C,0.8535805,-0.023900747
CN(C(=N)N=C(N)N)C,0.88884836,0.22826827
OCCCC(=O)[O-].[Na+],0.89932966,0.27107394
NNC(=O)C(=O)NN,0.92776483,-0.23030663
COC(=O)CN(C)C,0.9312651,0.18480527
CCCCN.Cl,0.9602013,0.08110869
COC(=O)N,0.97,0.19753897
OCC(F)(F)F,0.9998263,0.25620282
O=C1CCCN1C,1.0,-0.056859255
CN1CCOCC1,1.0,0.1360755
NCCO.Cl,1.0108083,0.27752125
[O-]C(=O)CN.[Na+],1.013009,0.29813755
CCCN.Cl,1.0196785,0.19347513
NCC(N)(C)C,1.054758,0.21107519
C1CNCCO1,1.06,0.18296564
c1ccncn1,1.1,0.19697821
NC(=O)NO,1.12,0.17668629
