smiles,target,pred
ClCCN(c1ccc(cc1)CC(=O)O[C@H]1CC[C@]2(C(=CC[C@@H]3[C@@H]2CC[C@]2([C@H]3CC[C@@H]2[C@@H](CCCC(C)C)C)C)C1)C)CCCl,-14.523871,-10.639757
C[C@@H](CCC[C@]1(C)CCc2c(O1)c(C)c(c(c2C)OC(=O)C)C)CCC[C@@H](CCCC(C)C)C,-12.5573635,-10.912672
O=C(CCc1cc(c(c(c1)C(C)(C)C)O)C(C)(C)C)OCCSCCOC(=O)CCc1cc(c(c(c1)C(C)(C)C)O)C(C)(C)C,-12.150156,-9.166401
O=C1c2ccccc2c2c3c1ccc(c3ccc2)c1ccc2c3c1cccc3c1c(C2=O)cccc1,-11.531021,-10.2856455
C/C(=C\CCC(=O)OC/C=C(/CCC=C(C)C)\C)/CC/C=C(/CCC=C(C)C)\C,-11.475657,-9.088433
CC[C@@H]1/C=C/C=C/C[C@H](C)[C@@H](O)[C@](C)(O)C(=O)[C@H](C)[C@@H](O)[C@H](C)C(=O)[C@@H]([C@H]([C@@H](/C=C/C(=O)O[C@H]2[C@H]([C@@H](CC1)O[C@@]1(CC[C@H]([C@H](O1)C[C@@H](O)C)C)[C@H]2C)C)C)O)C,-10.92141,-7.5749435
O=C/C(=C\C[C@]12OC([C@H]3[C@]42Oc2c(C(=O)C4=C[C@@H](C1=O)C3)c(O)c1c(c2CC=C(C)C)OC(C=C1)(C)C)(C)C)/C,-10.050371,-7.127207
CC(c1cc(Cc2cc(cc(c2O)C(C)(C)C)C(C)C)c(c(c1)C(C)(C)C)O)C,-9.868395,-8.745916
O=C(O[C@H]1CC[C@]2(C(C1(C)C)CC[C@@]1([C@@H]2C(=O)C=C2[C@@]1(C)CC[C@@]1([C@@H]2C[C@@](C)(CC1)C(=O)O)C)C)C)CCC(=O)O,-9.68976,-8.398865
CCOc1cc(C[N+]2(CCCCC2)CCOCCC2CCC3CC2C3(C)C)c(cc1OCC)Br.[Br-],-9.498385,-7.471458
CCCCCCC[NH+](C(=N)c1ccc(c2c1cccc2)OC)CCCCCCC.[Cl-],-9.454721,-8.656197
CCCCCOc1ccc(c2c1cccc2)C(=N)[NH+](CCCCC)CCCCC.[Cl-],-9.454721,-8.647424
c1cc2ccc3c4c2c2c1ccc1c2c2c4c(cc3)ccc2cc1,-9.33,-10.708806
c1cc2ccc3c4c2c(c1)c1cccc2c1c4c(cc3)cc2,-9.03,-8.895294
Clc1cc(Cl)cc(c1c1c(Cl)cc(cc1Cl)Cl)Cl,-8.71,-7.477962
OC(=O)c1cc2ccccc2c(c1O)Cc1c(O)c(cc2c1cccc2)C(=O)O.CCN(CCCC(Nc1cc(OC)cc2c1nccc2)C)CC,-8.686104,-8.510936
CCC(=O)[C@H]([C@H]([C@@H](C[C@H]([C@H]1OC(=O)C[C@@]2(O)CC=C([C@H](O2)/C(=C/CCC[C@H](/C=C/[C@@H](C[C@H]1C)C)O[C@@H]1O[C@H](C)[C@H]([C@@H](C1)OC(=O)N)O)/C)C)C)C)O)C,-8.526747,-6.943355
CCCCCOc1ccc(c2c1cccc2)C(=N)[NH+](CCCC)CCCC.[Cl-],-8.414355,-7.8731523
CCCCCCCOc1ccc(c2c1cccc2)C(=N)[NH+](CCC)CCC.[Cl-],-8.414355,-7.883945
Fc1ccc(cc1)C(c1ccc(cc1)F)CCCN1CCC(CC1)(O)c1ccc(c(c1)C(F)(F)F)Cl,-8.385257,-8.897901
CCOC(=O)CCCCCCCCC(c1ccc(cc1)I)C,-8.376413,-6.4421844
COc1cc2CCN([C@@H]3c2cc1Oc1cc(ccc1O)C[C@@H]1c2c(CC[N+]1(C)C)cc(c(c2Oc1ccc(C3)cc1)O)OC)C,-8.327265,-7.5440397
CN(c1ccc2c(c1)cccc2)C(=S)Oc1ccc2c(c1)cccc2,-8.31314,-7.438408
CC(CC(C)(C)C)(NCC1CCC(CC1)CNC(CC(C)(C)C)(C)C)C.Cl.Cl,-8.144741,-7.375622
C1CCC(CC1)CCNCC1CCC(=CC1)CNCCC1CCCCC1.CC(=O)O.CC(=O)O,-8.135363,-7.381307
CCCCCCCCC=C([NH2+]Cc1ccccc1Cl)[NH2+]Cc1ccccc1Cl.[Cl-].[Cl-],-8.118242,-7.4696994
Clc1c(ccc(c1Cl)Cl)c1ccc(c(c1Cl)Cl)Cl,-8.01,-7.306231
CCC1=C[C@@H]2CN(C1)Cc1c3ccccc3[nH]c1[C@@](C2)(C(=O)OC)c1cc2c(cc1OC)N([C@@H]1[C@@]32CCN2[C@H]3[C@@](CC)(C=CC2)[C@H]([C@]1(O)C(=O)OC)OC(=O)C)C,-7.9687824,-6.86396
FC(c1ccccc1C[NH2+]CC12CCC(CC1)(CC2)C[NH2+]Cc1ccccc1C(F)(F)F)(F)F.[Cl-].[Cl-],-7.901726,-3.0198069
Brc1ccccc1CNCC1CCC(CC1)CNCc1ccccc1Br.Cl.Cl,-7.8996525,-7.25985
Clc1ccc(cc1Cl)c1cc(Cl)c(c(c1Cl)Cl)Cl,-7.82,-7.292237
Clc1ccc(c(c1)Cl)c1ccc(c(c1Cl)Cl)Cl,-7.8,-6.868757
C#CC(c1ccc(cc1)F)(c1ccc(cc1)F)OC(=O)NC1CCCCCC1,-7.659417,-6.6595273
CCCCCCCCCCCCC,-7.5935855,-6.430445
OS(=O)(=O)O.Clc1ccc2c(c1)/C(=C\CCN1CCCCC1)/c1c(S2)cccc1,-7.5566816,-7.2855754
CCCCCCCCCCC,-7.5505424,-5.9033904
C[N+]1(CCCCCCCCCC[N+]2(C)CCCCC2)CCCCC1.[I-].[I-],-7.514961,-7.452139
CCCCOc1ccc(cc1)OCC(=O)N(c1cc(OCC)ccc1OCC)CCN(CC)CC.Cl,-7.514474,-6.4768853
Clc1ccc(cc1)C1CCc2c(N(C1=O)CCCN(C(C)C)C(C)C)cccc2,-7.451599,-6.3971596
CO[C@@H]1[C@@H](OC(=O)c2ccc([nH]2)C)[C@@H](O)[C@@H](OC1(C)C)Oc1ccc2c(c1Cl)oc(=O)c(c2O)NC(=O)c1ccc(c(c1)CC=C(C)C)O,-7.39153,-6.328873
Clc1cccc(c1c1c(Cl)cccc1Cl)Cl,-7.39,-6.556332
Clc1ccc2c(c1)C1(CCC(CC1)N(C)C)c1ccccc1C=C2.Cl,-7.369157,-5.8518224
N#C[C@@H](c1ccc(c(c1)Oc1ccccc1)F)OC(=O)[C@H]1[C@@H](C1(C)C)C=C(Cl)Cl,-7.34,-7.088286
ClC1=C(Cl)[C@@]2(C([C@@]1(Cl)[C@H]1[C@@H]2[C@H]2C[C@@H]1C=C2)(Cl)Cl)Cl,-7.33,-6.338511
O=C([C@@H]1[C@H](C1(C)C)/C=C(/C(F)(F)F)\Cl)OCc1c(F)c(F)c(c(c1F)F)C,-7.32,-5.4833946
CCCCCCCCCCCCCCCCCC[N+](Cc1ccccc1)(C)C.[Cl-],-7.309043,-5.757602
BrCCN(c1ccc(cc1)OC(=O)c1cccc(c1)Cl)CCBr,-7.291333,-6.738998
CCCCCCCCCCCCCCCCO,-7.26,-5.774462
CCOc1nc(ncc1C(=O)O)N1CCN(CC1)CCC(c1ccccc1)(c1ccccc1)c1ccccc1,-7.222666,-6.562715
OC(=O)CCCCCCCCCCCC[C@@H]1C=CCC1,-7.1795144,-6.1667743
ClC(C(c1ccc(cc1)Cl)c1ccc(cc1)Cl)(Cl)Cl,-7.15,-6.643698
C1CCCCC(C1)NCC1CCC(CC1)CNC1CCCCCC1.Cl.Cl,-7.141789,-6.4913793
OC(=O)CCCCCCNC1c2ccccc2CCc2c1cccc2,-7.113587,-6.08557
N/C(=N\CCCCCC/N=C(/N=C(/Nc1ccc(cc1)Cl)\N)\N)/N=C(/Nc1ccc(cc1)Cl)\N.Cl.Cl,-7.0855107,-5.7130885
OS(=O)(=O)O.Clc1ccc2c(c1)/C(=C/CCN1CCCC1)/c1c(S2)cccc1,-7.0402775,-7.0125494
CSc1ccccc1CNCC1CCC(CC1)CNCc1ccccc1SC.Cl.Cl,-6.9367723,-6.899479
CCSc1ccc2c(c1)N(CCCN1CCN(CC1)C)c1c(S2)cccc1,-6.8353777,-6.002684
ClCCN(c1ccc(cc1)OC(=O)c1c(C)cccc1C)CCCl,-6.8298163,-6.2339063
CC(=O)O.CCCCCCCCCCCCCCCCCCN,-6.8295264,-6.014395
CCCCCCCCCCCCCCCC(=O)O,-6.81,-5.5480714
CC(OC(=O)N1c2ccccc2Sc2c1nccc2)CN(C(C)C)C(C)C.Cl,-6.79987,-5.8432403
CCN(c1c(cc(cc1[N+](=O)[O-])C(F)(F)F)[N+](=O)[O-])Cc1c(F)cccc1Cl,-6.78,-7.658762
CCCCOc1ccc(cc1)OCC(=O)N(c1cccc(c1)OC)CCC[NH+](CC)CC.[Cl-],-6.708185,-5.6813083
CCCCOc1ccc(cc1)OCC(=O)N(c1cccc(c1)OCC)CC[NH+](CC)CC.[Cl-],-6.708185,-5.7953973
Oc1ccc(c(c1)C)O[P@@](=O)(Oc1c(C)cccc1O)Oc1cc(O)ccc1C,-6.7,-5.56469
c1ccc2c(c1)c1ccc3c(c1C2)cccc3,-6.68,-6.3533216
CCOCOC(=O)c1ccccc1Nc1c(Cl)ccc(c1Cl)C,-6.6657906,-5.8095512
C[N+]1(CCCCCCCCCCCC[N+]2(C)CCOCC2)CCOCC1.[I-].[I-],-6.6524696,-5.4968634
CCCCC[N+]12CCC(C(C1)C=C)C[C@@H]2[C@H](c1ccnc2c1cc(OC)cc2)O.[Cl-],-6.625894,-6.550369
OC(=O)/C=C\C(=O)O.OC(=O)/C=C\C(=O)O.CCCC(=O)c1ccc2c(c1)N(CCCN1CCN(CC1)C)c1c(S2)cccc1,-6.5898724,-6.1606636
Nc1ccc(nn1)N1CCN(CC1)CCC(c1ccccc1)(c1ccccc1)c1ccccc1,-6.573647,-5.7467375
CN(CC/C=C\1/c2ccccc2Sc2c1cc(Br)cc2)C.Cl,-6.573234,-6.250713
CN(CC/C=C\1/c2ccccc2Sc2c1c(ccc2)C(F)(F)F)C.Cl,-6.5570607,-5.8801455
CC(=CCN(CC=C(C)C)CCC(c1cccc2c1cccc2)C(=O)N)C,-6.5086584,-5.9069843
OC(=O)/C=C\C(=O)O.CCCC(=O)c1ccc2c(c1)N(CCCN(C)C)c1c(S2)cccc1,-6.47124,-5.5613647
Clc1ccc(c(c1)c1cccc(c1Cl)Cl)Cl,-6.47,-6.4401937
O=C(N1c2ccccc2Sc2c1nccc2)OCCOCCN1CCCCC1.Cl,-6.4662676,-5.556722
CCN(CCOC(=O)N1c2ccccc2Sc2c1cccc2)CC.Cl,-6.435527,-5.833697
CCCCCCCCCCCCCCCCCCN(C)C.Cl,-6.433879,-6.632517
CN(CCCC1c2ccccc2Sc2c1cc(Cl)cc2)C.Br,-6.430479,-5.7815833
OC(=O)/C=C\C(=O)O.CCN(CC1COC2(O1)c1ccccc1CCc1c2cccc1)CC,-6.4086375,-6.2018027
CCCC(=O)c1ccc2c(c1)N(CCCN1CCN(CC1)C)c1c(S2)cccc1,-6.3948674,-6.0931187
C/C(=C\C=C\C(=C\C(=O)O)\C)/C=C/C1=C(C)CCCC1(C)C,-6.376357,-6.2210298
OC(=O)C(=O)O.CCN(CC1COC2(O1)c1cc(Cl)ccc1OCc1c2cccc1)CC,-6.3719683,-5.906977
CCN(CCSCCOC(=O)N1c2ccccc2Sc2c1nccc2)CC.Cl,-6.353435,-5.617933
CC/C(=C(\c1ccccc1)/c1ccc(cc1)OCCN(C)C)/c1ccccc1,-6.348312,-6.500577
CCCCCCCCOc1ccccc1C(=O)Nc1ccc(cc1)C(=O)OCC[N+](CC)(CC)C.[Br-],-6.3427134,-5.1374784
N#CC(c1ccccc1)(c1ccccc1)CCN1CCC(CC1)(C(=O)O)c1ccccc1,-6.3316965,-6.35024
Clc1ccccc1C[NH2+]C12CCC(CC1)(CC2)[NH2+]Cc1ccccc1Cl.[Cl-].[Cl-],-6.318552,-5.5860844
CCCCCCC(=O)OCN1C(=O)NC(C1=O)(c1ccccc1)c1ccccc1,-6.3,-5.556397
OC(=O)C(=O)[O-].CC[NH+](CCn1c2cc(Cl)ccc2c2c1cc(OC)cc2)CC,-6.297833,-6.20793
CNCC1CCC2(C1)c1ccccc1C=Cc1c2cccc1.Cl,-6.2929497,-5.506311
ClC(=C[C@@H]1[C@H](C1(C)C)C(=O)OCc1cccc(c1)Oc1ccccc1)Cl,-6.29,-7.122522
SCCNCCCCCCCCCCOc1ccc(cn1)Br.Cl,-6.2619047,-5.0930076
c1ccc(cc1)Nc1c2ccccc2nc2c1cccc2,-6.225076,-5.9897575
[O-]C(=O)c1ccccc1Nc1cccc(c1)C(F)(F)F.[O-]C(=O)c1ccccc1Nc1cccc(c1)C(F)(F)F.[O-]C(=O)c1ccccc1Nc1cccc(c1)C(F)(F)F.[Al+3],-6.22402,-7.2398458
Clc1ccc(cc1)c1ccc(cc1Cl)Cl,-6.21,-5.998285
CCCCCCCCCCSCCCCCN1CSCC1.Cl,-6.193029,-5.357413
CN1CCCC(C1)CN1c2ccccc2Sc2c1cccc2.Cl,-6.188043,-5.7037945
CCCCOc1ccc(cc1)OCC(=O)N(c1cccc(c1)OC)CCN(CC)CC.Cl,-6.187475,-5.526818
Oc1cc(C)c(cc1[C@@H]1C[C@@H]2C([C@@]1(C)CC2)(C)C)C,-6.174255,-5.398742
C1CCC(CC1)[NH2+]CC12CCC(CC1)(CC2)C[NH2+]C1CCCCC1.[Cl-].[Cl-],-6.135226,-7.4145074
O[C@H]([C@H](C(=O)O)O)C(=O)O.Oc1ccc2c(c1)[C@]13CCCC[C@H]3[C@@H](C2)N(CC1)CCCCc1ccccc1,-6.1218996,-5.922617
CN(Cc1ccccc1)CCC(c1cccc2c1cccc2)(C(=O)N)C(C)C,-6.120166,-6.0136514
C1CCN(C1)CC1COC2(O1)c1ccccc1C=Cc1c2cccc1.OC(=O)/C=C\C(=O)O,-6.1012826,-5.9865794
O=C(C1c2ccccc2c2c1cccc2)OC1CC(C)[NH+](C(C1)C)C.[Cl-],-6.10061,-5.405029
CCCCCCCCCCCCCCCC(=O)OCCO,-6.089541,-5.0186687
CCCCCCCCC(C(=O)O)CCCCCC,-6.0753202,-5.4563394
C1CCC(CC1)NCC1CCC(=CC1)CNC1CCCCC1.CC(=O)O.CC(=O)O,-6.069298,-5.779982
O[C@@H]1C[C@@H]2[C@]([C@H]1O)(C)CC[C@H]1[C@H]2CCc2c1ccc(c2)OC1CCCC1,-6.0518303,-4.677049
CC(N1CCC(CC1)N(c1ccc(cc1)Cl)C(=O)Cc1ccccc1)C,-6.0461855,-5.425858
COC1(CCC(CC1)NCCCC(=O)c1ccc(cc1)F)c1ccc(cc1)C.COC1(CCC(CC1)NCCCC(=O)c1ccc(cc1)F)c1ccc(cc1)C.Cl.Cl.O,-6.034187,-8.856058
Fc1ccc2c(c1)N(C(=O)SCCN(C(C)C)C(C)C)c1c(S2)cccn1.Fc1ccc2c(c1)N(C(=O)SCCN(C(C)C)C(C)C)c1c(S2)cccn1.OC(=O)/C=C\C(=O)O,-6.018259,-9.569615
C1CCN(CC1)CC1COC2(O1)c1ccccc1OCc1c2cccc1.OC(=O)/C=C/C(=O)O,-6.011787,-6.009205
Clc1ccc(c(c1)c1cccc(c1)Cl)Cl,-6.01,-6.0008054
CC[C@H](C(=O)O[C@@H]1C[C@H](C)C=C2[C@H]1[C@@H](CC[C@H]1C[C@@H](O)CC(=O)O1)[C@@H](C=C2)C)C,-6.01,-4.946145
CC(=O)O[C@H]1C[C@]2([C@H](/C/1=C(/C(=O)[O-])\CCC=C(C)C)C[C@H]([C@@H]1[C@]2(C)CC[C@@H]2[C@]1(C)CC[C@H]([C@H]2C)O)O)C.[Na+],-5.990985,-4.9758277
O=C(C(c1ccsc1)C1CCCCC1)OCCN1CCCCCC1,-5.982029,-5.1611223
C1Cc2ccc3c4c2c(C1)ccc4CCC3,-5.96,-6.3812785
OC(=O)/C=C\C(=O)O.CSc1ccc2c(c1)C(Cc1c(S2)cccc1)N1CCN(CC1)C,-5.944536,-5.682765
CO[C@@H]1/C=C/C=C(\C)/Cc2cc(OC)c(c(c2)N(C(=O)C[C@@H]([C@]2([C@H]([C@@H]([C@@H]3C[C@@]1(O)NC(=O)O3)C)O2)C)OC(=O)[C@@H](N(C(=O)C)C)C)C)Cl,-5.9427714,-5.2606497
CC(CCc1ccc(cc1)C(=O)OCCCN1CCCCC1C)C,-5.9327726,-5.042581
Clc1ccc(cc1)CN(C(=O)Nc1ccccc1)C1CCCC1,-5.91,-5.5331616
OC(=O)C(=O)[O-].Clc1ccc2c(c1)n(CC[NH+]1CCCC1)c1c2cccc1,-5.908539,-6.067963
OCCN1CCN(CC1)CCCN1c2ccccc2Sc2c1cc(Cl)cc2.Cl.Cl,-5.906092,-5.4225707
O[C@H]([C@H](C(=O)O)O)C(=O)O.CN(CC(CN1c2ccccc2Sc2c1cccc2)C)C.CN(CC(CN1c2ccccc2Sc2c1cccc2)C)C,-5.899259,-8.663801
CCCCCCCOc1ccc(cc1)NC(=O)OCC[NH+]1CCCCC1.[Cl-],-5.8897257,-5.733979
COc1cc2Sc3ccc(cc3N(c2cc1O)CCCN(C)C)Cl,-5.84783,-4.9905186
Clc1ccc2c(c1)n(CC[NH+]1CCCC1)c1c2cccc1.[Cl-],-5.8441563,-5.716708
CCC(=O)O[C@@]1([C@@H](C)C[C@@H]2[C@]1(C)C[C@H](O)[C@]1([C@H]2CCC2=CC(=O)C=C[C@]12C)F)C(=O)COC(=O)CC,-5.8432646,-5.339357
Nc1ccnc(n1)N1CCN(CC1)CCC(c1ccccc1)(c1ccccc1)c1ccccc1,-5.8425956,-5.981905
Nc1c2cccc(c2nc2c1cccc2)c1ccccc1,-5.8397255,-5.723061
ClCCSCC[NH+](c1ccccc1)CCSCCCl.[Cl-],-5.824845,-3.9660797
Clc1ccccc1CNC1CCC(CC1)NCc1ccccc1Cl.Cl.Cl,-5.8078575,-4.728935
Clc1cccc(c1)c1cccc(c1)Cl,-5.8,-5.3370223
COc1cc(O)cc2c1N(CCCN(C)C)c1c(S2)ccc(c1)Cl,-5.7662797,-5.052958
CCCC(c1ccccc1)(c1ccccc1)C(=O)OCCN(CC)CC,-5.7483673,-4.7417874
CCC(C(C(C[NH+](C)C)C)(c1ccccc1)c1ccccc1)OC(=O)CC.[Cl-],-5.745435,-4.95729
OC(=O)[C@H]1CCc2c1cc(Cl)c(c2)C1CCCCC1,-5.742825,-5.256739
CCCCCCCCCCCCCCCC[n+]1ccccc1.[Cl-].O,-5.7252316,-5.064478
CCC(=O)O[C@H]1[C@@H](O[C@@H](C[C@@H]1N(C)C)C)O[C@@H]1[C@@H](C)[C@H](O[C@@H]2O[C@@H](C)[C@@H]([C@](C2)(C)OC)O)[C@@H](C)C(=O)O[C@H](CC)[C@@]([C@@H]([C@H](C(=O)[C@@H](C[C@@]1(C)O)C)C)O)(C)O,-5.7192264,-5.850372
CN(C(CC12CC3CC(C2)CC(C1)C3)C)Cc1ccccc1.Cl,-5.7181726,-5.5963063
Ic1ccc(nc1)SCCCCCCCN1CCSC1.Cl,-5.7088737,-5.03384
CCC1(CC)OC(c2c1cccc2)(CCCN(C)C)c1ccccc1.Cl,-5.6920176,-5.4635158
OC(=O)C(c1ccc2c(c1)CCc1c2cccc1)C,-5.677664,-5.247701
CCCCCCCOc1ccccc1NC(=O)OCCN1CCCCC1.Cl,-5.676198,-5.0496817
NCCCN1c2ccc(cc2Sc2c1cc(Cl)cc2)O,-5.6594973,-4.534143
OC(=O)C(=O)O.CN(CCCC1(OC(c2c1cccc2)(C)C)C1CCCCC1)C,-5.656205,-6.2357054
CCN(C(CN1c2ccccc2Sc2c1cccc2)C)CC,-5.6543956,-5.451281
CCC1=C(C[C@H]2NCCc3c2cc(OC)c(c3)OC)C[C@@H]2N(C1)CCc1c2cc(c(c1)OC)OC,-5.6457753,-5.707398
OC(=O)C(c1ccc2c(c1)nc(o2)c1ccc(cc1)C(C)(C)C)C,-5.642262,-5.6962876
CCCCOC(=O)c1ccccc1C(=O)OCc1ccccc1,-5.64,-4.917366
Clc1ccc2c(c1)[nH]c(=O)n2C1CCN(CC1)CCCn1c(=O)[nH]c2c1cccc2,-5.635316,-4.528049
N#CC(c1cccc2c1cccc2)(CC[NH+](CC)C)CC=C(C)C.[Cl-],-5.6262503,-6.1526527
CN(CC/C=C\1/c2ccccc2Sc2c1cc(F)cc2)C.Br,-5.603798,-5.5282555
CCCCCCCOc1cccc(c1)NC(=O)OCC[NH+]1CCCCC1.[Cl-],-5.599209,-5.3019357
Brc1ccc(cc1)C(c1ccccc1)OCC[NH2+]N1CCCC1.[Cl-],-5.589347,-4.4599366
CCCCCCCOc1ccc(cc1)C(=O)CCN1CCCCC1.Cl,-5.572803,-5.0471663
C#CC(c1ccccc1)(c1ccc(cc1)Cl)OC(=O)N,-5.5717225,-4.59493
CC(=O)Oc1ccc(cc1)C1(Oc2ccccc2NC1=O)c1ccc(cc1)OC(=O)C,-5.555738,-5.236791
COc1ccc2c(c1)c(CC(=O)O)c(n2C(=O)/C=C/c1ccccc1)C,-5.54,-5.115485
COc1ccc2c(c1)/C(=C/CCN(C)C)/c1c(S2)cccc1.Cl,-5.5328555,-5.1166086
C=CC1C[N+]2(CCC1C[C@@H]2[C@H](c1ccnc2c1cc(OC)cc2)O)C(C)C.[Cl-],-5.518905,-5.2184796
[O-]C(=O)/C=C\C(=O)O.C[NH+](CCOC1C=CC2=C(Cc3c1cccc3)CCC=C2)C,-5.510564,-4.3673034
CC(=O)O[C@@]1(CC[C@@H]2[C@]1(C)C[C@H](O)[C@]1([C@H]2C[C@H](C2=CC(=O)C(=C[C@]12C)Br)F)F)C(=O)COC(=O)C,-5.506426,-4.658273
CCCOCCOC(=O)C1=C(C)NC(=C(C1c1cccc(c1)[N+](=O)[O-])C(=O)OCCOCCC)C,-5.5003543,-4.6118083
C[S+](Cc1ccccc1)Cc1ccccc1.[O-][N+](=O)[O-],-5.4978266,-4.6644597
CCN(CCOC(=O)C(c1cccc2c1cccc2)Cc1ccco1)CC,-5.4946694,-5.4859753
Brc1ccc2c(c1)c(=O)n(c(n2)C)c1ccccc1,-5.489945,-4.6192794
CCC(=CCN1CC[C@@]23[C@H]([C@H]1Cc1c3cc(cc1)O)CCCC2)CC.Br,-5.4714108,-5.131719
CN(/C=N/c1ccc(cc1C)C)/C=N/c1ccc(cc1C)C,-5.47,-5.617317
CCCCOC(=O)c1ccc(cc1)C(=O)OCCCC,-5.4668646,-4.310716
C[N+]1(CCCCCC[N+]2(C)CCCCC2)CCCCC1.[I-].[I-],-5.4622564,-5.533694
Clc1ccc(c(c1)Cl)Oc1ccc(cc1)[N+](=O)[O-],-5.46,-5.4814944
CN1CCC(=C2c3ccccc3C=Cc3c2cccc3)CC1.Cl,-5.453458,-5.1587777
OC(=O)C(CC(=O)O)(CC(=O)O)O.CN(CC1COC2(O1)c1ccccc1CCc1c2cccc1)C,-5.4474454,-5.5793242
Oc1c(O)ccc2c1c1cccc3c1[C@@H](C2)N(CCc1ccccc1)CC3.Cl,-5.43403,-5.2107344
OC(=O)C(=O)[O-].Fc1ccc2c(c1)c1ccccc1n2CC[NH+]1CCCC1,-5.415669,-5.4831166
OS(=O)(=O)SCCNCCCCCCCCCCCc1ccccc1,-5.392481,-4.4018636
OC(=O)/C=C\C(=O)O.COc1ccc2c(c1)C(Cc1c(S2)cccc1)N1CCN(CC1)C,-5.3876534,-4.985605
O=C1CC2C(C1(CC2)CS(=O)(=O)O)(C)C.Oc1ccc2c(c1)[C@]13CCCC[C@H]3[C@@H](C2)N(CC1)CCCOc1ccccc1,-5.380369,-7.3710656
CCOP(=S)(Oc1ccc2c(c1)c(C)c(c(=O)o2)Cl)OCC,-5.38,-5.4849935
CCCCCCCCCCCCCCCC(=O)OC(COC(=O)CCCCCCCCCCCCCCC)COC(=O)CCCCCCCCCCCCCCC,-5.373538,-13.67457
OCCOCCOC(=O)c1ccccc1Nc1cccc(c1)C(F)(F)F,-5.3633065,-3.9343288
CCCC[NH+](CCC1(c2ccccc2)C(=O)Oc2c1cccc2)CCCC.[Cl-],-5.3465204,-5.460856
CN(c1ccc(cc1)/C=C/c1ccnc2c1cccc2)C,-5.34491,-5.5087495
Oc1ccc2c(c1)[C@]13CCCC[C@H]3[C@@H](C2)N(CC1)CCc1ccc(cc1)[N+](=O)[O-].Cl,-5.344612,-5.4938755
O=C(N1c2ccccc2Sc2c1cccc2)CNC(C)(C)C.Cl,-5.3385673,-5.291975
O=C(c1cccc2c1oc(c1ccccc1)c(c2=O)C)OCCN1CCCCC1.Cl,-5.3112216,-5.5502
[O-][N+](=O)c1cc([N+](=O)[O-])c(c(c1)[N+](=O)[O-])O.CCCCOc1ccc(cc1)OCC(=O)N(c1ccc(cc1)OC)CCN(C)C,-5.304926,-6.09511
O=C1OCC(=C1)[C@H]1CC[C@]2([C@]1(C)CC[C@H]1[C@H]2CC[C@H]2[C@]1(C)CC[C@@H](C2)O[C@H]1C[C@H](O)[C@@H]([C@H](O1)C)O[C@H]1C[C@H](O)[C@@H]([C@H](O1)C)O[C@H]1C[C@H](O)[C@@H]([C@H](O1)C)O)O,-5.2925687,-6.080075
C[C@@H](C(C(=O)N1CCCC1)(c1ccccc1)c1ccccc1)CN1CCOCC1.O[C@H]([C@H](C(=O)O)O)C(=O)O,-5.2857966,-4.350602
O=C1CC[C@]2(C(=C1)CC[C@@H]1[C@@H]2CC[C@]2([C@H]1CC[C@]2(C)OC(=O)C)C)C,-5.28,-4.892475
Oc1ccc2c(c1)CC=C1[C@@H]2CC[C@]2([C@H]1CCC2=O)C	,-5.28,-4.7469516
O[C@H]1CC[C@]2([C@H](C1)CC[C@@H]1[C@@H]2CC[C@]2([C@H]1CC[C@@H]2C(=O)C)C)C,-5.258092,-4.925698
Clc1ccc(c(c1)Cl)c1ccccc1,-5.25,-5.241286
Oc1ccc2c(c1)ccc1c2CC[C@@]2([C@@H]1CCC2=O)C,-5.24,-5.0349984
Cc1c(C)c(C)c(c(c1C)C)C,-5.23,-5.000635
CN(CCCC1(OC(c2c1cccc2)(C)C)c1ccc(cc1)C)C.Cl,-5.219768,-5.176746
CCN(CCCN1c2ccccc2NCc2c1cccc2)CC,-5.2164426,-5.0307174
OC(=O)[C@H](Cc1cc(I)c(c(c1)I)Oc1ccc(c(c1)I)O)N,-5.2160897,-5.157432
OC(=O)C(c1ccc2c(c1)nc(o2)c1ccc(cc1Cl)Cl)C,-5.20641,-5.0393453
CN(CCC12CC3CC(C2c2ccccc2)CC(C1)C3)C.Cl,-5.199686,-5.094014
Clc1cc2NC(NS(=O)(=O)c2cc1S(=O)(=O)N)C1CC2CC1C=C2,-5.191072,-3.7646217
CN(C(CN1c2ccccc2Sc2c1cccc2)C)C.Cl,-5.186195,-5.0322957
CC(N(C)C)CN1c2cc(ccc2Sc2c1cccc2)S(=O)(=O)N(C)C,-5.1808286,-5.06287
CN(C(CC12CC3(C)CC(C2)(CC(C1)(C3)C)C)C)C.Cl,-5.1803503,-5.071118
CC(=O)Nc1c(I)c(N(C(=O)C)C)c(c(c1I)C(=O)O)I,-5.158434,-2.5111344
CCOc1ccc2c(c1)c(N)c1c(n2)cc(cc1)[N+](=O)[O-],-5.1490307,-4.519522
CCN(CCCNc1nc(c(o1)c1ccccc1)c1ccccc1)CC,-5.1472206,-5.58495
CCN(CC(=O)N1c2ccccc2Sc2c1cccc2)CC,-5.146449,-5.131395
O=C(c1ccc(c(c1)I)F)OCCCN1CCCCC1.Cl,-5.1355777,-4.487735
C[NH+]1C2CCC1CC(C2)OC(=O)C(=C)c1ccc(cc1)C(C)(C)C.[Cl-],-5.131261,-3.988248
Clc1ccc(cc1)Cn1c(C)nc2c1cccc2.Cl,-5.128694,-3.7764893
OC/C=C(/CC/C=C(/CCC=C(C)C)\C)\C,-5.1173983,-4.493379
CN(CC(CC1(OC(c2c1cccc2)(C)C)c1ccccc1)C)C.Cl,-5.10907,-4.9210916
O[C@H]([C@H](C(=O)O)O)C(=O)O.CCC(CCN1CC[C@@]23[C@H]([C@H]1Cc1c3cc(cc1)O)CCCC2)C,-5.1073537,-5.628584
ClCCN(c1cc(ccc1C)C(=O)OC)CCCl,-5.1066475,-4.249662
Nc1ccc(cc1)C(c1ccccc1)(C(=O)OC1CC2CCC(C1)[N+]2(C)Cc1ccccc1)O.[Br-],-5.094893,-4.30337
COc1ccc(cc1C(=O)NCCc1ccc(cc1)S(=O)(=O)NC(=O)NC1CCCCC1)Cl,-5.09,-4.664678
CC[NH+](CCOC(=O)n1c2ccc(cc2c2c1cccc2)N)CC.[Cl-],-5.075679,-5.2633357
COc1cccc(c1)CCN1CC[C@@]23[C@H]([C@H]1Cc1c3cc(cc1)O)CCCC2.Cl,-5.070443,-5.0910726
COc1ccc(cc1)CCN1CC[C@@]23[C@H]([C@H]1Cc1c3cc(cc1)O)CCCC2.Cl,-5.070443,-5.117903
CN(CCC(c1ccc2c(c1)cccc2)(C(=O)N)CC=C(C)C)C,-5.064014,-5.126986
O=C(N1c2ccccc2Sc2c1cccc2)CN1CCN(CC1)Cc1ccc2c(c1)OCO2,-5.055642,-5.8426647
Brc1c(Br)cccc1Br,-5.04,-4.957145
CCC(C(=O)OC(C(Cl)(Cl)Cl)C)CC,-5.0373716,-4.3146067
CCCC[NH+]1CCCC(C1)OC(=O)Nc1c(C)cccc1C.[Cl-],-5.027467,-4.6573005
C[NH2+]CCCn1c2ccccc2[nH]c(=O)c2c1cccc2.[Cl-],-5.026506,-4.2653604
CC(=O)OCC(=O)[C@@]12OC(O[C@@H]1C[C@@H]1[C@]2(C)C[C@H](O)[C@]2([C@H]1C[C@@H](C1=CC(=O)C=C[C@]21C)F)F)(C)C,-5.0185075,-4.4027777
COc1ccc(cc1OC)CCN(CCCC(c1ccc(c(c1)OC)OC)(C(C)C)C#N)C,-5.007235,-6.095615
CCOC(=O)C1(CCN(CC1)CCc1ccc(cc1)N)c1ccccc1.Cl.Cl,-4.9993815,-4.8497176
[O-][N+](=O)CC(c1ccc(cc1)NC(=O)C)Sc1ccc(cc1)C,-4.9914126,-5.090572
OC(=O)C(=O)[O-].COc1ccc2c(c1)n(CCC[NH+](C)C)c1c2cccc1,-4.990109,-5.4155645
SCCNCCCCCOc1ncc(cc1Br)Br.Cl,-4.9877973,-4.316105
C=CCc1ccc(c(c1)OC)Oc1ccccc1,-4.9526224,-4.8244443
O=C1C=C[C@]2(C(=C1)C(=C[C@@H]1[C@@H]2CC[C@]2([C@H]1CC[C@@]2(OC(=O)C)C(=O)C)C)Cl)C,-4.95,-5.1292806
CCCCCCCCCCCCCCNCCSS(=O)(=O)O,-4.9453435,-4.393743
OCCN1CCN(CC1)CCCN1c2ccccc2C=Cc2c1cccc2.Cl.Cl,-4.940068,-4.786887
CCN1CC(C(C1=O)(c1ccccc1)c1ccccc1)CCN1CCOCC1.Cl.O,-4.9366393,-3.9563208
Cc1ccc(c2c1cccc2C)C,-4.92,-5.228122
CC(=O)O[C@H]1CC[C@]2([C@@H](C1)CC[C@@H]1[C@@H]2CC[C@]2([C@]1(O)CC[C@@H]2C1=CC(=O)OC1)C)C,-4.919838,-4.3015895
COc1cc2c(cc1OC)CC[NH+](C2CCc1cccc(c1)Cl)C.[Cl-],-4.9121866,-5.369265
COc1c(OC)ccc2c1CC[NH+](C2CCc1ccc(cc1)Cl)C.[Cl-],-4.9121866,-5.3624053
CN(C(CN1c2ccccc2Sc2c1nccc2)C)C.Cl,-4.9121804,-4.120673
ClC(=C(Cl)Cl)C(=C(Cl)Cl)Cl,-4.91,-4.6330853
OCC(=O)[C@]1(OC(=O)C)[C@H](C)C[C@@H]2[C@]1(C)C[C@@H](O)[C@]1([C@H]2CCC2=CC(=O)C=C[C@]12C)F,-4.9,-4.27881
CC[N+](CCOc1ccc(cc1)/C=C/c1ccccc1)(CC)CC.[I-],-4.8859158,-3.9145975
Brc1c(C)c(Br)c(c(c1O)O)Br,-4.880605,-4.0835724
CCCCNC(=O)n1c(NC(=O)OC)nc2c1cccc2,-4.88,-3.5274565
OS(=O)(=O)NC1CCCCC1.CN(CC/C=C/1\c2ccccc2CN(c2c1cccc2)C)C,-4.8770547,-6.0779967
CCOC(=O)c1c(C)ccc(c1OCCN(CC)CC)C(C)C,-4.8767004,-4.4043727
CC1CCCCN1CCCOC(=O)c1ccc(cc1)C(C)C,-4.8714213,-4.7153096
Clc1c(Cl)c(C(=O)O)c(c(c1Cl)Cl)Cl,-4.865803,-4.4016128
CCOP(=S)(O/N=C(/c1ccccc1)\C#N)OCC,-4.86,-4.093477
CCN(CCOc1ccc2c(c1)sc(n2)N(C)C)CC.Cl.Cl,-4.8552995,-3.1272113
CCN(CCN1c2ccccc2NCc2c1cccc2)CC,-4.8289804,-4.670161
CCCCCCCCc1ccccc1O,-4.8217998,-4.2666373
CC(NC(CC12CC3CC(C1)CC(C2Cl)C3)C)C.Cl,-4.8131475,-4.597312
Cc1ccc2c(c1)c(C)cc(n2)OCCCCCN1CSCC1,-4.801488,-4.555237
COC(=O)c1c(C)ccc(c1OCC(=O)OCCN1CCCCC1)C(C)C,-4.796578,-4.300085
CN(CC(CN1c2ccccc2CCc2c1cccc2)C)C,-4.787216,-4.937364
Cc1nc2ccccc2c(=O)n1c1ccccc1[N+](=O)[O-].Cl,-4.7688594,-3.1908073
CCCCN1CCC(CC1)(OC(=O)CC)c1cccc(c1)C.Cl,-4.765688,-3.793872
[O-]C(=O)C.CCCCCCCCCCCCCC[NH3+],-4.7638745,-3.3849392
CN1CCN(CC1)C1=Nc2ccccc2Oc2c1cc(Cl)cc2,-4.7635765,-4.3465757
O=C(c1c(C)c(C)cc(c1C)C)Nc1ccncc1.Cl,-4.752618,-4.030275
CN1CCCC(C1)CN1c2ccccc2Sc2c1cccc2,-4.7447476,-5.2301183
O=C1CN2CC(OC2(c2c(N1)ccc(c2)Cl)c1ccccc1)C,-4.7446046,-4.3903337
CCC(c1ccc(c(c1)C(CC)C)O)C,-4.744017,-3.852358
Cc1cccc2c1cccc2C,-4.74,-4.5129476
O=C1CC[C@]2([C@H](C1)CC[C@@H]1[C@@H]2CC[C@]2([C@H]1CC[C@@H]2O)C)C,-4.74,-4.3885207
OC(=O)C(=O)O.CCCCOc1c(OC)cccc1C(=O)NCCCN(CC)CC,-4.739508,-3.6743426
C1CCN(CC1)CCC12CC3CC(C2)CC(C1)C3.Cl,-4.710416,-4.7519984
CCCCC(=O)O[C@]1([C@H](C)C[C@@H]2[C@]1(C)C[C@@H](O)[C@]1([C@H]2CCC2=CC(=O)C=C[C@]12C)F)C(=O)CO,-4.71,-5.424086
O=C1CC[C@]2(C(=C1)CC[C@@H]1[C@@H]2CC[C@]2([C@H]1CC[C@]2(O)C(=O)C)C)C,-4.71,-4.121713
Clc1cc2NC(=NS(=O)(=O)c2cc1S(=O)(=O)N)CSCc1ccccc1,-4.685676,-5.115367
CCCCCCCCCCCCO,-4.67,-4.3267884
C[NH+](CCOC(c1ccc(cc1)I)c1ccccc1)C.[Cl-],-4.6608853,-4.187028
CCOP(=S)(Oc1ccc(cc1)[N+](=O)[O-])OCC,-4.66,-4.8945622
CN1CCC2=C(C1CCc1ccccc1)CCCC2,-4.6598177,-4.661207
OCC(=O)O[C@@H]1C[C@@](C)(C=C)[C@@H](O)[C@@H](C23[C@H](C1(C)[C@H](C)CC2)C(=O)CC3)C,-4.6473308,-4.49314
Cc1ccc(c(c1)C(c1ccccc1)(C(=O)OCCCN1CCCC1)O)C.Cl,-4.640652,-4.2291217
CCCCCc1ccccc1,-4.64,-4.424416
NC(=O)C1c2ccccc2CCc2c1cccc2,-4.638029,-4.475292
ClC(C(c1ccc(cc1)N)c1ccc(cc1)N)(Cl)Cl,-4.637036,-4.2810874
CCOC(=O)Nc1cccc(c1)OC(=O)Nc1ccccc1,-4.63,-4.0775523
C#C[C@]1(O)CC[C@@H]2[C@]1(C)CC[C@H]1[C@H]2CCC2=CC(=O)CC[C@H]12	,-4.63,-4.401564
COc1cc2c(cc1OC)CCN(C2CCc1ccc(cc1)[N+](=O)[O-])C,-4.629239,-5.1006713
O=C(Nc1c(C)cccc1Cl)OC1CCN(CC1)C(C)C,-4.6262245,-4.391067
CCCCCCCCCCCC(=O)O,-4.62,-3.8970857
CC1(C)C2CCC(C1C2)CCOCC[N+]1(CCOCC1)Cc1ccccc1.[Br-],-4.61817,-3.6537087
CN(CC(=O)N1C(C)(C)CC(=CC1(C)C)c1ccccc1)C,-4.6132555,-3.9320376
C[NH2+]CCOc1ccc(cc1)CNC(=O)c1ccc(c(c1)OCC)OCC.[Cl-],-4.6073203,-4.3018456
Clc1ccc(nc1)SCCCCCCCN1CCSC1.Cl,-4.606087,-4.3705
CC[N+]1(CCCCCC[N+]2(CC)CCOCC2)CCOCC1.[I-].[I-],-4.596233,-4.053516
OP(=O)(O)O.CCN(CCCC(Nc1ccnc2c1ccc(c2)Cl)C)CC,-4.5957365,-3.6190906
CCN(CCCC(Nc1cc(OC)cc2c1nccc2)C)CC.Cl,-4.582183,-4.524847
NC(=O)C(c1cccc2c1cccc2)(CCN1CCCCC1)C,-4.5818887,-4.725967
Nc1ccc2c(c1)cc1c(n2)ccc(c1)Cl,-4.580352,-4.375338
CN(CCOC(c1ccc(cc1)Br)(c1ccccc1)C)C.Cl,-4.5765696,-4.2254243
CCOC(=O)[C@@H](N[C@H](C(=O)N1[C@H]2CCC[C@H]2C[C@H]1C(=O)O)C)CCc1ccccc1,-4.572359,-4.259934
Clc1c(Cl)ccc(c1Cl)Cl,-4.57,-4.3973994
CSc1ccc(cc1C)OP(=S)(OC)OC,-4.57,-3.7200344
NC(=O)OCC(c1ccccc1)(COC(=O)Nc1ccccc1)C,-4.5655093,-3.9023483
COc1cc(/C=C/C(=O)CCN2CCN(CC2)c2ccc(cc2)Cl)cc(c1OC)OC.Cl.O,-4.5649347,-4.9395757
CCn1c2nc(C)cc(c2[nH]c(=O)c2c1nccc2)C,-4.55,-3.602967
CCC(=O)c1ccc2c(c1OCC(CN1CCN(CC1)c1ccccc1)O)cccc2.Cl.Cl,-4.548467,-4.4235005
O=C(c1ccccc1)CCC[NH+]1CCC(=CC1)c1ccccc1.[Cl-],-4.543534,-4.996657
CC(Cc1ccccc1)NNC(=O)C(c1ccccc1)(c1ccccc1)O,-4.53982,-4.125239
CCCCOc1nc(OCCCC)cc(c1)C(=O)N[NH2+]C.[Cl-],-4.5395646,-3.1155887
c1ccc(cc1)C(c1ccccc1)CCN1CCN(CC1)c1cccnn1,-4.5374427,-4.3671403
CCN(CCC(c1ccccc1)(C1CCCCC1)O)CC.Cl,-4.535846,-3.80029
CCCCCCC,-4.53,-4.392468
FC1=C(OCC(F)(F)F)C(F)(F)C(C(C1(F)F)(F)F)(F)F,-4.5212955,-4.0639424
Cl[C@@H]1[C@@H](Cl)[C@H](Cl)[C@H]([C@@H]([C@H]1Cl)Cl)Cl,-4.51,-4.1951637
CCN(C(=O)[C@H]1CN(C)[C@H]2C(=C1)c1cccc3c1c(C2)c([nH]3)Br)CC,-4.504908,-4.3187637
O=C1C=C[C@]2([C@H](N1)CC[C@@H]1[C@@H]2CC[C@]2([C@H]1CC[C@@H]2C(=O)NC(C)(C)C)C)C,-4.503745,-4.1654177
CCC(=O)c1ccc(cc1)OCC(CN1CCN(CC1)c1cccc(c1)C(F)(F)F)O.Cl.Cl,-4.4948635,-3.9904609
O=C[C@@]12CC[C@@H](C[C@@]2(O)CC[C@@H]2[C@@H]1CC[C@]1([C@]2(O)CC[C@@H]1C1=CC(=O)OC1)C)OC(=O)C(C)C.[H][H],-4.4906425,-4.381923
CCCOc1ccc2c(c1)[nH]c(n2)NC(=O)OC,-4.4869537,-3.169084
C=C1CCC[C@]2([C@H]1C[C@@H](CC2)C(O)(C)C)C,-4.4843526,-4.5410056
CCCc1cc(OCCCCCNCCSS(=O)(=O)O)nc2c1cccc2,-4.481951,-4.3613806
C[C@@H]1CCC(C1)(C)C,-4.48,-4.15302
Clc1cc(Cl)cc(c1)Cl,-4.48,-3.637155
CN(C(=O)[C@]1(CC[C@H](c2c1cccc2)[NH+](C)C)c1ccccc1)C.[Cl-],-4.4758043,-4.0954833
CCCCOc1nc(OCCCC)cc(c1)C(=O)N[NH+](C)C.[Cl-],-4.4744525,-3.0960894
C[C@@H]1CC[C@H](CC1)C,-4.47,-4.364122
O=C(C(C)C)Nc1ccc(c(c1)C(F)(F)F)[N+](=O)[O-],-4.4657693,-4.135723
COc1ccc2c(c1)N(CCN(C(C)C)C(C)C)C(=O)CCC2,-4.4656296,-4.113227
CN(CCC=C1c2ccccc2CCc2c1cccc2)C.Cl,-4.4633245,-4.798478
CCCN1CCCC(C1)OC(=O)Nc1c(C)cccc1C,-4.458686,-4.1339273
CCCc1nc(NC(C)C)nc(n1)NC(C)C,-4.450595,-4.041785
ClCCN(c1cc(C=O)ccc1C)CCCl,-4.4500356,-3.6065078
c1ccc(cc1)/N=N/c1ccccc1,-4.45,-4.087268
CCC1(OCCc2c1[nH]c1c2cccc1CC)CC(=O)O,-4.4464316,-4.756957
C(=C/C=[N+]/1\CCC(CC1)c1ccccc1)C=CN1CCC(CC1)c1ccccc1.[Cl-],-4.4396167,-4.830972
CCCCCCCBr,-4.43,-4.179199
CC(Nc1nc(NC(C)C)nc(n1)Cl)C,-4.43,-3.805649
O=C1CC[C@]2(C(=C1)CC[C@@H]1[C@@H]2CC[C@]2([C@H]1CC[C@@H]2C(=O)C)C)C,-4.43,-4.80673
CCCCCCCCCCCCCNCCSS(=O)(=O)O,-4.4236975,-4.001136
CC(=O)OCC(=O)[C@@]1(O)CC[C@@H]2[C@]1(C)C[C@H](O)[C@H]1[C@H]2C[C@@H](C2=CC(=O)C=C[C@]12C)C,-4.4209723,-4.163003
CCCN(C(C(=O)Nc1c(C)cccc1C)CC)CC.Cl,-4.4198337,-3.81584
C[NH2+]CCCn1c(=O)c2ccccc2[nH]c2c1cccc2.[Cl-],-4.412272,-4.2896557
OCCN1CCN(CC1)CC(=O)N1c2ccccc2Sc2c1cc(Cl)cc2.Cl.Cl,-4.411202,-4.612269
COc1ccc2c(c1)c1ccccc1n2CC[NH+](C)C.[Cl-],-4.4048595,-4.4838243
CNCCC1(CC(c2c1cccc2)C)c1ccccc1.Cl,-4.404256,-4.0221086
OC(=O)C(c1ccc2c(c1)nc(o2)c1ccccc1Cl)C,-4.4040656,-4.5922084
Brc1ccc2c(c1)cccc2,-4.4,-4.201883
CCCCOC(=O)c1ccccc1C(=O)OCCCC,-4.4,-4.214886
OCCN(c1nc(c(o1)c1ccccc1)c1ccccc1)C,-4.3896885,-3.940734
CC(C1(OC(=O)C(C)C)C(=O)NC(=O)NC1=O)c1ccccc1,-4.385605,-3.3842263
c1ccc2c(c1)sc1c2cccc1,-4.38,-4.569991
Nc1ccc(cc1)S(=O)(=O)NC(=O)c1ccc(c(c1)C)C,-4.3744903,-3.2274563
ClCCN(c1cc(ccc1C)S(=O)(=O)O)CCCl,-4.373866,-2.9211674
Oc1ccc2c(c1)[C@]13CCCC[C@H]3[C@@H](C2)N(CC1)CCc1ccco1.Cl,-4.365954,-4.02901
Clc1cnc(c(c1)Cl)SCCCCCN1CSCC1.Cl,-4.3631,-4.2475257
CCCCOc1nc(OCCCC)cc(c1)C(=O)N1CCOCC1,-4.3625445,-4.2020764
CCN(CCOc1c(ccc(c1C(=O)O)C)C(C)C)CC,-4.3602605,-4.118046
CCCOC(=O)c1c(C)ccc(c1OCCN(C)C)C(C)C,-4.3542128,-3.8369796
O[C@H]1CC[C@]2(C(=CC[C@@H]3[C@@H]2CC[C@]2([C@H]3CC[C@@H]2O)C)C1)C,-4.3501267,-4.4733596
C[n+]1cccc(c1)OC(=O)N(CCCCCCN(C(=O)Oc1ccc[n+](c1)C)C)C.[Br-].[Br-],-4.342204,-0.5883901
[O-][N+](=O)c1ccc2c(c1)nc1c(c2N)cccc1,-4.3413963,-4.1340003
CCCOC(=O)N1C(OC)C=Cc2c1cccc2,-4.336309,-3.7622292
OC(=O)/C=C/C(=O)O.OC(=O)/C=C/C(=O)O.OCC(CN1CCN(CC1)CC1COC2(O1)c1ccccc1C=Cc1c2cccc1)O,-4.334579,-5.2718863
O=C(c1ccc(cc1)c1ccc(cc1)C(=O)C[n+]1ccccc1C)C[n+]1ccccc1C.[Br-].[Br-],-4.3242645,-1.6132905
Ic1ccc(nc1)OCCCCCCCNCCSS(=O)(=O)O,-4.3181844,-3.6078267
OCC(=O)[C@@]12OC(O[C@@H]1C[C@@H]1[C@]2(C)C[C@H](O)[C@]2([C@H]1CCC1=CC(=O)C=C[C@]21C)F)(C)C,-4.3157744,-4.2745833
C(CCN1CSCC1)CCSc1ccc2c(n1)cccc2.Cl.Cl,-4.3138814,-4.41124
CN1CCN(CC1)CC(=O)n1c2ccccc2c(=O)[nH]c2c1nccc2,-4.3110437,-3.2190113
O=C(c1ccccc1O)Nc1cccc(c1)C(F)(F)F,-4.309189,-4.180637
CCCCN(CCOCCCOC(=O)c1ccc(cc1)N)CCCC,-4.3066454,-3.779448
CC(=O)OCC(=O)[C@@]1(O)CC[C@@H]2[C@]1(C)C[C@@H](O)[C@H]1[C@H]2CCC2=CC(=O)CC[C@]12C,-4.3,-3.8959708
N#CC(=NNc1ccc(cc1C)[N+](=O)[O-])C#N,-4.2942595,-3.1098752
CN(CCOc1c(ccc(c1C(=O)OC(C)C)C)C(C)C)C,-4.291852,-3.6558232
c1ccc(cc1)CCN1CCN2C(C1)CCc1c2cccc1.Cl,-4.2917333,-4.342115
O=C(NS(=O)(=O)c1ccc(cc1)C)NN1CC2C(C1)CCC2	,-4.29,-3.0231483
CC1CCN(CC1)CC(COC(=O)c1ccccc1)(C)C,-4.2883406,-3.8251255
CCCCN1CCC(CC1)(CCCC)OC(=O)CC.Cl,-4.276046,-3.4697814
C[C@@H]1CCCC[C@H]1C,-4.27,-4.36051
CCCCN1CCCC[C@@H]1C(=O)Nc1c(C)cccc1C.Cl,-4.2687025,-4.2294827
OC(=O)C1CCc2c1cc(N)c(c2)C1CCCCC1,-4.2677565,-4.9201226
CC(CC(C)C)C,-4.26,-4.0434327
CN([C@H](CN1c2ccccc2Sc2c1cccc2)C)C,-4.26,-4.7148356
CC1CCN(CC1)CC(C(OC(=O)c1ccccc1)C)C,-4.257407,-3.8439128
O=C1CC2(CCCC2)CC(=O)N1CCCCN1CCN(CC1)c1ncccn1,-4.25664,-4.1682916
Clc1ccc(c(c1)C(=O)c1ccccc1)N,-4.255308,-3.636816
Oc1cc(cc2c1c(/N=N/c1ccc(c3c1cccc3S(=O)(=O)[O-])Nc1ccccc1)cc(c2)S(=O)(=O)[O-])S(=O)(=O)[O-].[Na+].[Na+].[Na+],-4.2547445,-3.68614
COC(=O)c1nc(C)c2c(c1)c1ccccc1[nH]2,-4.25358,-3.5257356
Nc1ccc2c(c1)cc1c(n2)cc(cc1)N(C)C,-4.244975,-4.185365
CCc1sc2c(c1)C(=NCC(=O)N2C)c1ccccc1Cl,-4.2408557,-4.3987384
Cc1cc(OCCCCCNCCSS(=O)(=O)O)nc2c1cccc2Cl,-4.240146,-4.3568225
[O-]C(=O)C(c1cccc(c1)Oc1ccccc1)C.[O-]C(=O)C(c1cccc(c1)Oc1ccccc1)C.[Ca+2],-4.239611,-3.5292087
Fc1ccc(c(c1)F)c1ccc(c(c1)C(=O)O)O,-4.237221,-3.2857409
CN1CCN(CC1)C1Cc2ccccc2S(=O)c2c1cccc2.OC(=O)/C=C\C(=O)O,-4.232643,-5.0058246
CCC(=O)N1C2CCC1CN(C2)C/C(=C/c1ccccc1)/C,-4.2244225,-4.1686234
OC(=O)C(=O)O.CCCOc1c(OC)cccc1C(=O)NCCCN(CC)CC,-4.2209544,-3.3882916
CCC(=O)N1C2CCC1CN(C2)C/C=C/c1ccccc1[N+](=O)[O-],-4.2188706,-4.113129
OC(=O)C(=O)[O-].CCCCOc1c(OC)cccc1C(=O)NCCO/[NH+]=C(/CC)\C,-4.2182646,-4.0451894
CCN(CCNc1nc(NCCN(CC)CC)nc(n1)NCCN(CC)CC)CC.Cl.Cl.Cl,-4.1965504,-3.7018619
CN(CCCN1c2ccccc2CCc2c1cccc2)C,-4.19,-4.6475844
O=CN[C@H](C(Cl)(Cl)Cl)n1ccn(cc1)[C@H](C(Cl)(Cl)Cl)NC=O,-4.19,-3.7800465
BrCc1onc(c1)c1ccc(cc1)Cl,-4.189895,-3.8191357
C[NH+](CCCC1(c2ccccc2)c2ccccc2N(C1=O)C)C.[Cl-],-4.185489,-4.563704
N#CC(=NNc1ccc(c(c1)Cl)Cl)C#N,-4.1853805,-3.8997266
CC(NC(=O)c1cc(Br)cc(c1O)C)C,-4.1834006,-3.5038862
O=C(CCc1ccccc1)OCCCN1CCCCC1C,-4.178226,-3.5737398
CCC(=O)N1C2CCC1CN(C2)CC/C=C/c1ccccc1,-4.1781774,-4.1207333
OC(=O)C(c1ccc2c(c1)nc(o2)c1cccc(c1)C)C,-4.1727247,-4.4047627
OC(=O)C(c1ccc2c(c1)nc(o2)c1ccc(cc1)[N+](=O)[O-])C,-4.166166,-4.4558635
O=c1[nH]nc(c(n1)c1ccccc1)c1ccccc1,-4.1611466,-2.7092576
OC(=O)[C@@H]1N2C(=O)[C@H]([C@H]2SC1(C)C)NC(=O)c1c(C)onc1c1ccccc1,-4.158948,-3.9728434
Cc1cccc2c1[nH]cc2C1CCCN1Cc1ccccc1,-4.1555157,-5.1480613
COc1ccccc1N1CCN(CC1)CCC(=O)c1ccc(cc1)N1CCOCC1.Cl.Cl,-4.153249,-3.3657622
O=C(c1cccnc1)OCC(COC(=O)c1cccnc1)(COC(=O)c1cccnc1)COC(=O)c1cccnc1,-4.1529794,-5.139306
NC(=O)N1c2ccccc2CCc2c1cccc2,-4.1517963,-4.2276874
CCC(c1ccccc1)(C)C,-4.15,-4.2438145
CCN(CCOC(=O)C1(CCCC1)c1ccccc1)CC,-4.147028,-3.613515
OC(C1CC2CC1C=C2)(c1ccccc1)CCN1CCCCC1.Cl,-4.141814,-4.576659
Cc1ccc(c2c1cccc2)C,-4.14,-4.5126534
CCC(=O)OC1(CCN(CC1)C(CC)C)c1ccccc1.Cl,-4.136477,-3.3581917
CCC(=O)OC1(CCN(CC1)CC(C)C)c1ccccc1.Cl,-4.136477,-3.4227743
CC(=O)c1ccc2c(c1)nc(s2)c1ccccc1,-4.134155,-4.3663607
CN(CCC1(OC(c2c1cccc2)(C)C)c1ccccc1)C.Cl,-4.1335964,-4.0692635
C[NH2+]CCCN1c2ccccc2[NH2+]Cc2c1cccc2.[Cl-].[Cl-],-4.130451,-3.5516467
BrCCN(c1ccc(cc1)O)CCBr,-4.125425,-3.658871
Cc1cc(ccc1N/N=C\1/C(=O)c2c(N)cc(cc2C=C1S(=O)(=O)[O-])S(=O)(=O)[O-])c1ccc(c(c1)C)N/N=C\1/C(=O)c2c(N)cc(cc2C=C1S(=O)(=O)[O-])S(=O)(=O)[O-].[Na+].[Na+].[Na+].[Na+],-4.1219926,-3.5125372
CCOC(=O)N1C(OCC)C=Cc2c1cccc2,-4.1181326,-3.81106
CCCCCCCSCCCCN1CCSC1.Cl,-4.1157165,-3.7421367
O=C1CN=C(c2c(N1)ccc(c2)Cl)c1ccccc1Cl,-4.11568,-4.3927493
Cc1ccc2c(c1)n(C(C)C)c(=O)nc2c1ccccc1,-4.1154046,-4.8646626
CCCN1CCc2c(C1)cccc2NC(=O)c1ccc(c(c1)OC)OC,-4.114986,-4.7971196
COc1c(OC)ccc2c1C(=O)O[C@@H]2[C@@H]1N(C)CCc2c1cc1OCOc1c2,-4.11,-4.2970457
CCSCSP(=S)(OCC)OCC,-4.11,-3.263015
Ic1ccc(nc1)OCCCCCN1CSCC1.Cl,-4.108563,-3.7088122
CCOc1ccc2c(c1)c(ccn2)[C@H]([C@@H]1C[C@@H]2CCN1C[C@@H]2CC)O.Cl.Cl,-4.1084967,-4.126027
Nc1ccc2c(c1)cc1c(n2)cccc1,-4.09354,-3.9438016
Clc1ccc2c(c1)C(=Nc1c(O2)cccc1)N1CCNCC1,-4.088562,-4.185991
Clc1ccc(nc1)SCCCCCCN1CSCC1.Cl,-4.0858245,-3.9282436
CCC(=O)c1ccc(cc1)OCC(CC1CN=CC=C1c1ccccc1)O,-4.0847816,-4.893254
O=C1OCC(=C1)[C@H]1CC[C@]2([C@]1(C)[C@H](O)C[C@H]1[C@H]2CC[C@H]2[C@]1(C)CC[C@@H](C2)O[C@H]1C[C@H](O)[C@@H]([C@H](O1)C)O[C@H]1C[C@H](O)[C@@H]([C@H](O1)C)O[C@H]1C[C@H](O)[C@@H]([C@H](O1)C)O)O,-4.0810475,-5.6345997
OC(=O)C(=O)[O-].CCCC/C=[NH+]/CCNC(=O)c1cccc(c1OCC)OC,-4.0705476,-3.6229925
C[C@H]1CCCC(=O)CCC/C=C/c2c(C(=O)O1)c(O)cc(c2)O,-4.0680428,-4.472347
CCCCc1ccccc1,-4.06,-3.8379817
ClC(=C(c1cc(N)c(cc1S(=O)(=O)N)S(=O)(=O)N)Cl)Cl,-4.054303,-3.3369608
COc1ccc2c(c1)[C@@]13CCCC[C@@H]3[C@H](C2)N(CC1)C.Br,-4.0513883,-3.675716
CN(CCCOc1nn(c2c1cccc2)Cc1ccccc1)C,-4.047119,-4.169822
COc1nnc(c(n1)c1ccccc1)c1ccccc1,-4.04024,-3.322671
CCC(=O)OC1(CCN(CC1C)C)C1CCCCC1.Cl,-4.0402093,-3.3416104
COP(=S)(Oc1ccc(c(c1)C)[N+](=O)[O-])OC,-4.04,-4.564241
CCOC(=O)C1(CCN(CC1)CCc1ccc(cc1)N)c1ccccc1,-4.033116,-4.58873
Brc1cnc(c(c1)Br)OCCCCCNCCSS(=O)(=O)O,-4.0312624,-3.2833931
CCCC/C=N/CCOC(=O)c1cccc(c1OC)OC.Cl,-4.02832,-3.3756661
COc1c(O)c(Cl)c(c(c1Cl)Cl)Cl,-4.02,-3.5746439
CC[NH+](CCOC(=O)C=C(c1ccccc1)c1ccccc1)CC.[Cl-],-4.0108676,-5.0962405
OC(CN1CCN(CC1)c1ccc(c(c1)C)C)COc1ccccc1C(O)C.Cl.Cl,-4.0100226,-3.8607051
CC[NH2+]C(c1ccc(cc1)OC)Cc1ccc(cc1)OC.[Cl-],-4.009336,-3.9642286
CC1=CC[C@@H](CC1)C(=C)C,-4.0,-4.1849837
CC(=O)OCC(=O)[C@@]1(O)CC[C@@H]2[C@]1(C)CC(=O)[C@H]1[C@H]2CCC2=CC(=O)CC[C@]12C,-4.0,-3.6777833
C[NH2+]CCC[NH+]1Cc2ccccc2Nc2c1cccc2.[Cl-].[Cl-],-3.9952934,-3.8889108
CC(Cc1ccccc1)NCc1ccccc1Cl,-3.9929967,-4.3260226
CN1CCCN(CC1)C(c1ccc(cc1)Cl)c1ccccc1,-3.9905274,-4.2029643
COc1ccc(cc1)S(=O)(=O)Nc1nnc(s1)CC(C)C,-3.9874713,-3.8085861
COc1ccc(cc1)C(=O)N1CC=Cc2c1cccc2,-3.9689121,-4.6284394
CCCNC(c1ccccc1)Cc1ccccc1.Cl,-3.9649546,-3.5916262
ClCCN(Cc1ccccc1)CCOc1ccccc1.Cl,-3.964562,-3.4395623
O=c1n(C)c2ccccc2[nH]c2c1cccc2,-3.9633677,-3.885519
c1cc2cccc3c2c(c1)C=C3,-3.96,-4.0595717
OC(=O)C(=O)O.CNCCCC1(OC(c2c1cccc2)C)c1ccccc1,-3.9528801,-4.952248
CCC(Oc1ccc(cc1)C(=O)CCN1CCCCC1)C.Cl,-3.9519525,-3.8789706
O[C@H]1CC[C@]2([C@H](C1)CC[C@@H]1[C@@H]2C[C@@H](O)[C@]2([C@H]1CC[C@@H]2[C@H](CCC(=O)O)C)C)C,-3.95,-4.7012434
O=C1Nc2ccc(cc2C(=N[C@@H]1O)c1ccccc1)Cl,-3.95,-3.3868496
CCCCCCOC(=O)c1ccc(cc1)O,-3.9489682,-3.6334028
C[NH2+]CCCC1(OCCc2c1cccc2)c1ccccc1.[Cl-],-3.9483488,-4.3353963
ClCCN(c1cc(ccc1C)C(=O)NCC(=O)[O-])CCCl.[Na+],-3.9408677,-2.7656927
CCCN1CCC(C1)OC(=O)Nc1c(C)cccc1C,-3.9363565,-3.8254266
CCN1CCCC(C1)OC(=O)Nc1c(C)cccc1C,-3.9363565,-3.721417
CCCC[NH2+]CCOC(=O)c1cccc(c1OCCCC)OC.[Cl-],-3.9329216,-3.5164902
SCCNCCCCCOc1ncc(cc1Cl)Cl.Cl,-3.9312532,-3.528727
COc1cc(ccc1OCc1ccccc1)Cc1cnc(nc1N)N,-3.9245725,-4.2027297
BrCCN(c1ccc(cc1)S(=O)(=O)N)CCBr,-3.9081836,-4.10294
Nc1ccc(cc1C(=O)c1ccccc1)[N+](=O)[O-],-3.9042282,-3.0651302
C[C@H](N(C(=O)Nc1ccc(cc1)Cl)C)C#C,-3.9,-3.2684
C[NH+](CCOC(c1ccc(cc1)C)c1ccc(cc1)C)C.[Cl-],-3.8996725,-4.084277
CC(=O)C[C@H](c1c(=O)oc2c(c1O)cccc2)c1ccccc1,-3.89,-4.665446
C1CSC(SC1)c1ccccc1,-3.888144,-3.565998
CC(N(C(C)C)CCC(c1ccccn1)(c1ccccc1)C(=O)N)C,-3.878765,-3.5048687
Clc1cc2NC(Cc3ccccc3)NS(=O)(=O)c2cc1S(=O)(=O)N,-3.8728309,-4.4407325
Clc1ccc2c(c1)C(=NC(C(=O)N2)[n+]1ccc(cc1)C(=O)N)c1ccccc1Cl.[Cl-],-3.8726947,-3.2677088
CCOC(=O)c1c(C)ccc(c1OCC(=O)OCCN(C)C)C(C)C,-3.86371,-3.6439145
CCC(=O)OC1(C(=O)NC(=O)NC1=O)C(c1ccccc1)C,-3.8631687,-2.985821
CC1CCCCN1CCCCOC(=O)c1ccccc1,-3.8613122,-3.7294726
CCC(=O)C(c1ccccc1)(c1ccccc1)C[C@H]([NH+](C)C)C.[Cl-],-3.8532226,-4.108439
CCC(=O)C(c1ccccc1)(c1ccccc1)C[C@@H](N(C)C)C.Cl,-3.8532226,-4.087453
O=C1c2ccccc2c2c1cccc2,-3.852477,-3.1840427
CCC[C@@H](C1(CC=C)C(=O)NC(=NC1=O)[S-])C.[Na+],-3.8503635,-3.2241983
CC1CCCCC1,-3.85,-3.9471173
O=C1OC(CN(C1=O)C1CCCCC1)c1ccccc1,-3.846741,-3.3175273
CCOC(=O)N1CC=Cc2c1cccc2,-3.8426285,-3.0968711
OCC(CN(C(=O)c1c(I)c(C(=O)N(CC(CO)O)C)c(c(c1I)NC(=O)C)I)C)O,-3.842482,-3.3557558
O=C(C(c1ccccc1)O)OC1CC2CCC(C1)[N+]2(C)Cc1ccc(cc1)Cl.[Br-],-3.840004,-3.626933
CCCCOc1ccc(cc1)C(=O)OCCN(CC)CC,-3.84,-3.421302
CCCCCOc1ccc(cc1Cl)CC(=O)NO,-3.8397627,-3.7741342
CCOC(=O)c1c(C)ccc(c1OCCN(C)C)C(C)C,-3.834002,-3.3592305
OC(=O)C(=C)CC(=O)c1ccc(cc1)c1ccccc1Cl,-3.8336513,-4.816193
CC(=O)OC(CN1CCN(CC1)c1ccccc1)COc1ccccc1C(=O)C.Cl.Cl,-3.8258278,-3.6270118
CCC1CCC(C21C(=O)[N-]C(=S)NC2=O)CC.[Na+],-3.8069508,-3.5658128
OCc1c(CSSCc2cnc(c(c2CO)O)C)cnc(c1O)C,-3.8016238,-3.2756758
C=CC[N+](CCOCCC1CCC2CC1C2(C)C)(CC)CC.[Br-],-3.7997365,-3.3930454
CCOCC(Oc1ccccc1)(OC(=O)CCC(=O)[O-])C.[Na+],-3.7826786,-2.7239833
NC1c2ccccc2C=Cc2c1cccc2,-3.77873,-3.877116
ONC(=O)Cc1ccc(c(c1)Cl)OCCC(C)C,-3.7770994,-3.7345805
CCOC1=C(F)C(F)(F)C(C(C1(F)F)(F)F)(F)F,-3.7756157,-3.1331825
Cc1ccc(cc1)C(C)C,-3.77,-3.9192824
COC(=O)[C@@H](Cc1ccc(cc1)Cl)Cl,-3.77,-2.5527785
O[C@H]1CC[C@]2([C@](C1)(O)CC[C@@H]1[C@@H]2CC[C@]2([C@]1(O)CC[C@@H]2c1ccc(=O)oc1)C)C,-3.7684753,-4.1419363
C[NH+](CCN(c1ccccn1)Cc1ccc(cc1)Br)C.[Cl-],-3.7649055,-3.7512336
Cc1ccc2c(c1)c(C)cc(n2)OCCCN1CSCC1,-3.758823,-3.9810112
C1CN1P1(=NP(=NP(=N1)(N1CC1)N1CC1)(N1CC1)N1CC1)N1CC1,-3.7543995,-2.0968652
O=C1OCCN1/N=C/c1ccc(o1)[N+](=O)[O-],-3.7504313,-2.9536252
Oc1ccc2c(c1)[nH]c1c2cccc1,-3.7484014,-3.203075
N/C(=N\CCCC1CCCCC1)/CSS(=O)(=O)O,-3.7463453,-3.6929202
N/C(=N\CC1CCCCCCC1)/CSS(=O)(=O)O,-3.7463453,-3.6965091
CCCC(C)C,-3.74,-3.6651015
Nc1ccc(cc1)S(=O)(=O)Nc1nnc(s1)C(C)(C)C,-3.74,-4.131837
Brc1ccc(nc1)OCCCCCCCNCCSS(=O)(=O)O,-3.7398264,-3.3045583
CCCCC1C(=O)N(N(C1=O)c1ccc(cc1)O)c1ccccc1,-3.7329028,-4.4424624
Clc1ccc(c(c1)Cl)C1(OC1(Cl)Cl)C(=O)N,-3.7302976,-3.6038747
[O-]C(=O)c1ccc(cc1)NS(=O)(=O)Cc1ccccc1.[Na+],-3.728067,-4.462341
OC(CN1CCN(CC1)c1ccc(c(c1)C)C)COc1cccc(c1)C(=O)C,-3.7271168,-4.122809
CC[NH+](CC(C1(c2ccccc2)C(=O)Oc2c1cccc2)C)CC.[Cl-],-3.7230275,-4.3206053
CC[NH+](C(CC1(c2ccccc2)C(=O)Oc2c1cccc2)C)CC.[Cl-],-3.7230275,-4.363315
OC(=O)C(=O)[O-].CC[NH+]1CCCC(C1)OC(=O)Nc1ccccc1Cl,-3.7183888,-3.5152717
Brc1ccc2c(c1)c(nc(=O)[nH]2)c1ccccc1,-3.7106528,-4.176936
CNCCC(c1ccccc1)Oc1ccc(cc1)C(F)(F)F,-3.7101076,-4.348259
CCC(c1ccc(cc1)CC(C)C)C(=O)O,-3.7099738,-3.9808035
Cl/N=C/1\C=C(Br)C(=O)C(=C1)Br,-3.7067962,-3.8917575
OC(=O)C(=O)O.CCOc1c(OC)cccc1C(=O)NCCCN(CC)CC,-3.7044055,-3.0471907
C=CCN(c1c(C)n(c2ccccc2)c(=O)n(c1=O)C)CC=C,-3.700206,-2.7439098
CCCCOc1nc2ccccc2c(c1)C(=O)NCCN(CC)CC,-3.7,-4.8537703
Nc1ccc(cc1)S(=O)(=O)Nc1cnccn1,-3.7,-2.3822207
OC(=O)C(=O)[O-].CCCOc1c(OC)cccc1C(=O)NCCO/[NH+]=C(/CC)\C,-3.69996,-3.6683354
O=C1CC[C@]2(C(=C1)CC[C@@H]1[C@]2(F)[C@@H](O)C[C@]2([C@H]1CC[C@]2(C)O)C)C,-3.6979346,-4.4536886
CCCNC(=O)OCC(COC(=O)N)(CCCC)C,-3.6963832,-3.4626489
CCCCCCOc1ccc(cc1)N,-3.6962597,-3.1943188
CCC(=O)N(c1ccccc1)CC(N(CCc1ccccc1)C)C,-3.6944005,-4.217691
CCOC(=O)C(Br)(Br)Br,-3.693514,-2.7028675
CCCCOc1c(OC)cccc1C(=O)OCC[NH+](CC)CC.[Cl-],-3.6934435,-3.4484854
OCC(=O)[C@@]1(O)[C@H](O)C[C@@H]2[C@]1(C)C[C@@H](O)[C@]1([C@H]2CCC2=CC(=O)C=C[C@]12C)F,-3.69,-2.9737396
CO/N=C(/c1ccco1)\C(=O)N[C@@H]1C(=O)N2[C@@H]1SCC(=C2C(=O)OC(OC(=O)C)C)COC(=O)N,-3.6802163,-3.0163867
CCC(CC)C,-3.68,-3.6959052
NC(=O)CCCN/C(=C\1/C=C(F)C=CC1=O)/c1ccc(cc1)Cl,-3.6744132,-3.8659086
O=C1C[C@@H]2OCC=C3[C@H]4[C@@H]2[C@@H]2N1c1ccccc1[C@]12CCN([C@H]1C4)C3.[O-][N+](=O)O,-3.6717887,-2.86469
Clc1ccc2c(c1)nccc2OCCCCCNCCSS(=O)(=O)O,-3.6708598,-4.0532465
COc1ccc2c(c1CN(C)C)oc(c(c2=O)C)c1ccccc1,-3.667432,-4.561177
CCC(C1CCCC(C1)C)CNC(CSS(=O)(=O)O)C,-3.6654105,-3.6679194
CCn1cc(C(=O)O)c(=O)c2c1nc(nc2)N1CCCC1,-3.6641142,-3.0567732
O=C(c1ccc(cc1)F)CCCN1CCC(CC1)(N1CCCCC1)C(=O)N,-3.6626399,-3.5596788
CCCCCOc1cc(/C=C/C(=O)NO)ccc1OC,-3.6622233,-3.4762616
Fc1ccc(cc1)[C@@H]1CCNC[C@H]1COc1ccc2c(c1)OCO2.Cl,-3.6607313,-3.452762
CCOC(=O)C(c1c(=O)oc2c(c1O)cccc2)c1c(=O)oc2c(c1O)cccc2,-3.66,-4.6315923
CCOP(=S)(Oc1nn(c(n1)Cl)C(C)C)OCC,-3.66,-4.046844
O=C(Cc1ccccc1)OCCCN1CCCCC1C,-3.6574788,-3.1488705
O=C(c1ccc(c(c1)I)F)OCCC[NH+]1CCOCC1.[Cl-],-3.65677,-3.3988352
SCCNCCCCCCOc1ccc(cn1)Cl.Cl,-3.6555445,-3.3175194
CCN(CCOC(=O)C1(CCCC1)c1ccccc1)CC.Cl,-3.6545165,-3.4501653
NNc1c2ccccc2nc2c1cccc2,-3.6476488,-3.4127092
O=P(c1ccccc1)(c1ccccc1)c1ccccc1,-3.6468163,-3.6746857
OC(=O)Cc1ccc2c(c1)nc(s2)c1ccccc1,-3.6463618,-4.1950955
CN1CCCC(C1)OC(=O)Nc1c(C)cccc1Cl,-3.6459293,-3.5621219
CCC(C1(CC)C(=O)NC(=S)NC1=O)C,-3.6368792,-2.5309963
CC(c1ccc2c(c1)nc(o2)c1ccc(cc1)C(=O)C)C(=O)O,-3.6367111,-4.6724644
CCOC(=S)c1ccc(cc1)Cl,-3.6331873,-3.0199003
OC[C@H]1O[C@@H](Oc2cc3CC[C@@H](c4c(c3c(c2OC)OC)ccc(c(=O)c4)SC)NC(=O)C)[C@@H]([C@H]([C@@H]1O)O)O,-3.630411,-2.1452484
COc1ccc(cc1)C(=O)OCCCN1CCCCC1C,-3.6275194,-3.6342354
O=C1C=C[C@]2(C(=C1)CC[C@@H]1[C@]2(F)[C@@H](O)C[C@]2([C@H]1C[C@H]([C@]2(O)C(=O)COC(=O)c1cccc(c1)S(=O)(=O)[O-])C)C)C.[Na+],-3.6187844,-2.9211168
CCN(CCOC(=O)CC(c1ccccc1)(c1ccccc1)O)CC.Cl,-3.615018,-3.4094124
COc1ccc(cc1)C1CCC2N(C1)CCCC2.Cl,-3.6117587,-2.9886136
CCN1CCCC(C1)OC(=O)C(c1ccccc1)(C1CCCC1)O,-3.6060827,-3.7220087
CCCCCCCSCCCN1CCSC1.Cl,-3.5961876,-3.37921
FCCCCCCCC#C,-3.5954442,-3.5439234
N#CC(c1ccccc1)CC(=O)c1ccccc1,-3.5912788,-3.1669126
CC(=O)C1C(=O)C=C2C(C1=O)(C)c1c(O)c(C)c(c(c1O2)C(=O)C)O,-3.590214,-3.5673003
Clc1ccc(c(c1)Cl)Cl,-3.59,-3.6646423
O=S1(=O)N[C@@H](Cc2ccccc2)Nc2c1cc(c(c2)C(F)(F)F)S(=O)(=O)N,-3.59,-4.4367437
Nc1ccc(cc1)S(=O)(=O)N(c1onc(c1C)C)C(=O)C,-3.59,-3.1444283
CCCC[C@H](/C=C(/C=C/C=C/C(=O)N1CCCC1=O)\C)O,-3.5842342,-3.1445718
CCC(=O)OC1(CCN(CC1)C)C1CCCCC1.Cl,-3.5842173,-2.947466
CC(=O)Nc1ccc(cc1)S(=O)(=O)c1ccc(cc1)NC(=O)C,-3.576257,-2.5489945
CCCc1cc(Cl)ccc1OCC(CO)O,-3.5757473,-3.3301039
Cc1ccc(cc1)/C(=C\CN1CCCC1)/c1ccccn1,-3.570418,-3.6020975
CCC(=O)c1ccc(cc1)OCC(CN1CCN(C(C1)C)c1ccccc1)O,-3.5697987,-3.8328173
OCC(COc1c(Cl)cc(cc1Cl)Cl)O,-3.5657423,-2.850318
CN1CCN(CC1)C(c1ccc(cc1)Cl)c1ccccc1.Cl.Cl,-3.5639763,-2.9737425
CCCNCC(COc1ccccc1C(=O)CCc1ccccc1)O,-3.5635397,-3.3933814
CN(CCOC(c1ccc(cc1)Cl)c1ccccc1)C.Cl,-3.560289,-3.291647
CN(C(c1ccc(cc1)Oc1ccccc1)C)C,-3.5571923,-3.7452738
COc1c(OC)cc2c(c1OC)c1ccc(cc1[C@H](CC2)NC(=O)C)O,-3.5531619,-3.5762959
CC([N+](C(C)C)(CCC(c1ccccc1)(c1ccccc1)C(=O)N)C)C.[I-],-3.547138,-2.532806
CCC1CC[Si](CC21C(=O)NC(=O)NC2=O)(C)C,-3.5456698,-3.203398
CCOC(=O)C(Oc1ccc(cc1)Cl)(C)C,-3.5454643,-3.3485763
Brc1cccc(c1)Br,-3.54,-3.4080482
O=C(N[C@@H]1C(=O)N2[C@@H]1SC([C@@H]2C(=O)O)(C)C)COc1ccccc1,-3.5397992,-2.9053996
O=CN(/C(=C(\SC(=O)c1ccccc1)/CCOP(=O)(O)O)/C)Cc1cnc(nc1N)C,-3.5391142,-3.0813718
Brc1ccc(nc1)OCCCCCN1CSCC1.Cl,-3.5361452,-3.4701254
Brc1cccc(n1)OCCCCCN1CSCC1.Cl,-3.5361452,-3.3993404
O[C@H]([C@H](C(=O)O)O)C(=O)O.CC(=O)Oc1ccc2c(c1)[C@]13CCCC[C@H]3[C@@H](C2)N(CC1)C,-3.528878,-3.9347286
C=CCNC(=O)/C(=C(\c1ccccc1)/C)/C,-3.5282154,-3.2602997
Clc1ccc(nc1)OCCCCCCN1CSCC1.Cl,-3.5280201,-3.435143
Nc1oc2c(n1)cc(c(c2)Br)Cl,-3.527837,-3.3525662
OCC[N+]1(CCOCC1)C1N=C(c2c(NC1=O)ccc(c2)Cl)c1ccccc1Cl.[Cl-],-3.5174773,-5.4352584
c1ccc(cc1)Nc1ccccc1,-3.51,-3.4410114
CNCCCC12CC3CC(C2)CC(C1)C3.Cl,-3.505683,-3.595389
Clc1ccc2c(c1)C(=NC(C(=O)N2C)[n+]1ccc(cc1)C(=O)N)c1ccccc1.[Cl-],-3.5048666,-2.736365
c1ccc(cc1)CCNCC1CCc2c(N1)cccc2,-3.498658,-3.6761975
CC1=NN(C(=O)C1)CCOc1ccc2c(c1)cccc2,-3.4972904,-4.1974707
ClCCN(C(=O)NC1CCCCC1Cl)N=O,-3.4874933,-3.3712754
CCCCCCCCN1CCCC1=O,-3.4856157,-2.959884
O=C(C(c1ccccc1)CN1CCCC1)c1cccs1.Cl,-3.4823651,-3.3025584
CCOC(=O)/C=C/c1ccc(cc1)[N+](=O)[O-],-3.4808912,-3.206365
CCCCCCCC1(C)OC(=O)[N-]C1=O.[Na+],-3.470088,-3.251474
Nc1ccc2c(c1)cc1c(n2)ccc(c1)[NH3+].[Cl-],-3.4697778,-2.9328232
O=C(N1CCCCC1)/C=C/C=C/c1ccc2c(c1)OCO2,-3.46,-4.1285753
O=C(N(C)C)Nc1ccc(c(c1)Cl)C,-3.46,-3.010185
C=CCc1cc(Cl)ccc1OCC(CO)O,-3.4450498,-2.9391854
CC[N+](CCn1c2ccccc2n(c(=O)c2c1cccc2)C)(CC)C.[I-],-3.4424975,-3.367359
CCC[C@H](C1(CC)C(=O)[N-]C(=S)NC1=O)C.[Na+],-3.4398572,-3.1520123
COc1ccccc1N1CCN(CC1)CCCC(=O)c1ccc(cc1)F,-3.439718,-3.9614472
CCN(CCn1cc(c2c1cccc2)C1CCCN1C)CC.Cl.Cl,-3.4374452,-4.191295
CCCCC(COC(=O)N)(COC(=O)NNC(C)C)C,-3.4320788,-2.8653836
CC(=O)Nc1ccc(cc1)/C=N/NC(=S)N,-3.4289682,-2.2829258
O=Cc1cc(Br)cc(c1O)Br,-3.4217203,-3.3589776
ClCCN(C(=O)N[C@H]1[C@@H](OC(=O)C)O[C@@H]([C@H]([C@@H]1OC(=O)C)OC(=O)C)C)N=O,-3.416578,-1.9500234
CN1CCCC(C1)OC(=O)Nc1c(C)cccc1C,-3.4145646,-3.285017
CN(C1CN(C(=O)C1)c1ccccc1)CCc1ccccc1,-3.408237,-3.7134786
CCCC(C1(CC)C(=O)NC(=S)NC1=O)C,-3.4021032,-3.0150685
Oc1ccc(cc1)Cc1ccccc1,-3.4008682,-3.209877
CN[C@@H]1CC[C@H](c2c1cccc2)c1ccccc1.Cl,-3.4000132,-3.1155825
Cc1cc(C)cc(c1)C,-3.4,-3.4370954
CCN(C(=O)SCC)C1CCCCC1,-3.4,-3.3390584
CCN1CCCC(C1)OC(=O)C(c1ccccc1)(c1ccccc1)O,-3.3972178,-3.275605
O=C1NCC(O1)COc1cc(C)cc(c1)C,-3.387192,-2.2305899
c1ccc(cc1)c1nc2c([nH]1)cccc2,-3.3850248,-3.2174015
CC[C@H](c1cc(cc(c1O)[N+](=O)[O-])[N+](=O)[O-])C,-3.38,-3.3533008
CCOC(=O)c1ncn2c1CN(C)C(=O)c1c2ccc(c1)F,-3.3760116,-2.5501325
CC(=O)OC(COc1ccccc1C)COC(=O)C,-3.3722813,-3.0097446
CC[NH+](CCOC(=O)c1cccc2c1cccc2)CC.[Cl-],-3.3710227,-4.6278152
CCOC(=O)C[C@@H](C(=O)OCC)SP(=S)(OC)OC,-3.37,-2.910328
Clc1cc(Cl)c(c(c1Cl)O)Cl,-3.37,-3.1835456
CCN1CCCC(C1)OC(=O)Nc1cccc(c1)C,-3.3658075,-3.4278753
CCN1CCCC(C1)OC(=O)Nc1ccccc1C,-3.3658075,-3.415248
Clc1ccc(cc1)SCC/N=C(/CSS(=O)(=O)O)\N,-3.362308,-3.041583
CCCCN(C(=O)SCCC)CC,-3.35,-3.1604588
CCOP(=S)(N1C(=O)c2c(C1=O)cccc2)OCC,-3.35,-3.8870454
O=c1[nH]c2c3c1cccc3ccc2,-3.3492608,-2.734592
CCN(C(C(=O)Nc1c(C)cccc1C)C)CC,-3.3435607,-3.0712562
COC(=O)c1c(C)ccc(c1OCC(=O)OCCN(C)C)C(C)C,-3.3434741,-3.4031715
OC(=O)C(CC(=O)O)(CC(=O)O)O.CCOC(=O)C1(CCCN(CC1)C)c1ccccc1,-3.3426986,-3.0545578
CCCc1cccc(c1OCC(CO)O)C,-3.3422291,-2.9266515
Oc1ccc(cc1)/C=C/C(=O)c1ccccc1O,-3.3392851,-3.4361415
OCC(COc1ccccc1C(=O)NC1CCCCC1)O,-3.3370717,-2.7088892
C1CCN2C(C1)CCC(C2)c1ccccc1.Cl,-3.3328664,-2.467473
CC(CC1(OC(=O)[N-]C1=O)c1ccccc1)C.[Na+],-3.331417,-3.2624822
N#Cc1cc(Br)c(c(c1)Br)O,-3.33,-3.3155956
COc1cccc(c1)NC(=O)CN1CCCCC1,-3.3260946,-2.6079507
COc1cc(/C=C/C(=O)CCN2CCN(CC2)c2ccccn2)cc(c1OC)OC.Cl.Cl,-3.3253849,-3.3357897
CCCCCCCCNCCCNCCSP(=O)(O)O.CCCCCCCCNCCCNCCSP(=O)(O)O.O.O.O,-3.3243237,-3.2020757
CCN(CC#CCOC(=O)C(c1ccccc1)(C1CCCCC1)O)CC.Cl,-3.323834,-3.8412366
ClCCN(C(=O)NC1CCCCC1)N=O,-3.3221562,-3.207967
COc1ccc(cc1)C1CCN(C1=O)N1CCCCC1.Cl,-3.3193254,-2.7220588
Ic1cc(I)c(c(c1)C(=O)O)O,-3.31,-4.1089854
Clc1ccc(cc1)C(=O)Nc1ncccc1C,-3.3057988,-3.5712233
Ic1ccc2c(c1)nc(o2)N,-3.3044405,-3.0841565
CCCCCCCCCCCCN(C)C.Cl,-3.3042872,-4.190355
CCCCCCCCOC(=O)N,-3.3,-2.828467
CCCCc1cccc(c1)OCC(CO)O,-3.2977507,-2.9821758
ClCCC(=O)NCc1ccccc1,-3.2959232,-1.649055
CC(c1ccc(c(c1O)C(=O)O)C)C,-3.2883162,-2.873724
COc1ccc(nn1)NS(=O)(=O)c1ccc(cc1)N,-3.28,-2.78694
CCCCNC(=O)OCC(CCC)(CO)C,-3.2778833,-3.0091062
CC(OC(=O)c1ccccc1)CN1CCCCC1C,-3.2773683,-3.162327
SC/C(=N\CCCC12CC3CC(C2)CC(C1)C3)/N.Cl,-3.2771864,-3.2880063
Ic1ccc(nc1)OCCCCCNCCSS(=O)(=O)O,-3.2767324,-2.759438
Oc1cccc(c1)C(C1CCCCN1C)c1ccccc1.Cl,-3.2717829,-2.75359
CC1=CCCCC1,-3.27,-3.0994997
CC(=O)CCC1C(=O)N(N(C1=O)c1ccccc1)c1ccccc1,-3.27,-3.2292633
C[NH2+]CC=C(c1cccc(c1)F)c1cccc(c1)F.[Cl-],-3.2695394,-3.0234358
C/C(=C\C(=O)O)/C1CCCCC1,-3.265924,-2.7071865
Clc1ccc2c(c1)C(=NC(C(=O)N2C)O)c1ccccc1,-3.2636151,-3.4505658
CCCN(CCC)CCOCCCOC(=O)c1ccc(cc1)N,-3.2629483,-3.014836
CCC(C(c1ccccc1)(C(=O)N)CCN(C)C)C,-3.2605963,-2.9473894
CCCCCOC(=O)c1ccc(cc1)N,-3.26,-2.9978876
OC(=O)/C=C/c1ccc(c(c1)Cl)Cl,-3.2573686,-2.8843172
CN(CC=C(c1ccccc1)c1ccc(cc1)F)C.Cl,-3.2528887,-2.95659
CC(=O)Nc1ccc(cc1)I,-3.25,-3.0042877
COC1=CC(=O)C[C@H]([C@@]21Oc1c(C2=O)c(OC)cc(c1Cl)OC)C	,-3.25,-3.7803845
CC1N(C)C(=N)SC1c1ccccc1.SC#N,-3.2477982,-3.2365496
Nc1ccc(c(c1)Cl)Cl,-3.24,-1.964535
CC(=O)Nc1cc(NS(=O)(=O)C(F)(F)F)c(cc1C)C,-3.24,-3.676403
CCNc1nc(OC)nc(n1)NC(C)(C)C,-3.24,-2.9232352
OCC(=O)[C@H]1CC[C@@H]2[C@]1(C)C[C@H](O)[C@H]1[C@H]2CCC2=CC(=O)CC[C@]12C	,-3.24,-3.3926077
Cc1n(C)c(=O)n(c(=O)c1Br)C1CCCC1,-3.2380114,-3.0260217
NC(=O)C(c1cccc2c1cccc2)(CCN1CCOCC1)CCN1CCOCC1,-3.2360206,-3.93405
CCC(C(c1ccccc1)(C(=O)N)CCN1CCOCC1)C,-3.23552,-3.0357962
OCC(COc1cccc2c1CCCC2)O,-3.2329648,-2.5213718
CCOC(=O)c1c(C)ccc(c1OCC(CNCC#C)O)C(C)C,-3.230746,-3.4397185
O=C1C=CC=CC1=c1sc2c([nH]1)cccc2,-3.2271955,-3.6313756
CN(C/C=C(\c1cccnc1)/c1ccc(cc1)Br)C,-3.2185256,-3.314913
CCCC(COC(=O)NCC(C)C)(CO)C,-3.215024,-2.9386897
C=CCc1cc(C)ccc1OCC(CO)O,-3.2133694,-2.3883326
CCc1ccccc1C,-3.21,-3.2517362
OCC(=O)[C@@]1(O)CC[C@@H]2[C@]1(C)C[C@@H](O)[C@H]1[C@H]2CCC2=CC(=O)C=C[C@]12C,-3.21,-2.8382754
Clc1ccc2c(c1)N(C(=O)CC(=O)N2C)c1ccccc1,-3.2038052,-4.1939826
CCCC(COC(=O)NCC(=C)C)(CO)C,-3.196089,-2.7939196
CC(C(c1ccccc1)(C#N)CC(N(C)C)C)C,-3.1921697,-3.5528457
Cc1ccnc2c1[nH]c(=O)c1c(n2C2CC2)nccc1,-3.19,-3.3150895
NC(=O)C(c1ccccc1)(CCN1CCOCC1)CCN1CCOCC1,-3.1778803,-1.8660722
CCCCC(COC(=O)N)(COC(=O)NC)CC,-3.1749816,-3.06639
CCOC(=O)CCn1c(=N)oc2c1cccc2,-3.1737893,-2.4930744
CCCOc1c(OC)cccc1C(=O)OCC[NH+](CC)CC.[Cl-],-3.1734173,-3.0052137
O=C1NC(=O)NC(=O)C21CCCCCC2,-3.17,-1.9157579
COc1cc(OCCCCCNCCSS(=O)(=O)O)nc2c1cccc2,-3.157007,-2.9274964
CN1C2CCC1CC(C2)Oc1ccc(cc1)Cl.Cl,-3.156516,-3.074232
C=CCOc1ccccc1C(=O)N(CC)CC,-3.1557477,-2.7872033
COc1ccc(cc1OC)CCNCc1ccc2c(n1)cccc2.Cl.Cl,-3.151349,-3.892039
Clc1c(O)cc(c(c1Cl)Cl)Cl,-3.15,-3.177301
CN(CCn1nnnc1SCC1=C(C(=O)O)N2[C@H](SC1)[C@@H](C2=O)NC(=O)Cc1csc(n1)N)C,-3.1488473,-2.4488232
O=Cc1csc(n1)c1ccc(s1)[N+](=O)[O-],-3.147669,-2.936339
Cc1ccc(cc1C)[NH2+]C(=O)c1ccncc1.[Cl-],-3.1407676,-2.4305537
SCCNCCCCCOc1ccc(cn1)Cl.Cl,-3.1371045,-2.9236832
S=C=NCc1ccccc1,-3.1363742,-2.057532
CC1Oc2ccc(cc2N(C1=O)CC[NH+]1CCCC1)Cl.[Cl-],-3.1363235,-3.2063637
CCCC(C(=O)Nc1ncccn1)CCC,-3.1301453,-3.5073738
C=CCOC(=O)c1ccccc1C(=O)OCC=C,-3.13,-2.9935648
Cc1ccc(cc1)SCC/N=C(/CSS(=O)(=O)O)\N,-3.1291697,-2.474548
CCCC(C1(CC)C(=O)N(C)C(=O)N(C1=O)C)C,-3.1289358,-3.044394
CCCCN(CCCC)CCCC,-3.12,-3.3936665
O=C(c1ccccc1)c1ccccc1,-3.12,-2.7439373
CCCNC(=O)OCC(C(C)C)(COC(=O)N)C,-3.112335,-2.8386455
COc1cc(cc(c1OC)OC)C(=O)N(C(C)C)C(C)C,-3.1105442,-3.1474319
OC(CN1CCCCC1)COc1cccc2c1cccc2.Cl,-3.1097066,-3.8119462
COC/C=C/1\CN2[C@@H]3[C@@H]4[C@@H]1CC2C1(C3)C(=Nc2c1c(OC)c(OC)cc2OC)OC4,-3.1075532,-3.1176505
CCC1CN(C)CCC1(OC(=O)C)c1ccccc1.Cl,-3.0973814,-2.691689
O[C@@H]1CC[C@@H](O)[C@H](O)C[C@H](O)C[C@]2(O)C[C@H](O)[C@H]([C@@H](O2)C[C@H](/C=C/C=C/C=C/C=C/C=C/C=C/C=C/[C@@H]([C@H]([C@H]([C@@H](OC(=O)C[C@@H](C1)O)C)C)O)C)O[C@@H]1O[C@H](C)[C@H]([C@@H]([C@@H]1O)N)O)C(=O)O,-3.0906534,-3.71094
C[C@H]1C(=O)O[C@@H]2[C@@H]1CC[C@]1(C2=C(C)C(=O)C=C1)C,-3.09,-2.247383
CCCCOC(=O)c1ccc(cc1)N,-3.08,-2.544589
Cc1c2OC(C)(CCc2c(c(c1C)O)C)C(=O)O,-3.078304,-3.5071316
N#Cc1cc([N+](=O)[O-])c(c(c1)[N+](=O)[O-])Cl,-3.0692942,-3.2324753
CCN(C(=O)C1C2C=CC(C1C(=O)N(CC)CC)C2)CC,-3.0680716,-2.639325
OC(=O)Cc1ccc(n1C)C(=O)c1ccc(cc1)C,-3.0646555,-2.9677963
CN1CC2CC1N(CC2)C(=O)/C=C/c1ccc(s1)[N+](=O)[O-],-3.0644128,-2.6932592
CN1CCC2CC1N(C2)C(=O)/C=C/c1ccc(s1)[N+](=O)[O-],-3.0644128,-2.6869664
Cc1ccc(c(c1)Cl)C1(OC1Cl)C(=O)N,-3.0586503,-2.6745024
Clc1ccc(nc1)OCCCCCN1CSCC1.Cl.Cl,-3.0549223,-2.782632
CCCCCCOc1ccccc1C(=O)N,-3.0547242,-3.3933434
CCOc1ccc(cc1Cl)/C=C/C(=O)NO,-3.0528107,-3.1420445
CC(C(COC(=O)N)(COC(=O)NC(C)C)C)C,-3.0500429,-2.761001
O=C(c1ccncc1)N/N=C/C=C/c1ccccc1,-3.047991,-2.4910781
COc1ccc2c(c1)[C@]13CCCC[C@H]3[C@@H](C2O)N(CC1)C.Cl,-3.0479608,-2.8692389
CC(=O)O[C@@H]1[C@H](OC(=O)C)[C@H](O[C@H]1n1ncc(=O)[nH]c1=O)COC(=O)C,-3.046241,-2.222938
CCCC(C1(CC)C(=O)NC(=O)N(C1=O)C)C,-3.0457027,-2.7701144
Nc1nnc(c(n1)c1ccccc1)c1ccccc1,-3.0447094,-3.2484703
FCCCCCCSC#N,-3.0431147,-3.0427036
C=CCNC(=O)OCC(COC(=O)N)(CC)CC,-3.0429387,-2.638924
CCC(C(COC(=O)N)(COC(=O)N(C)C)C)C,-3.042619,-2.843979
CCNc1nc(NC(C)C)nc(n1)SC,-3.04,-3.1087158
Cc1cc(C)c(c(c1C)C(=O)O)C,-3.0334992,-3.251785
OC(=O)CNC(=O)c1cccc(c1)I,-3.0304713,-2.891442
CS(=O)(=O)c1ccc(cc1)c1nc2n(c1)cccc2.Cl,-3.0302567,-2.4766212
CCCC(=C)C,-3.03,-3.0767088
O=C(Nc1ncco1)Nc1ccc(cc1)Cl,-3.02762,-3.180902
CC(N(C(C)C)CC(=O)N/N=C/c1ccc(o1)[N+](=O)[O-])C,-3.0246131,-2.8073518
Oc1ccc(cc1)C(=O)OCCCN1CCCCC1C,-3.0198042,-3.188901
CC[NH+](CCN1C(=O)C(C)Oc2c1cc(C)cc2)CC.[Cl-],-3.0196483,-2.852757
ClCCN(C(=O)N[C@@H]1CCCC[C@@H]1OC(=O)C)N=O,-3.0187576,-2.8991778
Clc1ccc2c(c1)CN(OC2)CCc1cc[nH+]cc1.[Cl-],-3.0159266,-2.773335
COc1nc2c(o1)ccc(c2)Cl,-3.0158782,-2.628459
CCCCC(COC(=O)NNC(C)C)(CO)C,-3.0149775,-2.5306377
CCC(=O)N1Cc2cc(Cl)ccc2CO1,-3.0130336,-2.8782823
CCCCCCCCCO,-3.01,-3.0160098
Cn1cnc(c1Sc1ncnc2c1[nH]cn2)[N+](=O)[O-],-3.0078428,-2.7695026
CCN(CCC1(CCC(=O)NC1=O)c1ccccc1)CC.Cl,-2.999798,-2.7747412
OC(=O)/C=C/c1cccc(c1)[N+](=O)[O-],-2.998111,-2.401068
[O-][N+](=O)c1ccc(o1)c1nnc(s1)N,-2.9942722,-2.7138228
Clc1ccc(cc1)Nc1ncnc(n1)N,-2.985449,-2.3838174
OCCOCCN1CCN(CC1)C(c1ccc(cc1)Cl)c1ccccc1.Cl,-2.9827857,-3.2881646
CCn1cc(C(=O)O)c(=O)c2c1nc(nc2)N1CCNCC1,-2.98,-2.7177844
CN(C(=O)C(c1ccccc1)c1ccccc1)C,-2.98,-2.9925075
OC(=O)C(=O)[O-].CC[NH+]1CCC(C1)OC(=O)Nc1ccccc1C,-2.9791505,-2.9044106
CCOc1ccc(cc1)C(=O)CCN1CCCCC1.Cl,-2.9770286,-2.868105
OCC(=O)[C@@]1(O)CC[C@@H]2[C@]1(C)C[C@@H](O)[C@H]1[C@H]2CCC2=CC(=O)CC[C@]12C,-2.97,-3.2595453
CN1CCN(CC1)CC(=O)N/N=C/c1ccc(o1)[N+](=O)[O-],-2.9683814,-2.5987144
Cc1ccc2c(c1)c(C)cc(n2)OCCCNCCSS(=O)(=O)O,-2.9656227,-2.7557201
O=c1[nH]c2c([nH]1)[nH]cnc2=O,-2.95945,-1.5532877
CCN(CCC1(CCC(=O)NC1=O)c1ccccc1)CC,-2.9563272,-2.9776406
OC[C@H]1O[C@@H](Oc2cc3CC[C@@H](c4c(c3c(c2OC)OC)ccc(c(=O)c4)OC)NC(=O)C)[C@@H]([C@H]([C@@H]1O)O)O,-2.9552407,-1.5068128
CN(CC=C(c1ccccc1)c1ccccc1)C.Cl,-2.9545662,-2.9299219
O=C1[N-]C(=O)C(C(=O)N1)(c1ccccc1)c1ccccc1.[Na+],-2.951471,-3.3881736
COc1cccc(c1)N1CCN(CC1)CC(COc1ccccc1C(=O)C)O.Cl.Cl,-2.9510186,-2.8391397
CCCCN1C(=NC(=O)C(C1=O)(CC)CC)[O-].[Na+],-2.946017,-3.0125687
CCCOc1ccc(cc1N)C(=O)OCCN(CC)CC,-2.9431086,-3.0576715
CN1CCc2c(C1)cccc2NC(=O)c1ccccc1,-2.9383044,-3.8714998
O=C(Cc1ccc(cc1)C)OC1C[C@@H]2CC[C@H](C1)N2C.Cl,-2.9360347,-2.759878
C/C(=C\c1ccccc1)/[N+](=O)[O-],-2.9339027,-2.4941568
O=C(NC(C)(C)C)Oc1cccc(c1)NC(=O)N(C)C,-2.93,-2.9814656
CC(NC12CC3CC(C2)CC(C1)C3)C.Cl,-2.926766,-3.0263882
Cc1nc2ccccc2c(=O)n1c1ccccc1C,-2.92,-3.902948
CCOC(=O)c1cc(=O)c2c(o1)ccc(c2)[N+](=O)[O-],-2.9192348,-3.025712
O=C1NC(=O)NC(=O)C1(c1ccccc1)c1ccccc1,-2.9182947,-3.191298
CCNc1nc(CC)nc(n1)OC,-2.9142597,-2.0030124
O=C1C(CCN1c1ccc(cc1)C)N1CCCC1,-2.907984,-2.8707495
Oc1ccc2c(c1)c(N)c1c(n2)cccc1,-2.9060667,-3.4924655
Oc1cccc2c1nc1ccccc1c2N,-2.9060667,-3.6986005
Cc1ccc2c(c1)c(nc(=O)[nH]2)c1ccccc1,-2.905364,-3.4849386
N[C@@H]1CC[C@@H](c2c1cccc2)c1ccccc1.Cl,-2.9027174,-2.8773763
Clc1ccc2c(c1)n(C)c(=N)o2,-2.901682,-2.2108886
OCCN1CCN(CC1)CCSC(=O)N1c2ccccc2Sc2c1cccn2.Cl.Cl,-2.9001489,-4.056303
C1CCC2(CC1)OCCS2,-2.8983383,-1.8735099
CN(C(=O)/C(=C(/c1ccccc1)\C)/C)C,-2.8981721,-2.4880862
O=C1C(CCc2c1cccc2)C[NH+]1CCCCC1.[Cl-],-2.894192,-2.9679227
OC(=O)c1ccc(nc1)SSc1ccc(cn1)C(=O)O,-2.893514,-2.7538981
CN1[C@@H]2CC[C@H]1CC(C2)OC(=O)C(=C)c1ccccc1,-2.892841,-3.1711507
O=C(N1CC(=O)N2C(C1)c1ccccc1CC2)C1CCCCC1,-2.8926692,-3.5704837
[O-][N+](=O)c1cc(cc(c1)[N+](=O)[O-])[N+](=O)[O-],-2.89,-3.64754
Nc1ccc(cc1)C(=O)Nc1ccc(c(n1)C)C,-2.8814874,-2.9373722
CN1CCN(CC1)C(c1ccc(cc1)Cl)c1ccccc1,-2.8792026,-3.4856253
CC(C(=O)c1ccccc1)CN1CCCCC1,-2.8776767,-3.0916805
CCCCC1(CCCC)C(=O)NC(=O)NC1=O,-2.8756092,-3.090965
COc1ccccc1N1CCN(CC1)CC(COc1ccccc1C(=O)C)O,-2.8755994,-3.1266572
COc1ccccc1N1CCN(CC1)CC(COc1cccc(c1)C(=O)C)O,-2.8755994,-3.1247606
OCC/C(=C(\N(Cc1cnc(nc1N)C)C=O)/C)/SSCC1CCCO1,-2.8736632,-2.9543114
COc1ccoc2c1c(=O)c1c(c2OCC(C[NH2+]C(C)C)O)oc(c1)C.[Cl-],-2.8721802,-2.3885598
CCOC(=O)C(C(=O)C)/N=N/c1ccccc1,-2.8658981,-2.5388217
CNC(=O)Oc1ccccc1C(C)C,-2.86,-2.893543
CCCCCCCCCCNCCSS(=O)(=O)O,-2.8585489,-2.6281188
O=C(C(c1ccccc1)(c1ccccc1)O)OCCN1CCCCC1.Cl,-2.8573937,-3.1974082
COC1=CC(=O)O[C@H](C1)/C=C/c1ccc2c(c1)OCO2,-2.8539634,-3.087333
CCCC([NH+](CC)CC)CCC.[Cl-],-2.8522334,-1.6017311
CN1CCN(CC1)CN1C(=O)NC(C1=O)(c1ccccc1)c1ccccc1,-2.8506737,-2.9514565
O=C(c1ccccc1)Oc1ccccc1,-2.85,-3.441806
Nc1ccc(cc1)S(=O)(=O)Nc1nccc(n1)C,-2.85,-2.5811667
CCC(=O)N1CCN(CC1)CC=Cc1ccccc1,-2.8487525,-2.1088834
FC(Oc1cccc(c1)NC(=O)c1cccnc1)F.Cl,-2.8487093,-3.3260605
CN1CCCC(C1)OC(=O)Nc1ccccc1C,-2.8447938,-3.0238385
OC(COc1ccc(cc1)CCOCC1CC1)CNC(C)C,-2.8338642,-3.339097
CC[C@H]1[C@@H]2C[C@@H]3N([C@@H]1O)[C@@H]1[C@H]2[C@@H](O)[C@]2([C@H]3N(C)c3c2cccc3)C1,-2.8238733,-3.021758
Cc1cccc(c1)C,-2.82,-2.8656697
COc1cc(cc(c1)[N+](=O)[O-])[N+](=O)[O-],-2.8137999,-2.5968747
NC1=NCC(O1)CN1CCN(CC1)c1ccc(cc1)Cl,-2.810347,-2.804763
C=C[C@H]1CN2CC[C@H]1C[C@@H]2[C@H](c1ccnc2c1cc(OC)cc2)O	,-2.81,-3.4552636
Cn1c(=O)n(c2ccccc2)c(c(c1=O)N1CCCC1)C,-2.8089695,-2.8432522
S=C(Nc1nccs1)Nc1ccccc1,-2.8069983,-3.1694167
COC(=O)C1=CO[C@H]([C@H]2[C@@H]1C[C@H]1N(C2)CCc2c1[nH]c1c2cc(c(c1)OC)OC)C,-2.8026295,-3.829415
OC(=O)c1ccc(cc1)[N+](=O)[O-],-2.8,-2.1632643
S=c1ccc2c([nH]1)cccc2,-2.7991843,-2.3227544
CCCCCCCCC(NCCSS(=O)(=O)O)C,-2.795839,-2.564344
CCC(=O)O[C@]12C=CC(=O)[C@H]3[C@]42CCN([C@@H]1Cc1c4c(O3)c(cc1)OC)C,-2.7915425,-2.7452931
CCOC(=O)N1C(=O)c2c(C1=O)cccc2,-2.7868283,-2.0697076
OP(=O)(O)O.OP(=O)(O)O.OP(=O)(O)O.CCN(CCCC(NCC1CC2CCN1CC2)C)CC,-2.785971,-0.26812297
Nc1cc(c(c2c1C(=O)c1c(C2=O)c(N)cc(c1O)S(=O)(=O)[O-])O)S(=O)(=O)[O-].[Na+].[Na+],-2.7839787,-1.1442885
[O-][N+](=O)c1ccc(o1)c1n[nH]c(=O)[nH]c1=O,-2.7823021,-2.2405074
CN(S(=O)(=O)c1ccc(cc1)Br)C,-2.7813478,-2.5345907
CCOc1ccc2c(c1C(=O)N[C@@H]1C(=O)N3[C@@H]1SC([C@@H]3C(=O)[O-])(C)C)cccc2.[Na+],-2.7752535,-4.0440116
CCCc1ccccc1OCC(CO)O,-2.7750087,-2.2464023
CC(CCn1c(=O)c2n(C)cnc2n(c1=O)C)C,-2.7741823,-2.395236
CCCOc1ccc(cc1)/C=C/C(=O)NO,-2.7731862,-2.498545
OC(=O)Cc1ccc2c(c1)[nH]/c(=C/1\C=CC=CC1=O)/s2,-2.7722807,-3.1696305
Clc1cccc(c1)[N+](=O)[O-],-2.77,-2.551941
CC#CC#CC(=O)c1ccccc1,-2.769447,-2.3882694
CN1CCCC(C1)OC(=O)C(c1cccs1)(c1ccccc1)O,-2.7660434,-2.8638158
OC(=O)C(=O)O.CN(CCCC1OC(c2c1cccc2)(C)C)C,-2.7654324,-3.394208
[O-]S(=O)(=O)c1cccc(c1)/N=N/c1ccc(cc1)Nc1ccccc1.[Na+],-2.7653806,-3.0317554
CC[NH+](CCOC(=O)C(=C)c1ccccc1)CC.[Cl-],-2.7645864,-2.247668
OC(=O)Cc1cccc(c1)C(=O)c1ccccc1,-2.7636776,-3.2200317
OC(=O)Cc1ccccc1C(=O)c1ccccc1,-2.7636776,-3.1736245
CCC(C(=O)NC(=O)NC(=O)C)(CC)Br,-2.7589977,-2.4067616
CN(c1c(=O)n(Cc2ccccc2)c(=O)n(c1C)C)C,-2.7500606,-2.4246318
CCCCCCCCC(=O)O,-2.75,-2.5856664
COc1cc(Cc2cnc(nc2N)N)cc(c1SC)OC,-2.7496307,-2.9518228
CCNC(Cc1cccc(c1)C(F)(F)F)C,-2.7489963,-2.6915178
CN1CCN(CC1)CC(C(=O)c1ccccc1)c1ccccc1.Cl.Cl,-2.7449894,-1.8618047
O=C1NC(=O)[C@@](C(=O)N1C)(C)C1=CCCCC1,-2.74,-2.4228005
CC(=O)c1c(O)cc(c(c1O)C(=O)C)O,-2.7348907,-1.818358
OC(COc1cc(C)c(c(c1C)C)OC(=O)C)CNC(C)C,-2.7201185,-3.0829656
C[NH+](CCN(c1ccccc1)Cc1cccs1)C.[Cl-],-2.7128794,-2.8078446
COc1cc(/C=C/C(=O)N2CCN(CC2)CC(=O)N2CCCC2)cc(c1OC)OC,-2.7106256,-2.4213638
CCC1=NCCS1,-2.7073214,-1.0882398
CN1CCOC(c2c(C1)cccc2)c1ccccc1.Cl,-2.703191,-2.9362483
CCC1(C(=O)NC(=O)NC1=O)C1=CC[C@H]2C[C@@H]1CC2,-2.7,-2.584056
OCc1ccccc1OCc1ccccc1,-2.6995056,-3.4869535
Brc1cccc(n1)OCCCCCNCCSS(=O)(=O)O,-2.6971445,-2.171988
CC[C@H](NC(=O)[C@H]1CN(C)[C@H]2C(=C1)c1cccc3c1c(C2)c[nH]3)CO,-2.6912837,-3.0416608
N/C(=N\CCSCc1ccccc1)/CSS(=O)(=O)O,-2.6908336,-2.7733655
CCC[C@H](C1(CC)C(=O)[N-]C(=O)NC1=O)C.[Na+],-2.6847858,-2.3165755
COc1ccc2c(c1)c(C)cc(n2)OCCCNCCSS(=O)(=O)O,-2.6840382,-2.3054395
COC(C(=O)c1ccccc1)c1ccccc1,-2.683649,-3.0955133
ClCCN(C(=O)NC1CCCC1)N=O,-2.6820426,-2.639647
ClC([C@H]1Nc2cc(Cl)c(cc2S(=O)(=O)N1)S(=O)(=O)N)Cl,-2.68,-3.23944
CN(c1c(C)n(c2ccc(cc2)Cl)c(=O)n(c1=O)C)C,-2.6776943,-2.6447635
ClC(C1Nc2cc(Cl)c(cc2S(=O)(=O)N1)S(=O)(=O)N)Cl,-2.6774232,-3.23944
CCCCN1CCN(CC1)CC(=O)N/N=C\c1ccc(o1)[N+](=O)[O-],-2.6756394,-3.0466251
CN(CCCC1=CC(N(C(C1)(C)C)C)(C)C)C,-2.6749103,-2.4433682
ClCCN(CCC(Cl)C)CCCl.Cl,-2.6701345,-2.4519496
Fc1cccc(c1)Br,-2.67,-2.4161534
Clc1cc(O)c(c(c1)Cl)Cl,-2.67,-2.3977027
CNC(c1ccccc1)CC(=O)c1ccc(cc1)OC.Cl,-2.6672144,-3.2902517
CCCC(COC(=O)NC(=O)C)(COC(=O)NC(=O)C)CC,-2.6670263,-3.0389671
FCCCCCCl,-2.665868,-1.9451237
CN(CC(C(=O)c1ccccc1)c1ccccc1)C.Cl,-2.6648355,-2.0792804
Cn1c2nc([nH]c2c(=O)n(c1=O)C)C1CCCC1,-2.66417,-2.4766555
CCC[C@@H](C1(CC=C)C(=O)NC(=NC1=O)[O-])C.[Na+],-2.6595476,-2.3300908
NC(=O)OCCCOc1ccccc1C,-2.6578972,-2.2344627
CCCCCC1(C)OCC(O1)CO,-2.6567261,-2.2442224
C[NH+](CCOC(c1cccs1)c1ccccc1)C.[Cl-],-2.6550992,-2.373279
CCCCOc1c(OC)cccc1C(=O)OCC[NH+](C)C.[Cl-],-2.6546376,-2.038285
CCCCOc1ccc(cc1)N,-2.6534386,-2.2570212
CCCCCCCCCCCC[n+]1ccccc1.[I-],-2.6506605,-4.0158024
CN1CCOC(c2c(C1)cccc2)c1ccccc1,-2.645179,-3.2715607
CCCOC(=O)Cc1ccc(c(c1)OC)OCC(=O)N(CC)CC,-2.6443906,-3.4902186
C=CCc1ccccc1OCC(CO)O,-2.6437385,-1.961776
C1CCCC1,-2.64,-3.0468662
O=C1OC(CN1/N=C/c1ccc(o1)[N+](=O)[O-])CN1CCOCC1,-2.6358764,-3.1920466
CCCCCCCCn1sccc1=O,-2.6301003,-3.6799846
O=C(c1ccccc1)CC(=O)C,-2.6268198,-1.5589318
CCC(C1CCCC1)CNCCCSS(=O)(=O)O,-2.62292,-3.0297458
C#CC(OC(=O)Nc1cccc(c1)Cl)C,-2.6171868,-3.1942382
CN1C2CCC1CN(C2)C(=O)/C=C/c1ccccc1,-2.6129515,-2.19084
CCCCOc1ccc(cc1)CC(=O)NO,-2.6057167,-2.5040402
COc1ccc(c(c1)C(=O)CC)OC,-2.6043692,-2.455382
CN1CCN(CC1)CCC(=O)NN=Cc1ccc(o1)[N+](=O)[O-],-2.6011147,-2.9028456
OC(=O)c1ccc(cc1)C,-2.6,-1.9972677
C(=CC=[N+]1CCN(CC1)c1ccccc1)C=CN1CCN(CC1)c1ccccc1.C(=CC=[N+]1CCN(CC1)c1ccccc1)C=CN1CCN(CC1)c1ccccc1.[Cl-].[Cl-].O.O.O,-2.5982394,-10.131821
O=S1(=O)CCCCN1c1ccc(cc1)S(=O)(=O)N,-2.5972288,-3.0407953
CCCCNc1ccccc1C(=O)N,-2.5935202,-2.1083686
CCC(COC(=O)N)(COC(=O)NC(C)C)C,-2.5907598,-2.3372645
CCCCCCc1ccc(cc1O)O,-2.59,-3.2717988
OC(CN1CCN(CC1)c1ccccc1)COc1ccc(cc1)C(=O)C,-2.5881338,-2.9348426
Cc1cc([N+](=O)[O-])c(c(c1)[N+](=O)[O-])O,-2.5877738,-2.135015
CCCC(COC(=O)N)(COC(=O)N(C)C)C,-2.5839417,-2.3477883
CN([C@H](Cc1ccccc1)C)Cc1ccccc1.Cl,-2.5743384,-3.3757966
CCC1(C(=O)NC(=O)N(C1=O)C)c1ccccc1,-2.568191,-2.1285985
CCC(c1ccc(cc1)[N+](=O)[O-])C(=O)O,-2.5624092,-2.7864509
N/C(=N\CCSc1ccccc1)/CSS(=O)(=O)O,-2.5604796,-2.2917118
COc1ccc(cc1Cl)NC(=O)N(C)C,-2.56,-2.8659527
CCSCCCCCCN1CSCC1.Cl,-2.559614,-2.4057145
CCCC(COC(=O)N)(COC(=O)N1CCOCC1)C,-2.5595438,-2.581995
CCN(CCOC(=O)C(c1ccccc1)(c1ccccc1)O)CC.Cl,-2.5566392,-2.9997816
[O-][N+](=O)c1ccc(o1)/C=N/NC(=S)N,-2.5538986,-2.1373246
[O-][N+](=O)c1ccccc1Cl,-2.55,-2.5174832
[O-][N+](=O)c1ccc(o1)COC(=O)CC,-2.54639,-2.3829272
OC(=O)C1=CC(=O)C(O1)(C)c1ccccc1,-2.540911,-1.9841409
S=c1[nH][nH]c(n1)c1ccccc1,-2.5401042,-2.1429963
CN1CC2CCC(C1)N2C(=O)c1ccc(cc1)CC(=O)O,-2.539792,-2.0191135
Cc1sc(c(c1)C(=O)C)C,-2.5368824,-2.319824
Clc1ccc2c(c1)n(C)c(=O)o2,-2.5354977,-2.3273408
CCCC(C1(CC)C(=O)NC(=O)NC1=O)C,-2.5228968,-2.2916527
CN([C@@H]1C(=C(C(=O)N)C(=O)[C@]2([C@H]1C[C@H]1C(=C2O)C(=O)c2c([C@@H]1O)c(Cl)ccc2O)O)O)C,-2.52,-3.3024268
CCC[C@H](C1(CC)C(=O)NC(=O)NC1=O)C,-2.52,-2.2916527
Oc1ccc(cc1O)CCNCC1CCc2c(N1)cccc2.Br.Br,-2.5199413,-2.653286
O=C1CC(CN1c1ccccc1)N1CCCCC1,-2.5187593,-2.9848485
CC1CCCCN1CCCOC(=O)c1ccco1,-2.516576,-2.5556202
CCC(=O)O[C@@]1(CCN(C[C@H]1C)C)c1ccccc1,-2.515789,-2.8786657
CC(C(c1ccccc1)(c1ccccc1)O)CN(C)C.Cl,-2.5133,-2.700936
COc1cc(ccc1O)C(C(NC(COc1ccccc1)C)C)O.Cl,-2.512616,-2.9872417
CC(OC(=O)c1ccccc1)CNC1CCCCC1.Cl,-2.5115416,-3.1356995
O=C1C2CC3CC1CC(C2)C3,-2.5111496,-1.802515
CC(N1C(=O)c2ccccc2CS1(=O)=O)C,-2.5108664,-2.2906406
OC(=O)COc1ccc(cc1Cl)Cl,-2.51,-2.4701514
CCCCOc1ccccc1NC(=O)C,-2.4983168,-3.06914
Brc1ccc(nc1)OCCCN1CSCC1.Cl,-2.497641,-2.2817092
CCCC(COC(=O)N)(COC(=O)NCC#C)C,-2.4865458,-2.389392
CON(C(=O)OCC(CO)(CC)CC)C,-2.4836686,-1.5601416
ClCC(=O)N(c1ccccc1)C(C)C,-2.48,-3.0184608
CC/C=C(/C1(CC)C(=O)NC(=O)NC1=O)\C,-2.4756906,-2.221428
CNN1C(C)(C)CCCC1(C)C,-2.4730601,-1.7496252
CC(Cc1c(C)cc(cc1C)C)N.Cl,-2.4689674,-1.9316907
OC(=O)CN(CC(=O)O)CCN(CC(=O)O)CC(=O)O,-2.4657457,0.15544567
C1CCN(CC1)C1=CCCCC1,-2.4600656,-1.9416721
CCCCCCOC(=O)C,-2.46,-2.252724
Cc1onc(c1)C(=O)NNCc1ccccc1,-2.46,-2.0277326
OC/C=C(/CCC=C(C)C)\C,-2.46,-2.334081
O=C1Nc2cc(Cl)ccc2OC1C,-2.4588697,-2.5817294
OC(=O)/C=C/c1ccc(cc1)Cl,-2.4573684,-2.3687644
Clc1ccc2c(c1)CNOC2,-2.4527452,-2.2596233
O=C1CC[C@@H]2[C@]1(C)CC[C@H]1[C@H]2CC=C2[C@]1(C)CC[C@@H](C2)OS(=O)(=O)[O-].[Na+],-2.4517086,-3.2055302
COc1ccc(cc1)SCC1CN=C(O1)N,-2.4513056,-2.0465841
[O-]S(=O)(=O)C.[NH3+]C1=Nc2ccc(cc2N(C(=O)C1)c1ccccc1)[N+](=O)[O-],-2.4506986,-5.6790566
OCC(COc1cc(C)cc(c1)C)(O)C,-2.449463,-1.8862169
CCC1(C(C)C)C(=O)NC(=S)N(C1=O)C.[Na+],-2.449341,-1.2723415
CC(=O)CN1CC[C@@]23[C@H]([C@H]1Cc1c3cc(cc1)O)CCCC2,-2.4428484,-3.313781
OC(=O)COc1ccccc1C,-2.442417,-1.814008
ClCCn1c(C)cnc1[N+](=O)[O-],-2.439617,-1.9588025
Oc1cc(O)cc(c1)C(CNCCCn1cnc2c1c(=O)n(C)c(=O)n2C)O,-2.4368994,-1.4560478
COc1ccc2c(c1C[NH+](C)C)oc(c(c2=O)C)C.[Cl-],-2.4364676,-1.9662526
Oc1c(Br)ccccc1=O,-2.4351807,-0.87902516
Oc1cccc2c1nccc2,-2.42,-2.1144085
OC(=O)/C=C/c1ccc(cc1)[N+](=O)[O-],-2.4155087,-2.4814029
COc1ccc(cc1)C(=O)OC,-2.41,-2.0129318
COc1ccccc1OCC1CNC(=O)O1,-2.4062445,-1.4776177
CN[C@@H](CC1CCCCC1)C.Cl,-2.4041977,-2.2238903
CC(=C)C(=C)C,-2.4,-2.515973
O=c1oc2ccccc2cc1C,-2.394825,-2.3205888
C[C@@H]1C[C@H]2CC(=O)[C@@H]3[C@@]4(C1)[C@@H]2CCCN4CCC3,-2.3925004,-3.1843894
CC[C@H](C1(CC)C(=O)NC(=O)NC1=O)C,-2.39,-1.855746
OC(COc1cccc(c1)C(=O)C)C[NH2+]CCc1ccccc1.[Cl-],-2.3765707,-2.8955054
O/N=C(/c1ccccc1)\C,-2.3756025,-1.6435533
O=C1C=CC(=O)c2c1cccc2,-2.3744392,-1.7956836
CCOP(=O)(OC=C(Cl)Cl)OCC,-2.3709354,-2.272699
CC(C[NH2+]CC(=O)N/N=C/c1ccc(o1)[N+](=O)[O-])C.[O-]C(=O)C,-2.3701758,-2.4061599
CCCCBr,-2.37,-2.4364972
Nc1ccc(cc1)[N+](=O)[O-],-2.37,-1.6259933
Clc1ccccc1OCCNC1CC1.Cl,-2.3694031,-2.2101653
CCCCN1CC2CCC(C1)N2C(=O)CC,-2.363256,-2.3350155
CN(CCN(c1ccccn1)Cc1ccccc1)C.Cl,-2.3613157,-2.0720007
Clc1ccc2c(c1)ccc(=O)o2,-2.3590593,-2.5215049
COc1ccc2c(c1CN1CCOCC1)oc(c(c2=O)C)C,-2.3581038,-2.305532
CCCCC(Cc1ccccc1)N,-2.3561468,-2.7687848
CC[N+](CCOC(=O)C(c1ccccc1)(C1CCCCC1)O)(CC)C.[Br-],-2.3517377,-2.3284452
N#Cc1cccc(c1)Cl,-2.3452797,-1.925014
O[C@H]([C@H](C(=O)O)O)C(=O)O.Oc1ccc2c(c1)[C@]13CCCC[C@H]3[C@@H](C2)N(CC1)C,-2.3452704,-3.0547338
O=C1N(OCC1(C)C)Cc1ccccc1Cl,-2.34,-2.9745865
OP(=O)(c1ccccc1)c1ccccc1,-2.3345175,-1.9045744
[O-][N+](=O)c1ccccc1C,-2.33,-2.2696192
CCOc1ccccc1,-2.33,-2.1947463
C=CCOc1ccc(cc1)NC(=O)C,-2.3268313,-2.198294
COc1ccc(c2c1cccc2)C(=O)CCC(=O)O,-2.3264318,-3.6748872
CN1C2CCC1CN(C2)C(=O)c1ccccc1[N+](=O)[O-],-2.3258755,-2.3180022
O=C1CC[C@@]2([C@@]34[C@H]1Oc1c4c(C[C@H]2N(CC3)CC2CC2)ccc1O)O,-2.3210847,-2.9930515
CCOC(=O)c1ccc(c(c1)OC)O,-2.3180535,-2.0140588
COc1ccc(cc1)CN(c1ncccn1)CCN(C)C.Cl,-2.3130836,-2.4984667
c1cnc(nc1)N1CCN(CC1)Cc1ccc2c(c1)OCO2,-2.313053,-2.4510539
OC(=O)C(Oc1ccccc1Cl)C,-2.310701,-2.2224412
CCc1cccc(c1O)CC,-2.305216,-2.447529
ClCc1cc(ccc1O)[N+](=O)[O-],-2.3033025,-2.4900196
CCN(C(C(C)(C)C)(C)C)C.Br,-2.3014185,-2.0501304
BrC1CCCCC1,-2.3,-3.0403357
CCCCCCCC(=O)O,-2.3,-2.2184412
CO[C@]12[C@H]3N[C@H]3CN1C1=C([C@H]2COC(=O)N)C(=O)C(=C(C1=O)C)Nc1ccccc1,-2.294133,-1.4386837
CN1CCCN=C1COC(=O)C(c1ccccc1)(C1CCCCC1)O.Cl,-2.2907913,-3.6481962
NNC(Cc1cccc(c1)Cl)C,-2.2877524,-1.772057
CCCN(CCC)CCC,-2.28,-1.5451322
OC(=O)c1ccccc1c1ccccc1C(=O)O,-2.28,-3.025033
[O-]S(=O)O.CCCCCCC=O.[Na+],-2.2707546,-0.28779945
Nc1ccc(cc1)C(=O)Nc1ccccc1,-2.269947,-2.8381414
CCS(=O)c1ccc(cc1)OCC(CN1CCN(CC1)c1ccccc1)O.Cl.Cl,-2.2679179,-3.61869
OS(=O)(=O)SCCNCCCCCc1ccccc1,-2.2645817,-2.235805
CCC(c1ccccc1)(C(=O)N)CCN1CCOCC1,-2.2568152,-2.3058724
CCOc1ccc(cc1)/C=C/C(=O)NO,-2.2519925,-1.9957414
CCC1(CC=C(C)C)C(=O)NC(=O)NC1=O,-2.25,-2.2756515
CCCCOC(=O)C(=C)C,-2.2498035,-1.9071572
c1cc[n+](cc1)CCC[n+]1ccc2c(c1)cccc2.[Br-].[Br-],-2.2400339,-0.02969265
Nc1ccc(cc1)S(=O)(=O)Nc1cc(C)nc(n1)C,-2.24,-2.8107061
[O-]S(=O)(=O)[O-].C/N=C(/NCc1ccccc1)\[NH2+]C.C/N=C(/NCc1ccccc1)\[NH2+]C,-2.230808,-4.668426
CC(=O)Oc1c(cccc1c1ccccc1)C(=O)N,-2.2280278,-3.293685
O=C1C(=C/C(=N/c2ccc(c(c2)Cl)[O-])/C=C1Cl)Cl.[Na+],-2.2279363,-1.4436147
ClCCN(CC(C)C)CCCl.Cl,-2.211945,-1.1587815
Nc1ccc2c(c1)[C@]13CCN4[C@H]1C[C@@H]1[C@@H]5[C@@H]3N2C(=O)C[C@@H]5OCC=C1C4,-2.2091124,-3.232204
CC(=O)Oc1c[nH]c2c1cccc2,-2.1958377,-1.8588667
Clc1[nH]c2c(n1)n(C)c(=O)n(c2=O)C.CN(CCOC(c1ccccc1)c1ccccc1)C,-2.194949,-4.192976
Nc1nc2c(o1)c(Cl)ccc2,-2.1933823,-2.082755
CNNCc1ccc(cc1)C(=O)NC(C)C,-2.1933131,-1.5898044
OC(=O)C(=O)O.CN(CCCC1(O)OC(c2c1cccc2)(C)C)C,-2.19224,-3.0205452
CCCN1C(=O)Cc2c(S1(=O)=O)cccc2,-2.183023,-2.1997917
CCCCSc1ncnc2c1[nH]cn2,-2.1819332,-2.5871274
CC(=C)[C@H]1CC[C@@H](C(=O)C1)C,-2.18,-2.1888049
CCCCNC(=O)NS(=O)(=O)c1ccc(cc1)N,-2.18,-2.91029
CC(=O)c1cc2c(o1)cccc2,-2.1719677,-2.455329
ClCC[N+]1(C)CC[N+](CC1)(C)CCCl.[Cl-].[Cl-],-2.1700113,-0.85350305
O=C(N[C@@H]1C(=O)N2[C@@H]1SCC(=C2C(=O)[O-])C[n+]1ccccc1)Cc1cccs1,-2.1678414,-2.5981286
CCCC(COC(=O)N(C)C)(CO)C,-2.1650841,-1.6951048
CCC(=O)c1ccc(c(c1)OC)OC,-2.1644647,-2.4737754
NC(=O)c1ccc(cc1)Br,-2.1634355,-1.7604406
NC1=NCC(O1)CSc1ccccc1,-2.1633096,-1.9952433
Clc1ccc2c(c1)CON(C2)C(=O)N,-2.1632779,-2.258232
CN1CC[C@@]23[C@H]([C@H]1Cc1c3c(O)c(cc1)O)CCCC2.Cl,-2.1607153,-2.1399918
CN1[C@@H]2CC[C@H]1CC(C2)OC(=O)c1ccccc1,-2.1592877,-2.3824677
O=C1O[C@@H]2C[C@H]3C(=CC(=O)[C@H]([C@@]3([C@@H]3[C@@]42[C@@H](C1)C(=C)[C@H]([C@@]3(OC4)O)O)C)O)C,-2.1540515,-1.8209355
CN(C12CC3CC(C2)CC(C1)C3)C,-2.1532266,-2.5698252
C1=CC=CC=CC1,-2.15,-2.396119
OC[C@H]([C@@H](c1ccc(cc1)S(=O)(=O)C)O)NC(=O)C(Cl)Cl	,-2.15,-2.4404821
CC1=NCCS1,-2.1492774,-0.1346007
Oc1ccc2c(c1)[C@@]13CCCC[C@@H]3[C@H](C2)N(CC1)C,-2.145752,-2.828448
OCCOCCN1CCN(CC1)C(c1ccccc1)c1ccccc1,-2.14114,-1.8539932
ClCCN(C(=O)NC1CS(=O)(=O)CS(=O)(=O)C1)N=O,-2.1410544,-2.808164
CC(c1cccc(c(=O)c1)O)C,-2.1362026,-1.4632246
CCCCC1(C)OCC(O1)CO,-2.1339378,-1.81687
Brc1ccc(cc1)P(=O)(O)O,-2.13169,-1.2770865
CCCC[C@H](C=O)CC,-2.13,-2.063164
Nc1ccc(cc1)S(=O)(=O)Nc1scc(n1)C,-2.129266,-2.7754307
CCCC(C(CO)(CO)C)C,-2.1256359,-2.1401715
C=CCC1(CC(C)C)C(=O)NC(=O)NC1=O,-2.1192822,-2.1743646
[O-]C(=O)Cc1ccccc1Nc1c(Cl)cccc1Cl.[Na+],-2.1178916,-4.0951114
C/C=C/Cn1c(=O)c2n(C)cnc2n(c1=O)C,-2.1168432,-1.5970256
[O]N(C(C)(C)C)C(C)(C)C,-2.1137567,-1.9890034
COc1cc(OC)cc(c1)C#N,-2.1088526,-1.8330433
CCC(=O)N1CC2CCC(C1)N2C,-2.1084197,-1.1980307
CCC(=O)c1cc(OC)ccc1O,-2.1065428,-2.1075857
CN1CC[C@@]23[C@H]([C@H]1Cc1c3c(O)c(cc1)O)CCCC2,-2.1063466,-2.4841237
OC1C2CC(C(C2C2(C31OC3C(=O)C12CO1)C)O)(C)C,-2.1032617,-0.9980478
OCc1c(Cl)cccc1Cl,-2.1,-2.11871
COCCOc1c(OC)cc(cc1OC)Cc1cnc(nc1N)N,-2.1,-2.6715107
CCOc1ccc(cc1OC)/C=C/C(=O)NO,-2.0987535,-2.0040917
Clc1ccc2=NC(=N)CN(C(=c2c1)c1ccccc1)O,-2.0951746,-3.1791515
CCN(CCOC(=O)c1ccc(cc1O)N)CC,-2.0901875,-1.9245698
COc1cc2c(cc1OC)N1[C@H]3[C@]42CCN2[C@H]4C[C@@H]4[C@@H]3[C@H](CC1=O)OCC=C4C2,-2.09,-3.2555156
Brc1ccc(cc1)S(=O)(=O)N,-2.084145,-2.2411928
COc1cc(cc(c1OC)OC)C(=O)N1CCCC1,-2.0833077,-1.990803
CN1CC2CCC(C1)N2C(=O)c1ccncc1,-2.0831404,-1.901736
S=C1NC(C(=O)N1c1ccccc1)C,-2.0814252,-2.4660037
Cc1nn(c(c1)C)c1nc2c([nH]1)cccc2,-2.0813472,-2.465576
CC(c1ccc(c(c1)O)C)C,-2.08,-2.3535647
CN[C@H]1CCc2c(c3c1cc(=O)c(cc3)OC)c(OC)c(c(c2)OC)OC,-2.070056,-2.41463
CC(=O)Nc1ncc(s1)[N+](=O)[O-],-2.0667682,-2.2976418
NNc1nc2c(o1)ccc(c2)Cl,-2.0624638,-2.0186594
CSc1c(Cl)nc(nc1N1CCN(CC1)C)N1CCOCC1,-2.0621831,-1.7025285
COc1cccc(c1)N1CCN(CC1)CC1CN=C(O1)N,-2.060858,-1.9483049
COc1cc(ccc1OC(=O)C)C(=O)O,-2.0601506,-2.061986
CN([C@H]1C(=O)C(=C([C@@]2([C@H]1C[C@H]1C(=C(O)c3c([C@@]1(C)O)cccc3O)C2=O)O)O)C(=O)N)C,-2.0589814,-2.7664962
CCOC(=O)Cc1ccc(cc1)C(=O)N1CCC2CC1N(C)C2,-2.0546336,-2.5210018
C=CCN1C(=O)Cc2c(S1(=O)=O)cccc2,-2.053029,-1.9485681
[O-][N+](=O)c1ccc(s1)c1scc(n1)CN1CCOCC1,-2.0523732,-2.465182
C/C=C/C1=C(C(=O)O)N2[C@H](SC1)[C@@H](C2=O)NC(=O)[C@@H](c1ccc(cc1)O)N,-2.0500956,-2.3267474
Nc1ccc(cc1)S(=O)(=O)[N-]c1onc(c1C)C.[Na+],-2.0463526,-2.5569746
FC(c1ccc(cc1)N)(F)F,-2.0422208,-1.7830772
OC(COc1cccc2c1oc(c2)C(=O)C)CNC(C)C,-2.042149,-3.2618546
CN1C(=O)CCS(=O)(=O)C1c1ccc(cc1)Cl,-2.039384,-1.9335175
OCC(COc1cccc2c1NCCC2)O,-2.0392041,-1.045747
O=C(N1CCNCC1)Nc1ccccc1C.Cl.Cl,-2.0391748,-1.1252042
O=C1NCC2(O1)CCN(CC2)CCc1ccccc1,-2.0346014,-1.8112783
CNC(=O)N1CC=Cc2c1cccc2,-2.0341396,-2.1872473
O=C(c1ccc(cc1)Cl)/C=N/N1CC[NH+](CC1)C.[Cl-],-2.0300438,-2.241381
O=C1NC(=O)C(N1)(c1ccc(cc1)O)c1ccccc1,-2.0289016,-2.882935
OC(=O)[C@H]1CCCC[C@]1(O)c1ccccc1,-2.026981,-2.7128313
Cc1ccccc1S(=O)(=O)N,-2.02,-1.1094203
CC[C@@H](C1(CC=C)C(=O)NC(=O)NC1=O)C,-2.02,-2.0668943
CC(=O)Nc1ccc(c(c1)O)C(=O)O,-2.008253,-1.3702672
FCCCCSC#N,-2.0006003,-1.855267
Fc1cccc(c1)F,-2.0,-1.7733688
CCC1(CC)COCOC1,-1.9946545,-1.7000315
O=c1[nH]c2ccccc2c(c1)C(=O)O,-1.993551,-1.8872952
OC(COc1cccc2c1cccc2)CNC(C)C.Cl,-1.992442,-2.9841766
O=C1NC(=O)NC(=O)C1(O)C1(O)C(=O)NC(=O)NC1=O,-1.99,-0.39194632
CC(NC(=O)c1ccccc1O)C,-1.9862123,-1.6142914
CCCCCCCCCCCC[n+]1ccccc1.[Cl-],-1.9847935,-4.236102
FC(c1ccc(cc1)S(=O)(=O)N)(F)F,-1.9814715,-2.8091183
CCCOC(=O)c1ccco1,-1.9757981,-1.7288499
CCCCN1CCC(CC1)(O)C1CN(CCCC)CCC1=O.Cl.Cl,-1.9729897,-2.4012983
O=C1CCC2(O1)CCCCC2,-1.9706258,-1.6523871
CC1Cc2cccc(c2C(=O)O1)O,-1.9698427,-1.900589
OC(=O)CCS(=O)(=O)CCC(=O)O,-1.9666069,0.043757558
C#CCNC(=O)OCC(COC(=O)N)(CC)C,-1.9643528,-1.9520097
Cc1ccc2c(c1)nc(o2)N,-1.9612306,-1.9143653
CC[C@H](Cl)C,-1.96,-1.8693573
COc1ccccc1[N+](=O)[O-],-1.96,-1.9329665
OC(=O)/C=C/c1ccccc1F,-1.9580519,-1.9147334
O/N=C/c1ccc(cc1)F,-1.9505715,-1.6621487
OC[C@@H]1O[C@@H]([C@H]([C@H]1O)O)n1ccc2c1ncnc2N,-1.95,-1.4764128
Oc1ncc2c(n1)nccn2,-1.95,-0.93201256
CCC1(CC)C(=O)NC(=S)NC1=O,-1.9428895,-1.6702118
Cc1cc(C)c2c(n1)cccc2,-1.94,-2.6310606
CCC,-1.94,-2.0088732
OC(=O)C1CCc2c1cccc2,-1.9381771,-2.0942316
CN(CCOC(=O)C(C1(O)CCCC1)c1ccccc1)C.Cl,-1.9358903,-2.4025292
NC(=O)c1ccc(o1)C(C)(C)C,-1.9332224,-1.8763602
CN1OCc2c(C1)cccc2,-1.9331992,-1.3128324
COc1cc(/C=C/C(=O)N2COCC2)cc(c1OC)OC,-1.9207976,-1.7410688
COc1ccc(c(c1OC)C(=O)O)C=O,-1.92,-1.6674376
COc1ccc(cc1)Cn1cc(F)c(=O)[nH]c1=O,-1.9138955,-2.4278798
CNC(CCC=C(C)C)C.Cl,-1.9132668,-1.0680563
CN1CCC(CC1)(O)C1CCCCC1.Cl,-1.9124414,-1.9029431
OC[C@H]([C@@H](c1ccc(cc1)[N+](=O)[O-])O)N,-1.9117823,-1.5473857
CCOC1(OCCN(C1C)C)c1ccccc1.Cl,-1.910349,-1.822264
C/C=C/CC1(CC)C(=O)NC(=O)NC1=O,-1.9060603,-1.9618425
O=C(c1ccc(cc1)Cl)C=NN1CCOCC1,-1.9029148,-2.4868279
COC1=C(OC)C=C[C@@H]2[C@@H]1C(=O)OC2,-1.9,-0.9971251
COc1ccc(cc1)N1CCN(CC1)CC1CN=C(O1)N,-1.8986363,-1.9309909
CN(CCN(c1ncccn1)Cc1ccccc1)C.Cl,-1.8960445,-1.9293416
COc1c(ccc(c1C)OC)CC(N)C.Cl,-1.8935585,-1.454953
C1CC[C@H]2N(C1)C[C@@H]1C[C@H]2CN2[C@@H]1CCCC2,-1.89,-3.124239
O=c1ccc2c(o1)cccc2,-1.89,-2.050599
CCCCCOC(=O)C,-1.89,-1.768692
O[C@H]([C@H](C(=O)O)O)C(=O)O.COc1c(OC)cc2c(c1OC)c1ccc(c(=O)cc1[C@H](CC2)N)OC,-1.8898515,-1.4899497
CCN(C(CC)(CC)C)C.Br,-1.8882105,-1.7026803
OCC(COc1cccc(c1)C)(O)C,-1.8795011,-1.6329639
OCC(COc1ccccc1C)(O)C,-1.8795011,-1.8511009
CCOP(=O)(Oc1ccc(cc1)[N+](=O)[O-])OCC,-1.8785423,-3.3061879
CN1CCCC1c1c[nH]c2c1cc(F)cc2,-1.876606,-2.1928449
ClCCN(C(=O)NC1CCC(CC1)O)N=O,-1.8757489,-2.398384
CN1CC2CCC(C1)N2C(=O)C(=O)Nc1ccccc1,-1.8755955,-1.8134043
Nc1ccc(cc1)C(=O)Nc1ccncc1.Cl.Cl,-1.8711421,-1.499701
C=CC=C,-1.87,-1.5465322
COc1ccc2c(c1O)[C@@]13CCN([C@H](C2)[C@H]3C=CC(=O)C1)C,-1.87,-2.2017272
O=C(C(Oc1ccccc1)(C)C)OCCN1CCOCC1,-1.8653454,-1.6945193
ClC(C(F)(F)F)Cl,-1.8622591,-2.2933383
COc1ccc2c(c1O)[C@]13CCC[C@H]([C@H]3[C@@H](C2)N(CC1)C)O,-1.8505747,-2.2625709
COCC(=O)N1CC=Cc2c1cccc2,-1.8441184,-1.9130504
OCCNc1ccc(cc1C(=O)N)Cl,-1.8427553,-1.6205323
COc1ncnc(c1)NS(=O)(=O)c1ccc(cc1)N,-1.8424289,-2.5961318
CCCCC(=O)N1C2CCC1CN(C2)C,-1.84144,-1.7618265
OC[C@H]([C@@H]1O[C@H]2[C@@H]([C@H]1O)O[C@H](O2)C(Cl)(Cl)Cl)O,-1.84,-0.97072023
O/N=C/1\C2CC3CC1CC(C2)C3,-1.8360876,-1.9755242
CC(Nc1c(C)n(n(c1=O)c1ccccc1)C)C,-1.8331999,-2.91741
Nc1ccc(cc1)C(=O)Nc1ncccc1C,-1.8314916,-2.4062128
Nc1ccc(cc1)C(=O)Nc1ccncc1C,-1.8314916,-2.2623057
CC(=O)/N=c/1\sc(nn1C)S(=O)(=O)N,-1.8293295,-2.0928667
CCC(=O)N1C2CNCC1CC2,-1.8262556,-0.90696925
NC1=NCC(O1)CN1CCN(CC1)c1ccccc1,-1.8251467,-1.7672017
CNCC(c1cc(OC)ccc1OC)C.Cl,-1.8246404,-1.4495134
CC1CCC([NH2+]1)c1c[nH]c2c1cccc2.[Cl-],-1.8228271,-1.9601636
CN([C@@H]1C(=O)C(=C([C@@]2([C@H]1[C@@H](O)[C@@H]1[C@@H](C)c3cccc(c3C(=C1C2=O)O)O)O)O)C(=O)N)C.Cl,-1.8199216,-1.3501995
CCOc1ccccc1COCC(CO)O,-1.8180723,-1.6234639
Nc1ccc(cc1)C(=O)Nc1cccnc1.Cl,-1.8119544,-1.4134219
CCCCCCCO,-1.81,-1.9004366
CC[NH+](CCOc1ccccc1C(=O)N)CC.[Cl-],-1.809461,-1.4835708
OCCN1CCN(CC1)CC(=O)N/N=C\c1ccc(o1)[N+](=O)[O-],-1.808167,-2.4280214
FC(c1cccc(c1)C1CNCCO1)(F)F.Cl,-1.804567,-1.727596
NC(=O)c1ccccc1N,-1.8040228,-1.0671496
[O-][N+](=O)c1ccccc1,-1.8,-1.8264234
CCNC(=O)Nc1ccccc1,-1.7999201,-1.5136518
Clc1ccc2c(c1)oc(=O)[nH]2,-1.7963643,-1.954355
CN(C(C(C)(C)C)(C)C)C.Br,-1.7931013,-1.7077429
CNC(CC1CCCC1)C,-1.791317,-2.0045555
CCCOC(=O)c1cc(O)c(c(c1)O)O,-1.78,-1.8547213
COC(=O)c1ccc(cc1)O,-1.78,-1.4865973
C#CCOc1ccc(cc1)CC(=O)NO,-1.7619765,-1.4865601
N1CCN2C(C1)CCc1c2cccc1.Cl.Cl,-1.7551439,-1.2037592
COC(=O)CCc1ccc(cc1)OCC(CNC(C)C)O.Cl,-1.7449505,-1.9457223
CCN(C(=O)c1ccccc1O)CC,-1.7445313,-1.9299479
CN(CCOC(=O)COc1ccc(cc1)Cl)C,-1.7427521,-2.3826473
OS(=O)(=O)SCCNCCCCc1ccccc1,-1.7421793,-1.8616471
ClC(C(Cl)Cl)Cl,-1.74,-2.1401665
Cc1ccc(cc1)S(=O)(=O)N,-1.74,-1.1555787
Cc1cccc(c1)C(=O)Oc1cccc(c1)[N+](C)(C)C.[Br-],-1.7361746,-0.4715136
CC(=CCC1(C)C(=O)NC(=O)NC1=O)C,-1.7336453,-2.0828772
OCC(COc1cccc(c1)C)O,-1.7316769,-1.3382671
N[C@H](c1ccccc1)C(=O)N[C@@H]1C(=O)N2[C@@H]1SC([C@@H]2C(=O)O)(C)C.O.O.O,-1.7273829,-1.2335904
CC(COc1ccc(cc1C(=O)N)Br)O,-1.7269682,-2.6782756
OCC(COc1cccc(c1)[N+](=O)[O-])O,-1.7245387,-1.4185627
OC(CN1CCCCC1)COc1cccc(c1)C(=O)C,-1.7228909,-2.661441
CCOC(=O)C1=CN(CC)C2N(C1=O)C(C)CCC2,-1.7212875,-2.1160274
OCC(COc1ccccc1C(=O)CC)O,-1.7172756,-1.4892578
OCC(COc1ccc(cc1)C(=O)CC)O,-1.7172756,-1.3789146
O=c1ncc2c([nH]1)nc[nH]2,-1.713617,-1.3071146
O=C(C(c1ccccc1)(c1ccccc1)O)OC1CCC[N+](C1)(C)C.[Br-],-1.7130369,-1.5211642
Cl[C@@H](C(F)(F)F)Br,-1.71,-2.3963845
FCCn1cc(C(=O)O)c(=O)c2c1c(F)c(N1CCN(CC1)C)c(c2)F,-1.7028013,-1.8564188
OCCNc1ccccc1OC,-1.7022498,-1.0654593
ClCCN(C(C)C)CCCl.Cl,-1.6961477,-0.95167327
Cc1ccc(cc1)C(=O)/C=N\N(C)C,-1.6961168,-1.3052696
Cc1[n+](CCC[N+](Cc2ccccc2)(C)C)ccc2c1[nH]c1c2cccc1.[Br-].[Br-],-1.69425,-2.5691824
CC(NCC(c1ccc(cc1)NS(=O)(=O)C)O)C,-1.6937602,-2.3973417
SC/C(=N\C1C2CC3CC1CC(C2)C3)/N.Cl,-1.6912531,-2.1298132
O=C1N=C(c2c1cccc2)N,-1.6876746,-1.2894642
CC1CCC(N1/C=C/C=C/C=[N+]/1\C(C)CCC1C)C.CC1CCC(N1/C=C/C=C/C=[N+]/1\C(C)CCC1C)C.[Cl-].[Cl-].O.O.O,-1.6875967,-5.82863
CCCN(CCCl)CCCl,-1.680732,-1.7151282
OCCNc1ccccc1C(=O)O,-1.6759596,-1.4420264
NC1CN(C(=O)C1)c1ccccc1.Cl,-1.674508,-0.7948183
O=C1/C(=C/2\Nc3c(C2=O)cc(cc3)S(=O)(=O)[O-])/Nc2c1cc(cc2)S(=O)(=O)[O-].[Na+].[Na+],-1.6687083,-1.9236436
CCN(C(=O)c1ccc(c(c1)OC)O)CC,-1.665157,-1.7429388
N/C(=N\C1CCCC1)/CSS(=O)(=O)O,-1.6603228,-2.0347865
Cn1cn[nH]c1=S,-1.6496593,-0.26197597
CC(=O)Oc1c(cccc1C(=O)O)OC(=O)C,-1.6470393,-2.2849226
COc1ccc2c(c1)c(c[nH]2)CC(=O)O,-1.6447519,-1.8396394
CCOc1ccc(c(c1)O)NC(=O)C,-1.6431369,-1.398978
COc1ccc2c3c1O[C@@H]1[C@@]43CCN([C@H](C2)[C@@H]4CCC1=O)C,-1.6395044,-2.47544
CNC(Cc1ccc2c(c1)OCO2)C.Cl,-1.6279713,-1.3716192
CCCCOCC(COCCCC)O,-1.6263425,-2.3338728
CCC1(CC)C(=O)N(C)C(=O)N(C1=O)C,-1.6261419,-1.7367835
CCN1C(C)(C)CCC1(C)C,-1.6252817,-1.7839675
CC(NC(=O)N)CC,-1.6247923,-0.70419127
CCOC(=O)CC(C(=O)OCC)SP(=O)(OC)OC,-1.622268,-1.5057027
c1cnc2c(c1)[nH]cc2,-1.618311,-0.99325925
CNC(=O)Cn1c(CC)cnc1[N+](=O)[O-],-1.6115965,-1.7530253
Cn1c(=O)n(CCC)c(cc1=O)N,-1.6107053,-1.4962792
CC(=O)c1ccc(cc1)N,-1.61,-1.0894194
C=CCC1(CC)C(=O)NC(=O)NC1=O,-1.61,-1.7167232
OC(=O)c1cnc2n(c1=O)C(C)CCC2,-1.6058664,-2.0196023
OC[C@H]1O[C@@H](OCc2cc(=O)c3c(o2)cc2c(c3OC)cco2)[C@@H]([C@H]([C@@H]1O)O)O,-1.6045761,-1.8532901
OC(=O)C(C1CCC=CC1)N,-1.6042961,-0.97727185
CCC(C(COC(=O)N)COC(=O)N)C,-1.6009729,-1.4797509
CC(CC(COC(=O)N)COC(=O)N)C,-1.6009729,-1.4842768
CN(C(=O)Nc1ccccc1)C,-1.6,-1.7170334
OC[C@H](CC(C)C)C,-1.6,-1.2221999
Clc1cccc(c1)P(=O)(O)O,-1.5996643,-1.0044488
OCC(COc1cccc(c1)OC)(O)C,-1.5976727,-1.2131464
NC1=NCC(O1)c1ccccc1.OC(=O)/C=C/C(=O)O,-1.5975018,-2.1200569
COc1ccc(cc1)NC(=O)N,-1.5916792,-1.1317339
CCCn1c(=O)n(C)c(=O)c2c1nc[nH]2,-1.590902,-1.5865769
CC(Br)C,-1.59,-1.056267
C=CCOCC(Cn1ccnc1[N+](=O)[O-])O,-1.5897363,-1.0288532
CCN1C(=O)NC(C1=O)c1ccccc1,-1.5874835,-1.6630435
ClCCN(C(=O)NCc1cnc(nc1N)C)N=O.Cl,-1.5768868,-2.0608926
CN1CCCC1c1c[nH]c2c1cccc2,-1.5741072,-2.0024102
FCCN(P(=O)(Cl)Cl)CCF,-1.5723243,-2.065836
OC(COc1cccc2c1C[C@H](O)[C@@H](C2)O)CNC(C)(C)C,-1.5698837,-1.3674109
OCCN(Cc1ccc2c(n1)cccc2)CCN(CC)CC.Cl.Cl.O,-1.5683844,-2.4183745
N[C@H](c1ccccc1)C(=O)N[C@@H]1C(=O)N2[C@@H]1SCC(=C2C(=O)O)Cl,-1.5656165,-2.525973
CC(Cc1ccc(cc1)Cl)N.Cl,-1.5651362,-1.3072002
CCCCC[C@H](O)C,-1.55,-1.4607875
ClC(Br)Cl,-1.54,-1.5588443
NCCc1cccc(c1)C(F)(F)F,-1.5380969,-1.913723
CC(SC(C(=O)N)(C)C)C,-1.5345138,-1.2398019
O=C1C=CC(=O)c2c1c(O)ccc2,-1.5315812,-1.663795
Oc1ccc2c(c1)oc(=O)cc2C,-1.5290967,-2.1705923
COc1ccc(c(c1)O)C(=O)C,-1.524649,-1.5276489
COc1ccc(cc1)CC(NCC(c1ccc(c(c1)CO)O)O)C,-1.5221089,-2.5886846
BrCC=C,-1.5,-1.8160529
OCCN1CC2CCC(C1)N2C(=O)CC,-1.495706,-0.9312549
COc1ccc(cc1)C=O,-1.49,-1.55545
CCC(c1ccccc1)CNCCSS(=O)(=O)O,-1.4893076,-1.9950676
BrC1CS(=O)(=O)CC1Br,-1.4873306,-1.8082931
O=C(c1cc(Cl)nc(c1)Cl)N1CCOCC1,-1.4823117,-1.8874936
Cc1n[nH]c(=S)[nH]c1=O,-1.4818919,-1.7338276
ClCC(Cl)Cl,-1.48,-1.6051235
Cn1c(=O)n(CC=C)c(cc1=O)N,-1.479995,-1.0964978
CC(=O)Nc1c2sscc2[nH]c1=O,-1.4749316,-2.190381
NC(=O)OCCCCOC(=O)N,-1.4721504,-0.7434819
CC(=O)c1cc(O)c(c(c1)O)O,-1.471114,-1.492698
COc1ccc(cc1O)C(=O)O,-1.4690555,-1.592767
CC[N+]1(CC)C(C)CCCC1C.[Br-],-1.4668711,-0.16097888
N#CCc1ccccc1C#N,-1.4512125,-1.6834018
O=c1ccoc2c1cccc2,-1.4464483,-1.9015846
OC(=O)C1CCn2c1ccc2C(=O)c1ccccc1.OCC(CO)(CO)N,-1.4405273,-1.2809899
Cc1c(C)cccc1O,-1.43,-1.3657026
CC(CCCC(N)C)C,-1.4209585,-1.6932712
OC(=O)[C@H]1CC[C@@](C1(C)C)(C)C(=O)O,-1.42,-1.2969619
COCCCNCC1COc2c(O1)cccc2.Cl,-1.4120593,-1.2497337
CC(=O)Nc1ccccc1Cl,-1.4,-1.8863351
CCCCN1CCCC1=O,-1.3993694,-1.2835805
CCC(=O)N1C(C)CN(CC1(C)C)C,-1.3986194,-1.6116776
Cn1c(=O)n(C)c2c(c1=O)[nH]cn2,-1.39,-1.1684796
O=CN(/N=C/CC(C)C)C,-1.3813182,-1.1460845
CCCCNC1=CC(=O)c2c(C1=O)cccn2,-1.3741188,-1.7238634
CC(NCC(c1ccccc1Cl)O)C.Cl,-1.3729172,-1.7917225
Clc1ccc(c(c1)C(=O)N)N,-1.3722303,-1.638912
CC(Cc1ccccc1)O,-1.3678939,-1.0187885
OCC(CNc1ccccc1C(=O)N)O,-1.3613273,-0.4651066
ClCC=C,-1.36,-0.97902
CCCCC(=O)OC,-1.36,-1.2209668
[O-][N+](=O)c1c(Cl)ncn1C,-1.3593043,-1.6374557
O=C1NC(=O)NC21CCCCC2,-1.3583481,-1.4209495
ClC(C(=O)NC(=O)N)C(C)C,-1.358325,-1.0701303
COc1cc(cc(c1O)OC)C(=O)C,-1.3521869,-1.475285
NC(=O)NCCc1ccccc1,-1.3467499,-1.1463568
COP(=S)(OC)OC,-1.3343648,0.1615408
CC(=O)C#Cc1ccccc1,-1.3200349,-1.842046
OC1CCc2c1cccc2,-1.3174487,-1.5134625
OC[C@H]1O[C@H](C[C@@H]1O)n1cc(F)c(nc1=O)NC,-1.316787,-1.172059
COc1nc(C)nc(n1)N,-1.3027253,-1.03332
CCC(=O)N1CCN(CC1)C,-1.3022242,-0.05807486
CC(C(=O)C(C)C)C,-1.3,-1.3179343
OC1CCCCCCC1,-1.29,-1.9136877
FCCCCC#N,-1.2888509,-0.9750425
CC1CCCC(C1)O,-1.2801937,-1.2534128
O=C1C[C@@H]2OCC=C3[C@H]4[C@@H]2[C@@H]2N1c1ccccc1[C@]12CC[N+]([C@H]1C4)(C3)[O-],-1.2750734,-3.94704
CC1C2CCC(C1(C)N)C2,-1.2522328,-1.4718797
CC[N+](CCOC(=O)C(c1ccccc1)(c1ccccc1)O)(CC)C.[Br-],-1.2509376,-1.6006823
O=C1NS(=O)(=O)Cc2c1cccc2,-1.2496015,-1.8971066
CCS(=O)(=O)c1ccc(cc1)F,-1.2493507,-1.9952571
N1CCNCC1.OC(=O)Cn1cnc2c1c(=O)n(C)c(=O)n2C,-1.2391603,-1.1280878
NNc1ccc(cc1)C,-1.2387791,-1.1015701
CCOC(=O)C(C(C(F)(F)F)(C(F)(F)F)O)C(=O)C,-1.2360053,-1.4810402
OC(=O)Cc1ccc(cc1)N,-1.232606,-1.0438526
O=C1Nc2c(C1=O)c(C)ccc2,-1.2309073,-1.1916883
CCC1(C)CC(=O)NC(=O)C1,-1.228372,-0.9200186
OCCCNc1ccccc1C(=O)N,-1.2157078,-0.91796064
O=C([C@@H](C1=CCC=CC1)N)N[C@@H]1C(=O)N2[C@@H]1SCC(=C2C(=O)O)C,-1.2149495,-1.8031945
OC(COc1ccc(cc1)CC(=O)N)CNC(C)C	,-1.21,-1.3288383
Nc1ncc2c(n1)nc[nH]2,-1.2099504,-1.3825569
O=c1[n-]c(=O)n(c2c1n(C)cn2)C.[Na+],-1.2087616,-0.93774563
N[C@H](C(=O)O)CC[S+](C)C.[Cl-],-1.2048448,0.26707357
CC(C#C)NCc1ccccc1,-1.2028998,-2.212285
OCC(COc1ccc(cc1)C(=O)C)O,-1.1955879,-0.9011171
CN(CCOCCCOC(=O)c1ccc(cc1)N)C,-1.1774647,-1.2172055
CN1CCC(CC1)(C(=O)C)c1cccc(c1)O,-1.1720356,-1.5991459
CCC(CO)CC,-1.17,-1.0201361
CC[Hg]OC(=O)C[S-].[K+],-1.1622136,-1.0519958
c1ccc2c(c1)ocn2,-1.16,-2.0992575
OC(=O)c1cc(O)c(c(c1)O)O,-1.16,-1.2394981
C=CCC1(C)C(=O)NC(=O)NC1=O,-1.16,-1.5950093
OCC(COc1ccccc1OC)(O)C,-1.1565758,-1.4343529
NNC(c1ccccc1)C,-1.1550778,-1.0340757
CN1CCN(C1=Nc1ncc(s1)[N+](=O)[O-])C,-1.1538446,-2.5805693
O=C(C(c1ccccc1)(C1CCCC1)O)OC1CC[N+](C1)(C)C.[Br-],-1.1452578,-1.4560981
CC([N+](CCOC(=O)C(c1ccccc1)(c1ccccc1)O)(C)C)C.[Cl-],-1.1412246,-1.6806905
CNS(=O)(=O)Cc1ccc2c(c1)c(CCN(C)C)c[nH]2,-1.1408107,-2.236675
Oc1cc2O[C@H](c3ccc(c(c3)O)O)[C@H](C(=O)c2c(c1)O)O,-1.1402218,-2.9292645
Nc1cc[nH]c(=O)n1,-1.14,-0.76334214
Nc1ccnn1c1ccccc1,-1.1374632,-1.4696131
Nc1[nH]ncc1c1ccccc1,-1.1374632,-1.1001309
Brc1ccc(nc1)OCCNCCSS(=O)(=O)O,-1.1330007,-1.189168
CCNC1=NC(=O)C(O1)c1ccccc1,-1.1305656,-1.8157287
C[C@H]1C[C@@H](C)C(=O)[C@H](C1)[C@H](CC1CC(=O)NC(=O)C1)O,-1.13,-1.4865367
[O-]S(=O)(=O)[O-].COc1c(OC)ccc2c1c[n+]1CCc3c(c1c2)cc1c(c3)OCO1.COc1c(OC)ccc2c1c[n+]1CCc3c(c1c2)cc1c(c3)OCO1,-1.1238799,-6.4390535
OC[C@H]1O[C@H](C[C@@H]1N=[N+]=[N-])n1cc(C)c(=O)[nH]c1=O,-1.1237135,-2.0926313
C[C@@H]1N(C)CCO[C@H]1c1ccccc1.Cl,-1.119378,-0.7182438
CCCCCCOCN1C=C[NH+](/C/1=C/[NH+]=O)C.[Cl-],-1.1193032,-1.3244717
NC(=O)OC[C@@H]1N=C(N)N2[C@@]3([C@H]1NC(=N3)N)C(O)(O)CC2.Cl.Cl,-1.1118447,-0.793289
COc1ncc2c(n1)nccn2,-1.11,-1.1152097
NNC(=O)c1cc(Cl)nc(c1)Cl,-1.109802,-1.4554167
CN/C(=C\[N+](=O)[O-])/NCCSCc1ccc(o1)CN(C)C,-1.105495,-1.6528904
CCCC(C(c1ccccc1)O)[NH2+]C.[Cl-],-1.1011803,-0.8777104
CCCCCCN,-1.1,-0.9351857
OC(=O)COc1ccccc1,-1.1,-1.2724462
O=C1CC[C@@]2([C@@]34[C@H]1Oc1c4c(C[C@H]2N(CC3)C)ccc1O)O,-1.0986675,-1.6085987
COC(=O)C(=O)N1C2CCC1CN(C2)C,-1.0963967,-0.3785244
Fc1c[nH]c(=O)[nH]c1=O,-1.07,-1.1428237
[O-][N+](=O)/N=C(/n1nc(cc1C)C)\N,-1.0641997,-1.6087346
CCCl,-1.06,-0.23143803
C/C=C\1/C[C@@H](C)[C@](O)(CO)C(=O)OCC2=CCN3[C@H]2[C@H](OC1=O)CC3,-1.0573908,-1.681196
O=C1CC[C@H](N1)C(=O)N[C@H](C(=O)N1CCC[C@H]1C(=O)N)Cc1[nH]cnc1,-1.0513203,-0.98604214
CN1CCc2c(C1)cccc2.Cl,-1.0361727,-0.984823
CC(=O)Nc1ccc(cc1)O,-1.03,-1.1119659
Cc1onc(c1)C,-1.029066,-0.43524164
CC1CCCC(N1)(C)C,-1.0290459,-1.1204772
OS(=O)(=O)O.O[C@H]1C=C[C@@H]2[C@@]34[C@H]1Oc1c4c(C[C@H]2N(CC3)C)ccc1O.O[C@H]1C=C[C@@H]2[C@@]34[C@H]1Oc1c4c(C[C@H]2N(CC3)C)ccc1O,-1.0157093,-2.2841673
OC(COc1cccc2c1C[C@H](O)[C@@H](C2)O)CNC(C)(C)C	,-1.01,-1.3674109
OCC(COCc1ccccc1)O,-1.0077406,-0.9813248
CNC(=O)c1ccccc1O,-1.0062649,-1.141377
CCC[C@](CC)(O)C,-1.0,-1.3297927
OCC([C@H](C(=O)NCCC(=O)NCCSSCCNC(=O)CCNC(=O)[C@@H](C(CO)(C)C)O)O)(C)C,-0.99094903,-0.6050724
COCCNCC(C(Oc1ccccc1)(C)C)O,-0.9870667,-1.9000397
CC(=O)Nc1ccc(cc1)N,-0.98,-1.264205
Nc1ccc2c(c1)ccc(=O)o2.Cl,-0.9736072,-0.79672307
Nc1nc(=O)[nH]cc1F,-0.97,-0.7633084
CC(Cc1ccc(cc1)O)NCC(c1cc(O)cc(c1)O)O.Br,-0.9676361,-0.8668529
C=COC=C,-0.95973593,-0.80156326
Oc1cc(O)c(c(c1)O)C(=O)O,-0.95891374,-1.05863
Oc1cc(C(=O)O)c(cc1O)O,-0.95891374,-1.1015325
FCCSC#N,-0.95726866,-0.59588695
CCOC(=O)C1CC2CCN1CC2,-0.9491792,-0.9577229
NCCc1c[nH]c2c1cc(O)cc2,-0.9450227,-0.5225722
CCCC(CCC)N,-0.9432632,-1.442841
C[C@@H]1CCCCC1=O,-0.94,-1.2911739
Cc1nn(c(c1)N)c1ccccc1,-0.9375655,-1.8085551
CC(=C)C(=O)OCC1CO1,-0.9352752,-0.56560946
CN1CCN(C1c1ccc(cc1)Cl)C,-0.93450874,-1.6638632
CCC(C#C)(/C=C/Cl)O,-0.92362505,-1.230546
CN(CCOc1ccccc1)C,-0.9106086,-1.448669
NC(=O)c1cnccn1,-0.91,-0.42401436
OC(=O)Cc1cscc1,-0.90977603,-0.712347
SC(=S)N1CCNCC1,-0.90833783,-0.4000745
CN(CCCCCCN(C)C)C,-0.9024754,-0.6338488
CCCC[N+](CCCC)(CCCC)C.[OH-],-0.9010909,-1.0103679
CC(=O)NC(=O)N,-0.9,-0.035875738
Nc1c2ccccc2nc2c1cccc2.Cl,-0.8991452,-3.2007246
NN(c1ccccc1)Cc1ccccc1.Cl,-0.8963468,-2.3450334
CCCCOC(=O)CO[NH3+].[Cl-],-0.8928805,-0.44940197
ClCBr,-0.89,-1.0624121
CCc1ccc(c(c1)CN(C)C)O,-0.8898787,-1.8445575
NC(=N)SCCSC(=N)N.Br.Br,-0.88814884,-0.3499354
[O-][N+](=O)c1cccnc1OCCCNCCSS(=O)(=O)O,-0.8816963,-1.4677062
OCCN(C(=O)/C=C/c1ccccc1)CCO,-0.8802289,-1.0316231
OC1CCCCCC1,-0.88,-1.452815
ClCc1cccc(n1)C.Cl,-0.8721587,0.05369699
Clc1cnc2c(n1)cncn2,-0.87,-1.4692717
COc1ccc(cc1C(C[N+](C)(C)C)C)OC.[Cl-],-0.8680611,0.16916114
C=CCC(OCn1ccn(/c/1=C/[NH+]=O)C)CCC=C.[Cl-],-0.8571109,-0.44586536
OC(=O)CNC(=O)c1ccccc1O,-0.8561725,-1.2934453
Cc1cccc(c1)N,-0.85,-0.98879266
CCOC=C,-0.85,-0.21890038
CCC(CC)(CC)O,-0.85,-1.609329
COC1=C(C(=O)O)N2[C@H](SC1)[C@@H](C2=O)NC(=O)[C@@H](C1=CCC=CC1)N,-0.8484435,-1.8099098
c1ccc(cn1)OCCCN1CSCC1.Cl.Cl,-0.8457385,-0.44268128
OC1C(=O)NC(=O)NC1=O,-0.8426514,-1.396749
OCCN1CCOC1=Nc1ncc(s1)[N+](=O)[O-],-0.8332899,-2.1546917
CCCC(=O)C=C,-0.83,-0.921894
O=[NH+]/C=C/1\N(COC2CCCCCC2)C=C[NH+]1C.[Cl-],-0.8224015,-1.755821
CCCC(=O)OC,-0.82,-0.6513748
OC(c1ccccc1)COC(=O)N,-0.8161274,-1.2977664
Nc1ccc(cc1)O,-0.8,-0.1360506
NC(=O)OCC(C)(C)C,-0.8,-0.8378672
ON=C1CCCCC1,-0.7984204,-1.1220021
CCN(C(=O)CCC(=O)O)CC,-0.7937528,-0.50838876
Cc1ncsc1CC(=O)O,-0.7864835,-0.8627075
OCC(COc1ccc(cc1)C=O)O,-0.7835009,-0.7009577
CN([C@@H]1C(=O)C(=C([C@@]2([C@H]1CC1C(=C(O)c3c([C@@]1(C)O)c(Cl)ccc3O)C2=O)O)O)C(=O)N)C.Cl,-0.7831862,-1.7971678
CC(=O)Oc1cccc(c1)O,-0.7820766,-1.2024112
COc1ccc(cc1)N,-0.76823276,-0.8187279
Cc1[nH]nc(c1)C,-0.76644266,0.16128835
Cc1[n+](CCCCC[N+](C)(C)C)ccc2c1c1ccccc1[nH]2.[Br-].[Br-],-0.7433504,-1.3787072
[O-][N+](=O)c1nccn1CC(COC)O,-0.7426071,-0.66564476
O=[NH+]/C=c/1\ccccn1C.[I-],-0.74047124,0.58703125
ONc1ccccc1,-0.74,-1.0606287
COC(=O)c1ccccc1O[C@@H]1O[C@H](CO[C@H]2OC[C@@H]([C@H]([C@@H]2O)O)O)[C@H]([C@@H]([C@H]1O)O)O,-0.74,-0.75655365
CCCCCC(=O)NO,-0.73763984,-0.9139835
Nc1ccc2c(c1)cn[nH]2,-0.7285039,-0.9108055
Nc1ccc2c(c1)[nH]nc2,-0.7281549,-0.9053741
Nc1ccc2c(c1)nc(o2)N,-0.71878713,-1.4826539
Cc1ccc(cc1)O,-0.7,-1.0056419
ClC1CS(=O)(=O)CC1Cl,-0.6866271,-1.3650622
CC[C@H](C(=O)C)C,-0.67,-0.9058924
[O-][N+](=O)Nc1ccccn1,-0.66049725,-1.3752308
CCOC(=O)CC,-0.66,-0.65081525
CCN1CCCN(C1=S)CC,-0.64967275,-1.0425823
OCCN(c1nc2c(n1C)c(=O)n(c(=O)n2C)C)C,-0.6488298,-1.7844002
Nc1ccccc1S(=O)(=O)N,-0.6449736,-1.2859247
O=Cc1cnc(n1C)[N+](=O)[O-],-0.6378584,-1.4386482
OS(=O)(=O)O.CCCCNCC(c1ccc(cc1)O)O.CCCCNCC(c1ccc(cc1)O)O,-0.6059865,-0.6952951
O=C1CCCCC1,-0.6,-1.0038773
CC(=O)OC(COC(=O)C)COC(=O)C,-0.6,-1.0633941
CCS,-0.6,-0.43778443
O[C@@H]([C@@H](N(C)C)C)c1ccccc1.Cl,-0.5982935,-0.035453558
OCc1c(C)[nH]c(=O)[nH]c1=O,-0.5940706,-1.1990722
CO[C@H]1C=CC2=CCN3[C@]2(C1)C1=C(CC3)COC(=C1)[O-].[Na+],-0.579863,-0.11433211
C/C=C/C=C/CO,-0.57923967,-0.7316258
OC(=O)CC1CC(C1(C)C)C(=O)C,-0.57517606,-1.6457472
OCC1COC(O1)(C)C,-0.57099074,0.35276204
CCOP(=O)(SCCN(C)C)OCC,-0.5682845,-0.80049527
O=[NH+]/C=c/1\n(COC(C(CC)C)C)ccn1C.[Cl-],-0.5626686,-0.5410717
C1CCN(CC1)C=CC=CC=[N+]1CCCCC1.[Cl-],-0.56259835,-0.41922498
NC(=O)CC[C@H](C(=O)O)N,-0.55,-0.60815495
O1CCOCCOCCOCCOCCOCC1,-0.547529,-0.28720266
O=C1CC(C)(C)CC(=O)N1C,-0.5396053,-0.81215495
[O-][N+](=O)c1nccn1CC(CF)O,-0.5269063,-1.0386007
OCCC(C)C,-0.52,-0.2735391
OC(=O)C(=O)[O-].Oc1ccc2c(c1)c(CC[NH+](C)C)c[nH]2,-0.51119334,-1.7980075
CCNC(C)(C)C.Cl,-0.50128967,0.25432998
OC(=O)C(Cl)(Cl)Cl,-0.47600096,0.17118326
OC[C@H]1O[C@H]([C@@H]([C@@H]1O)O)n1ncc(=O)[nH]c1=O,-0.47142172,-0.25311267
NC(=S)c1ccccc1,-0.4672939,-0.8630715
CC(=O)C[C@@H]1CCCCN1,-0.45,-0.9965454
OC1CCCCC1,-0.44,-0.8285044
[O-]S(=O)CCCCSSCCNC(=O)C.[Na+],-0.43806154,-1.518848
NCCCCCCNCCSP(=O)(O)O.O,-0.43392977,-0.017187
CCN(CCOC(=O)c1cccnc1)CC,-0.43331406,-1.0464187
ClCCOS(=O)(=O)C,-0.43313634,-0.4525939
O=C1C=CC2(O1)CCC12C=CC(=O)O1,-0.4278637,-1.1354935
Nc1ccccc1N,-0.42,-0.55342436
CSCC[C@H](C(=O)O)N,-0.42,0.13691196
CC(=O)OCC#C,-0.41648558,-0.14653572
OC(CN1CCN(CC1)C)COc1cccc(c1)C(=O)C.Cl.Cl,-0.41342464,-0.43713063
NC(=O)N(c1ccccc1C)C,-0.40314957,-1.3131009
OCC(C)(C)C,-0.4,-0.27398258
CC1C[N+]2(COC[N+]34CCC(CC3)C(C4)C)CCC1CC2.[I-].[I-],-0.38876387,-3.9060931
CC(=O)Nc1cccc(c1)[As](=O)(O)[O-].[Na+],-0.38812286,-0.963461
COc1cc(cc(c1C)C)[N+](C)(C)C.[I-],-0.37644446,0.28277487
CCCOC(=O)c1ccc(cc1)[O-].[Na+],-0.37175578,-1.3319232
OC(C(F)(F)F)(C(F)(F)F)N1CCNCC1.O,-0.3634593,-0.452213
O=C1NC(=O)C(O1)(C)C,-0.35985166,-0.52473414
CC(=O)c1cccc(c1)[NH+](O)C.[Cl-],-0.35569644,0.030009389
CN(CCc1c[nH]c2c1ccc(c2)O)C,-0.35260364,-0.9796556
CCC(NCC(c1ccc(cc1)N)O)C,-0.35161993,-1.0803607
NC(=O)OCc1ccccc1,-0.35,-1.2250805
O=C1CCCCCCN1,-0.3349177,-0.95375127
O=C1C(=C(N2CC2)C(=O)C=C1N1CC1)N1CC1,-0.33470735,-0.81748307
OCc1cnc(c(c1C)O)C.Cl,-0.33000407,0.13501486
ON=C1CCCC1,-0.32513803,-0.61362875
O=[NH+]C=c1ccn(cc1)COCn1ccc(=C[NH+]=O)cc1.[Cl-].[Cl-],-0.32311127,0.28653973
CCN1CCN(C1=S)CC,-0.31317076,-0.6187441
OC(c1ccc(cc1)O)CNC(C)C,-0.3115248,-0.84449595
Cc1cc(=O)c2n([nH]1)cnn2,-0.2810768,-0.2942871
CCC(=O)CC,-0.28,-0.6091449
c1cc[n+](cc1)CC[n+]1ccccc1.[Br-].[Br-],-0.2650011,0.90773886
NC(=S)c1ccccn1,-0.26097304,0.04422027
CC1=NCCN1,-0.26045567,0.7125724
NC(=O)CN1CCCC1=O,-0.23374555,-0.42216566
OC[C@H]1O[C@H]([C@@H]([C@@H]1O)O)n1ccc2c1[nH]cnc2=O,-0.22007722,-1.1525433
CCNCCCNCCSP(=O)(O)O.CCNCCCNCCSP(=O)(O)O.O.O.O,-0.20751426,0.05912289
OC[C@@]([C@@H]([C@@]12OCCC(=C)[C@@](C(=O)N1)(NC2=O)O)O)(O)C,-0.19711249,-0.10500944
CN(CCOC(=O)C(=C)C)C,-0.17077307,-0.3286422
Oc1ccc(cc1)O,-0.17,-0.14504847
COP(=O)(CCOC(=O)C)OC,-0.15902507,0.22910821
CC(CNCCSS(=O)(=O)O)(C)C,-0.15527302,-0.33063036
OCCCn1cnc2c1c(=O)n(C)c(=O)n2C,-0.15509182,-0.8694687
OCC(CS)S,-0.15465829,-0.053061843
CC1NC(=O)C(NC1=O)C,-0.15277131,-0.3510521
O=[NH+]/C=c/1\n(COCc2ccccc2)ccn1C.[Cl-],-0.14492734,-0.6336626
CCC12COP(OC1)OC2,-0.14352407,-0.8764222
Cc1cccc(c1)C(C([NH3+])C)O.[Cl-],-0.13737564,-0.06686032
[O-][N+](=O)c1nccn1CC(CO)O,-0.13675073,-0.5361713
CC(=O)/C=N/O,-0.12826644,0.040095985
OP(=O)(O)O.COc1ccc2c3c1O[C@@H]1[C@@]43CCN([C@H](C2)[C@@H]4C=C[C@@H]1O)C,-0.10782684,-0.7404766
CCOCC,-0.09,0.35520005
OP(=O)(O)O.CC(Cc1ccccc1)N,-0.08670261,-0.016450912
O=C1OCC2=CCN3[C@H]2[C@@H](CC3)OC(=O)[C@@]2(C[C@H]([C@@]1(C)O)C)O[C@H]2C,-0.08640802,-1.7334199
NCCCCCF,-0.04319711,0.010177255
O[C@@H]1C[C@H]2CC[C@@H]([C@H]1C(=O)O)N2C,-0.02,-0.11677748
C[n+]1ccc(cc1)c1cscc1.[I-],-0.017780356,0.008274019
NCC(Sc1ccccc1)(O)C,-0.015115744,-1.064381
Oc1ccccc1,0.0,-0.68316746
[O-]C(=O)C.[O-]C(=O)C.[Co+2],0.000438928,-0.5490117
[O-]C(=O)c1n(C)c(C(=O)[O-])c(c(=O)c1I)I.[Na+].[Na+],0.006209415,-1.0115908
CCN1CCCC1=O,0.006248949,-0.34319225
NNC(=O)c1ccncc1,0.01,-0.22980878
CC(=C)C(=O)O,0.01,-0.18697155
c1ncc2c(n1)nccn2,0.02,-0.6553352
c1ncc2c(n1)nccn2	,0.02,-0.6553352
[O-][N+](=O)[O-].OCC(c1ccccc1)C(=O)OC1C[C@@H]2CC[C@H](C1)[N+]2(C)C,0.024411708,-2.842955
O=C1O[C@@H]2CCN3[C@@H]2C(=CC3)COC(=O)[C@]([C@]([C@H]1C)(C)O)(C)O,0.05945977,-1.0039332
NCCCCNCCCSP(=O)(O)O.C.C,0.064106345,0.10173738
[O-]S(=O)(=O)[O-].[Mg+2],0.065952346,1.557246
OC[C@H]1OC([S-])[C@@H]([C@H]([C@@H]1O)O)O.[Au+],0.07592887,0.11112845
OC1C[C@@H]2CC[C@H](C1)N2C,0.08261011,0.0627608
COP(=O)(N(C)C)OC,0.08681536,0.80469006
CN(CCOC(=O)c1cccnc1)C,0.10260987,-0.46044177
C[C@@H]1CCCO1,0.11,-0.38606092
OCC1CC2CCN1CC2.Cl,0.11399299,0.23810107
COCc1c(CO)cnc(c1O)C.Cl,0.119137,-0.35967797
CC[N+](CCOc1ccc(cc1)OCC[N+](CC)(CC)CC)(CC)CC.[I-].[I-].[I-],0.11949839,-0.66967404
[O-]S(=O)(=O)CS(=O)(=O)[O-].[Ca+2],0.12550807,0.13337415
CC(C[N+](C)(C)C)OC(=O)c1ccccc1.[I-],0.14710692,0.35820174
CCOC=O,0.15,0.08319515
COc1ccc(cc1)C(C(N)C)O.Cl,0.15070628,0.16953057
NCCC[C@@H](CC(=O)N[C@H]1CNC(=O)[C@@H](NC(=O)/C(=C/NC(=O)N)/NC(=O)[C@@H](NC(=O)[C@@H](NC1=O)CO)CO)[C@H]1C[C@H](O)N=C(N1)N)N,0.16386585,0.8003916
O=C(c1nccnc1)NCN1CCOCC1,0.17599745,-0.91149324
[O-][n+]1cc(ncc1C)C(=O)O,0.19558321,-0.5346077
CCOc1ccc(cc1)N.Cl,0.20282999,-0.2487879
OC[C@H]1O[C@H]([C@@H]([C@@H]1O[C@H]1O[C@@H](CN)[C@H]([C@@H]([C@H]1N)O)O)O)O[C@@H]1[C@@H](O)[C@H](N)C[C@@H]([C@H]1O[C@H]1O[C@H](CO)[C@H]([C@@H]([C@H]1N)O)O)N,0.21067743,0.09800744
OC[C@H]1O[C@H]([C@@H]([C@@H]1O[C@H]1O[C@@H](CN)[C@H]([C@@H]([C@H]1N)O)O)O)O[C@@H]1[C@@H](O)[C@H](N)C[C@@H]([C@H]1O[C@H]1O[C@H](CN)[C@H]([C@@H]([C@H]1N)O)O)N,0.2113721,0.13386923
Oc1cc(O)cc(c1)O.O.O,0.21171105,1.0827615
CC[N+](Cc1ccccc1Cl)(CCNC(=O)C(=O)NCC[N+](Cc1ccccc1Cl)(CC)CC)CC.[Cl-].[Cl-],0.21576086,-5.672608
O=C(N(C)C)Oc1cccc(c1)[N+](C)(C)C.[Br-],0.2172408,0.5354228
OCc1c(CO)cnc(c1O)C,0.22190012,-0.18168515
CC[N+](CCCCc1ccc(cc1)[N+](CC)(CC)CC)(CC)CC.[I-].[I-],0.2303266,0.5899556
OC[C@@H]1O[C@@H](O[C@H]2[C@H](O[C@H]3[C@H](O)[C@@H](O)[C@@H]([C@H]([C@@H]3N=C(N)N)O)N=C(N)N)O[C@H]([C@]2(O)CO)C)[C@H]([C@@H]([C@H]1O)O)NC,0.23388769,0.06958413
CC[N+](CCCc1ccc(cc1)[N+](CC)(CC)CC)(CC)CC.[I-].[I-],0.24080521,0.4545688
NC1=NC(CS1)C(=O)O,0.25676352,-0.32931644
CC[N+](CCCc1ccc(cc1)[N+](CC)(CC)C)(CC)C.[I-].[I-],0.2625529,0.55193186
CC[N+](CCOC(C[N+](CC)(CC)CC)C)(CC)CC.[I-].[I-],0.26573718,0.4019541
CCCCNCCSS(=O)(=O)O,0.2697793,0.11404663
CCC(C#C)O,0.2775994,-0.07499975
CC(C(=O)O)C,0.28,-0.09971085
CC[N+](CCCc1ccc(cc1)[N+](CC)(C)C)(C)C.[I-].[I-],0.2854473,0.5165757
NCC(CNCCSP(=O)(O)O)O.NCC(CNCCSP(=O)(O)O)O.O.O.O,0.288629,0.081543386
CC[N+](CCOC(C[N+](CC)(C)C)C)(CC)CC.[I-].[I-],0.28880456,0.441047
OC(=O)CCCN1CCOCC1,0.29290092,-0.20837593
C[N+](CCCC[N+]1(C)CC2CCCC(C1)C2)(C)C.[I-].[I-],0.29390466,-1.9839954
C[C@@H](C(F)(F)F)O,0.3,0.4507457
CC[N+](CCCOCCC[N+](C)(C)C)(CC)C.[I-].[I-],0.30081466,0.56634
COC[C@@]12CN(CC)C3[C@]4([C@@H]2[C@@H](OC)[C@@H]3[C@@]2([C@@H]3[C@H]4C[C@@]([C@@H]3O)([C@H]([C@@H]2O)OC)O)O)[C@H](C[C@H]1O)OC,0.3013767,-1.4346771
COc1ccc(cc1C(C([N+](C)(C)C)C)O)OC.[Cl-],0.30207777,0.09943235
OS(=O)(=O)O.NC(=NCCN1CCCCCCC1)N.NC(=NCCN1CCCCCCC1)N,0.30565807,-1.9224424
C[N+](CCC[N+]1(C)CC2CCCC(C1)C2)(C)C.[I-].[I-],0.30605862,-0.29970804
CC[N+](CCSCC[N+](C)(C)C)(CC)C.[I-].[I-],0.3113533,0.39926797
CC[N+](CC(OCC[N+](C)(C)C)C)(CC)C.[I-].[I-],0.3131663,0.398351
CC[N+](CCOCCC[N+](C)(C)C)(CC)C.[I-].[I-],0.3131663,0.47009748
CCC[N+](CCOCC[N+](C)(C)C)(CC)C.[I-].[I-],0.3131663,0.36958814
CC[N+](CCOC(C[N+](CC)(C)C)C)(C)C.[I-].[I-],0.3131663,0.38386852
C[N+](CCOCC[N+]1(C)CCOCC1)(C)C.[I-].[I-],0.3132056,0.25659478
[O-]C(=O)CC[C@@H](C(=O)[O-])NC(=O)c1ccc(cc1)NCc1cnc2c(n1)c(=O)nc([nH]2)N.[Na+].[Na+],0.31392884,-0.28400463
O=C1C=C[C@]2(C(=C1)CC[C@@H]1[C@@H]2[C@@H](O)C[C@]2([C@H]1CC[C@]2(O)C(=O)COP(=O)([O-])[O-])C)C.[Na+].[Na+],0.31480303,-1.2466764
NCc1c(CO)cnc(c1O)C.Cl.Cl,0.31675118,0.41493273
C[N+](CC[N+]1(C)CC2CCCC(C1)C2)(C)C.[I-].[I-],0.31856245,-0.24152374
O=S1(=O)CC=CC1,0.32079038,0.40822625
CNC(C1CCC(C(O1)OC1C(N)CC(C(C1O)OC1OCC(C(C1O)NC)(C)O)N)N)C,0.32093295,-0.064489186
C[N+](CCc1ccc(cc1)[N+](C)(C)C)(C)C.[I-].[I-],0.3222243,0.5035358
CC[N+](CCOCC[N+](C)(C)C)(CC)C.[I-].[I-],0.32587954,0.36733478
C[N+](CCCOCCC[N+](C)(C)C)(C)C.[I-].[I-],0.32587954,0.556848
Brc1c[n+](CCC[N+](C)(C)C)cc2c1cccc2.[Br-].[Br-],0.32877254,0.17347574
CC[N+](CCOCC[N+]1(CC)CCCCC1)(CC)CC.[Br-].[Br-],0.35036144,-0.26380718
CC[N+](CCCOCCC[N+](CC)(CC)CC)(C)C.[Br-].[Br-],0.36220917,0.69636875
OC(=O)C1(N)CC1,0.36407188,0.21061802
C[N+](CCC[n+]1cccc2c1c1ccccc1[nH]2)(C)C.[Br-].[Br-],0.36734027,-0.4864828
C[N+](CCC[n+]1ccc2c(c1)c1ccccc1[nH]2)(C)C.[Br-].[Br-],0.36734027,-0.39966846
CC[N+](CCSSCC[N+](CC)(C)C)(C)C.[Br-].[Br-],0.3702704,0.33852047
CC[N+](CCSCC[N+](CC)(CC)CC)(C)C.[Br-].[Br-],0.3743707,0.44171983
CC[N+](CCCOCC[N+](CC)(CC)CC)(C)C.[Br-].[Br-],0.3764675,0.60812104
CC[N+](CCS(=O)CC[N+](CC)(C)C)(C)C.[Br-].[Br-],0.38694826,0.45432848
OCCCN(CC)CC,0.38904917,0.6137468
C[N+](CCC[N+]1(C)CCc2c(C1)cccc2)(C)C.[Br-].[Br-],0.38910362,0.62157327
Cc1[n+](CCC[N+](C)(C)C)ccc2c1cccc2.[Br-].[Br-],0.39341444,0.49819493
CC[N+](CCSCC[N+](CC)(C)C)(C)C.[Br-].[Br-],0.4042239,0.39071786
C[N+](CCC[NH+]1CCc2c(C1)cccc2)(C)C.[Br-].[Br-],0.4042889,0.40710217
CCOP(=O)(SCC[N+](C)(C)C)OCC.[I-],0.41654617,-0.16002184
CCC(SS(=O)(=O)O)(N=C(N)N)C,0.41938064,-1.3765261
NCCCC(=O)OCC.Cl,0.42204422,-0.053555727
ClCCNC[C@H]([C@H]([C@@H]([C@@H](CNCCCl)O)O)O)O.Cl.Cl,0.42237955,-0.5658409
CCC12COP(=O)(OC1)OC2,0.42505592,-0.3944689
CC[N+](CCCC[N+](CC)(C)C)(C)C.[Br-].[Br-],0.44105875,0.6055741
NCCCNCCCCNCCCN.Cl.Cl.Cl.Cl,0.45819867,-1.1733971
C[N+](CCCCC[N+](C)(C)C)(C)C.[Br-].[Br-],0.4582124,0.5119541
ICC[N+](C)(C)C.[I-],0.46727744,0.17764384
CS(=O)(=O)OCCCNCCCOS(=O)(=O)C.Cl,0.4870236,-0.4100684
CCOC(=O)C1CC2CC[N+]1(C)CC2.[I-],0.48786283,-0.08609064
C[C@@H]1NC[C@H](NC1)C,0.49,0.4621566
OC(C(C(=O)O)O)C(=O)O.NCC(c1ccc(c(c1)O)O)O,0.49584734,0.2589851
O=C1NC(=O)CN(C1)CC(N1CC(=O)NC(=O)C1)C,0.50894094,-0.62338626
OCN(c1nc(nc(n1)N(CO)CO)N(CO)CO)CO,0.5138828,0.303006
COC(=O)C,0.52,0.31776875
COc1cccc(c1)C[N+](C)(C)C.[Br-],0.52450323,0.41085488
Cl[As](c1ccc(c(c1)N)O)Cl.Cl,0.5370034,-0.9193947
SC/C(=[NH+]\CCC[NH+]1CCOCC1)/N.[Cl-].[Cl-],0.5372322,-0.5517075
NCCc1cccc(c1)O.Cl,0.5506354,0.4112209
C1CCCO1,0.56,0.04343599
OS(=O)(=O)O.Cc1nccnc1N1CCCCC1,0.5601575,-1.3146367
OCC[N+](CC)(CC)CC.[I-],0.5635861,0.7616611
C[N+](Cc1ccco1)(C)C.[I-],0.5733099,0.6211862
CCC=O,0.58,-0.04546058
Cc1cc(C)c(cc1[N+](C)(C)C)O.[Br-],0.58473444,0.48754454
O[C@H]([C@H](C(=O)O)O)C(=O)O.OCc1cccnc1,0.58634156,0.47068053
[O-]P(=O)(OCC[N+](C)(C)C)[O-].[Cl-].[Ca+2],0.5889463,0.63692343
OC[C@H](COP(=O)(OCC[N+](C)(C)C)[O-])O,0.5896902,1.0845177
O=c1ccnc[nH]1,0.59,-0.086203575
NCCCNCCCCN.Cl.Cl.Cl,0.59410065,-0.12548104
Oc1ccccc1C[N+](C)(C)C.[Br-],0.6088037,0.65759814
Cc1ccc(cc1O)[N+](C)(C)C.[Br-],0.6088037,0.55126446
COC(=O)C(Cc1ccc(cc1)O)(N)C.Cl,0.6095895,-0.4486246
COCC[N+](C)(C)C.[I-],0.6106496,0.7246322
O=C(c1ccccc1)OCC[N+](C)(C)C.[Cl-],0.6130892,0.47273922
C#CCCOCn1ccc(=C[NH+]=O)cc1.[Cl-],0.6185474,0.070026815
Oc1ccccc1O,0.62,-0.43681014
NCCCNCCCCNCCCN.Cl,0.6219584,-0.0034083128
O=[As]c1ccc(c(c1)N)O.Cl,0.6280109,-0.4263601
OC[C@H]([C@H]([C@@H]([C@H](C(=O)[O-])O)O)O)O.[K+],0.63032967,0.6715388
NCCCNCCSP(=O)(O)O.O,0.6340723,0.6106336
Cn1ccn(/c/1=C\[NH+]=O)COCC#C.[Cl-],0.6389071,0.41618055
NCCCCNCCSP(=O)(O)O,0.63985425,0.517395
CCC[N+](C)(C)C.[I-],0.6399654,0.710784
ClC[Si]12OCCN(CCO1)CCO2,0.65027964,-0.67468125
C[n+]1ccccc1.[I-],0.6555272,1.1106842
C[NH+]1C=CN(/C/1=C\[NH+]=O)COCC.[Cl-],0.6562429,0.013314128
OCC(CO)(CO)N,0.6570895,0.8635892
CNCC(=O)c1ccc(c(c1)O)O.Cl,0.6622433,0.2912416
O[C@H]1CSSC[C@@H]1O,0.6724242,-0.2482628
OC(=O)[C@H](CCCN=C(N)N)N.Cl,0.6764138,-0.013631165
ClCC[N+](CCCl)(C)C.[Cl-],0.6850063,0.04237351
NC[C@@H](c1ccc(c(c1)O)O)O.Cl,0.6868966,0.73486274
OCCCNC(=O)[C@@H](C(CO)(C)C)O,0.6877084,0.11383116
CC[C@H](NCCN[C@H](CO)CC)CO,0.68970186,0.12108931
OC[C@H]([C@H](CO)O)O,0.7,0.8047833
NC(=NCCSS(=O)(=O)O)N,0.70061696,0.14321846
OC(=O)[C@@H]1N2[C@H](O/C/1=C\CO)CC2=O,0.7007935,-0.49933657
OC(C[N+](C)(C)C)CC(=O)O.[Cl-],0.7040834,0.7038601
O=C1C=C([O-])C(=O)c2c1cccc2.[Na+],0.7074405,-0.31448144
OC(=O)C[N+](C)(C)C,0.72,0.94232184
NC(=S)Cc1ccccn1.Cl,0.72429025,0.1451295
CC(C[N+](/N=C(/C(=C)C)\[O-])(C)C)O,0.7298921,0.351694
OC(=O)CC[C@@H](C(=O)[O-])N.[K+],0.73231214,0.34534186
c1cccnc1,0.76,0.10932818
CNCCSS(=O)(=O)O,0.7664227,0.6753331
NC[C@@H](c1ccc(c(c1)O)O)O,0.771651,0.39203316
OCCN(C(=O)CO)CCO,0.7873517,0.347691
Oc1cccc(c1N)O.Cl,0.7915989,0.5099184
O[C@@H](C[N+](C)(C)C)CC(=O)[O-],0.7926323,0.8872914
NCCSS(=O)(=O)O,0.80354196,0.73475426
COC(=O)C1=CCCN(C1)C,0.81,-0.07477306
C/C=C/C=C/C(=O)[O-].[K+],0.823278,0.8617237
CC(=O)OCC[N+](C)(C)C,0.83502287,0.8087838
NCCOS(=O)(=O)O,0.8503468,0.7085801
CCCC[N+](C)(C)C.[OH-],0.87538165,0.7473367
OC(=O)C1CSCN1,0.87560993,0.04503268
CC(C#N)NC(C#N)C,0.88999176,0.29988676
CC(C#C)O,0.90081626,0.32297385
OC(=O)CCl,0.93,0.36391306
NCCS.Cl,0.9446102,1.2001452
NC(=O)C#CC(=O)N,0.9504409,-0.5451798
C=C[N+](C)(C)C.[OH-],0.9864676,1.1458752
Nc1nccnn1,1.0173082,0.19523329
Nc1c[nH]nc1,1.0804303,0.49936408
CCO,1.1,1.0519514
[O-][N+](=O)NC,1.1188723,0.68165356
CNC(=O)N,1.13,0.5211189
CNCCN,1.1300236,0.98891014
CN(C=O)N,1.1302814,0.7231713
C1CCCN1,1.15,0.5391557
CO,1.57,1.3176486
