smiles,target,pred
C/C(=C\CC/C=C(/CC/C=C(/CCC=C(C)C)\C)\C)/CC/C=C(/CCC=C(C)C)\C,-14.592367,-14.524258
CCCCCCCOc1ccc(c2c1cccc2)C(=N)[NH+](CCCCCCC)CCCCCCC.[Cl-],-12.576971,-11.612122
CCCCCCCCCCCCCCCCCC(=O)OCC(C(c1ccc(cc1)[N+](=O)[O-])O)NC(=O)C(Cl)Cl,-11.289111,-9.4235
OC[C@H]1O[C@@H](Oc2c3cc4cc2Oc2ccc(cc2Cl)[C@@H](O)[C@@H]2NC(=O)[C@H](NC(=O)[C@@H]4NC(=O)[C@H](CC(=O)N)NC(=O)[C@@H]([C@@H](c4ccc(O3)c(Cl)c4)O)NC(=O)[C@@H](CC(C)C)NC)c3ccc(c(c3)c3c(O)cc(cc3[C@H](NC2=O)C(=O)O)O)O)[C@@H]([C@H]([C@@H]1O)O)O[C@@H]1O[C@@H](C)[C@H]([C@@](C1)(C)N)O,-10.87559,-4.7279606
CC(=C)[C@@H]1CC[C@]2([C@H]1[C@H]1CC[C@H]3[C@@]([C@]1(C)CC2)(C)CC[C@@H]1[C@]3(C)CC[C@@H](C1(C)C)O)C,-10.844822,-10.238014
CCCCCCC[NH+](C(=N)c1ccc(c2c1cccc2)OCCC)CCCCCCC.[Cl-],-10.493563,-9.787113
CCCCCCCCOc1ccc(c2c1cccc2)C(=N)[NH+](CCCC)CCCC.[Cl-],-9.97463,-9.360788
CCCCCC(C(c1cc(O)c2c(c1)OC(C1=C2CC(C)CC1)(C)C)C)C,-9.471969,-9.336369
CCCCc1oc2c(c1C(=O)c1cc(I)c(c(c1)I)OCCN(CC)CC)cccc2,-9.358757,-9.223428
Brc1cccnc1OCCCCCNCCSSCCNCCCCCOc1ncccc1Br.Cl.Cl,-9.341702,-8.740475
CC(=CCC(c1cccc2c1cccc2)(C(=O)N)CCN(CC=C(C)C)CC=C(C)C)C,-8.935435,-7.7588143
O=C(c1c(O)c(Cc2c(O)c(C)c(c(c2O)C(=O)C)O)c(c2c1OC(C)(C)C=C2)O)/C=C/c1ccccc1,-8.889244,-7.757536
Cc1cc(C)cc(c1CNCC1CCC(CC1)CNCc1c(C)cc(cc1C)C)C.Cl.Cl,-8.659666,-7.9000087
Clc1ccccc1CNCCCCCCCCCCCNCc1ccccc1Cl.Cl.Cl,-8.638014,-8.072403
C[C@@H]1OC(=O)C(NC(=O)[C@H](OC(=O)[C@@H](NC(=O)[C@H](C)OC(=O)[C@H](NC(=O)[C@H](OC(=O)[C@@H](NC(=O)[C@@H](OC(=O)[C@H](NC(=O)[C@H](OC(=O)[C@@H](NC1=O)C(C)C)C(C)C)C(C)C)C)C(C)C)C(C)C)C(C)C)C(C)C)C(C)C)C(C)C,-8.624901,-8.518793
OC(c1ccccc1)(c1cccc(n1)C(c1ccccc1)(Cc1ccccc1)O)Cc1ccccc1,-8.5872135,-6.0488534
FC(c1cccc(c1)C(n1cncn1)(c1ccccc1)c1ccccc1)(F)F,-8.4,-5.5833554
CCCCCCCCCCCCCCCCCCCCCCCCCC,-8.33,-10.907583
c1ccc2c(c1)c1cc3ccccc3c3c1c2ccc3,-8.23,-7.5091653
C1CCCCCC(C1)NCC1CCC(CC1)CNC1CCCCCCC1.Cl.Cl,-8.178152,-7.575999
OC(=O)CCC1=C(C)/C/2=C/c3[nH]c(c(c3C)C(O)C)/C=c/3\[nH]/c(=C\C4=N/C(=C\C1=N2)/C(=C4C)CCC(=O)O)/c(C(O)C)c3C,-8.082604,-7.257732
CCc1oc2c(c1C(=O)c1cc(I)c(c(c1)I)O)cccc2,-8.019624,-7.3946843
N#CC(c1cccc2c1cccc2)(C(C)C)CC[NH+](CC=C(C)C)CC=C(C)C.[Cl-],-8.012497,-7.2991157
CCCCCCCCCCCC[N+](CCCCCCCCCCCC)(C)C.[Cl-],-7.903704,-7.8534923
CCN(CCN1c2ccccc2Sc2c1cc(cc2)C(C)(C)C)CC.Cl,-7.8745217,-7.0836515
c1ccc2c(c1)c1ccc3c(c1cc2)ccc1c3cccc1,-7.87,-8.310073
c1ccc2c(c1)ccc1c2cc2cccc3c2c1CC3,-7.85,-7.5495143
BrCCN(c1ccc(cc1)OC(=O)c1ccc(cc1)C(F)(F)F)CCBr,-7.808232,-7.3313923
c1ccc2c(c1)c1cccc3c1c1c2cccc1cc3,-7.8,-7.8653493
CCC(c1cccc2c1cccc2)(C(=O)N)CCN(CC=C(C)C)CC=C(C)C.Cl,-7.560621,-6.7000966
OC(c1cccc(n1)C(c1ccccc1)(c1ccccc1)O)(c1ccccc1)c1ccccc1,-7.543135,-5.2628913
CC(=O)O[C@H]1C[C@]2([C@H](/C/1=C(/C(=O)O)\CCC=C(C)C)CC[C@@H]1[C@]2(C)C(=O)[C@@H](OC(=O)C)[C@@H]2[C@]1(C)C=CC(=O)[C@H]2C)C,-7.538459,-7.417274
c1ccc2c(c1)c1[nH]c3c(c1cc2)ccc1c3cccc1,-7.42,-6.987798
CCCCCc1cc(O)c(c(c1)O)[C@@H]1C=C(C)CC[C@H]1C(=C)C,-7.412287,-7.2668905
Clc1ccc(c(c1)Cl)c1cc(Cl)c(c(c1Cl)Cl)Cl,-7.39,-7.9320974
CN(CCCN1c2ccccc2Sc2c1cc(cc2)C(C)(C)C)C.Cl,-7.35361,-6.972883
Clc1ccc(c(c1)c1ccc(c(c1)Cl)Cl)Cl,-7.25,-6.6136813
CCCCCc1cc(O)c2c(c1)OC([C@H]1[C@H]2CC(=CC1)C)(C)C,-7.241582,-6.9994884
Clc1ccccc1c1cc(Cl)c(c(c1Cl)Cl)Cl,-7.21,-7.464396
O[C@@H]1[C@@H](O[C@@H]2O[C@H](C(=O)O)[C@H]([C@@H]([C@H]2O)O)O)[C@H](O[C@@H]([C@H]1O)C(=O)O)O[C@H]1CC[C@]2([C@H](C1(C)C)CC[C@@]1([C@@H]2C(=O)C=C2[C@@]1(C)CC[C@@]1([C@H]2C[C@](C)(CC1)C(=O)O)C)C)C,-7.1912575,-5.629561
Clc1ccc2c(c1)C1(CCC(C=C1)N(C)C)c1ccccc1C=C2.Cl,-7.171258,-6.52299
N(CC1CCCCC1)CC1CCC(CC1)CNCC1CCCCC1.Cl.Cl,-7.141789,-6.5472007
N(CC1CC2CC1CC2)CC1CCC(CC1)CNCC1CC2CC1CC2.Cl.Cl,-7.1217933,-5.735772
CCN(CCCN1c2ccccc2Sc2c1cc(Cl)cc2)CC.Cl,-7.0922623,-7.0888987
Clc1ccc(cc1)C1(O)CCN(CC1)CCC(C(=O)N(C)C)(c1ccccc1)c1ccccc1,-7.07089,-6.4345098
CC1CCCC(C1)NCC1CCC(CC1)CNC1CCCC(C1)C.CC(=O)O.CC(=O)O,-7.0633287,-6.788676
BrCCN(c1ccc(cc1)OC(=O)c1cccc(c1)C)CCBr,-7.060268,-6.849082
BrCCN(c1ccc(cc1)OC(=O)c1cccc(c1)[N+](=O)[O-])CCBr,-7.052888,-6.4446454
CCCCCCCCCCCCCC(=O)OC(C)C,-7.0447083,-6.195705
CCCCCCCCCCCCCCCCCCNCCSS(=O)(=O)O,-7.03039,-6.5866284
ClCCN(c1ccc(cc1)OC(=O)c1ccc(cc1)Br)CCCl,-7.0258727,-6.8811636
c1ccc2c(c1)C(NCC1CCC(=CC1)CNC1CCc3c1cccc3)CC2.Cl.Cl,-6.9946437,-6.5048776
C#C[C@]1(O)CC[C@@H]2[C@]1(C)CC[C@H]1[C@H]2CCc2c1ccc(c2)OC1CCCC1,-6.983896,-6.8072224
Clc1ccccc1CNCC1CCCC(C1)CNCc1ccccc1Cl.OC(=O)/C=C\C(=O)O.OC(=O)/C=C\C(=O)O,-6.973995,-6.904061
CCC(C(c1ccccc1)(c1ccccc1)C(C[NH+](C)C)C)OC(=O)c1ccccc1.[Cl-],-6.913233,-6.1721787
O=C(N1c2ccccc2Sc2c1nccc2)OCCCN1CCCCC1.Cl,-6.9060326,-6.5535426
O=C(N1c2ccc(cc2Sc2c1ccc(c2)N(C)C)N(C)C)c1ccccc1,-6.876197,-6.8437505
CCCCCc1cc(O)c2c(c1)OC([C@H]1[C@@H]2C=C(C)CC1)(C)C,-6.866134,-7.009761
Clc1ccc(cc1)CNCC1CCC(CC1)CNCc1ccc(cc1)Cl.Cl.Cl,-6.845937,-6.792052
Clc1cccc(c1)CNCC1CCC(CC1)CNCc1cccc(c1)Cl.Cl.Cl,-6.845937,-6.7700205
Oc1ccc2c(c1)[C@]13CCCC[C@H]3[C@@H](C2)N(CC1)CCc1ccc(cc1)c1ccccc1.Cl,-6.8393383,-5.8581195
OC(=O)COc1c(I)cc(cc1I)I,-6.7906556,-6.0800314
C1CCC(CC1)Nc1c2ccccc2nc2c1cccc2,-6.7825465,-5.819741
BrCCN(c1ccc(cc1)OC(=O)c1ccc(cc1)OC)CCBr,-6.7786856,-6.712458
OC(=O)/C=C/C(=O)O.OC(=O)/C=C/C(=O)O.CCCNC(=O)CN1CCN(CC1)CC1COC2(O1)c1ccccc1C=Cc1c2cccc1,-6.767874,-6.556944
Clc1ccccc1CNCC1CCC(=CC1)CNCc1ccccc1Cl.Cl.Cl,-6.75857,-6.4367747
CCN([C@@H]1CCN(C1)[C@H]1Cc2ccccc2Sc2c1cc(Cl)cc2)C,-6.755415,-6.259315
CCN([C@@H]1CCN(C1)[C@@H]1Cc2ccccc2Sc2c1cc(Cl)cc2)C,-6.755415,-6.259315
N(CC1CCCC=C1)CC1CCC(CC1)CNCC1CCCC=C1.Cl.Cl,-6.7454796,-6.2328043
CCN(CCOc1ccc2c(c1)C(=O)c1c2ccc(c1)OCCN(CC)CC)CC.Cl.Cl,-6.696707,-5.1610713
OC(c1ccccc1)(c1ccccc1)C1CCCC(N1)C(c1ccccc1)(c1ccccc1)O,-6.6862097,-6.2446833
CCOC(=O)C1(CCN(CC1)CCC(c1ccccc1)(c1ccccc1)C#N)c1ccccc1.Cl,-6.6765213,-5.7131
CCOc1ccc(cc1OCC)Cc1nccc2c1cc(OCC)c(c2)OCC,-6.6648746,-6.0095
CC(CCCCCOC(=O)c1ccccc1C(=O)OCCCCCC(C)C)C,-6.64,-7.2919574
C1CCC(CC1)NCC1CCC(CC1)CNCC1CCCCC1.Cl.Cl,-6.623184,-6.0282807
CCCCOc1ccc(cc1)OCC(=O)N(c1cccc(c1)OC)CCN1CCCCC1.Cl,-6.5957713,-6.344581
Cc1c2ccccc2c(c2c1cccc2)C,-6.57,-6.327934
OC(=O)C(=O)O.CCC(NCC1COC2(O1)c1ccccc1CCc1c2cccc1)C,-6.559051,-5.179614
BrCCSCCCCC(=O)NCCNC(=O)CCCCSCCBr,-6.555237,-5.3056927
OS(=O)(=O)O.O=CN1c2cc(OC)c(cc2[C@]23[C@@H]1[C@@](O)(C(=O)OC)[C@H](OC(=O)C)[C@]1([C@@H]3N(CC2)CC=C1)CC)[C@]1(C[C@@H]2CN(CCc3c1[nH]c1c3cccc1)C[C@](C2)(O)CC)C(=O)OC,-6.5509176,-3.4117289
CCC(C(=O)O)Cc1c(I)cc(c(c1I)O)I,-6.549162,-6.836951
c1ccc(cc1)C(c1ccccc1)(c1ccccc1)CCN1CCN(CC1)c1cnccn1,-6.517503,-6.0696435
ClC([C@@H](c1ccccc1Cl)c1ccc(cc1)Cl)Cl,-6.51,-6.971725
COc1cc(ccc1Nc1c2ccccc2nc2c1cccc2)NS(=O)(=O)C,-6.5028834,-5.8491693
Clc1ccccc1CNCC1CCC(CC1)CNC1CCCCC1.Cl.Cl,-6.4728956,-6.1017423
COc1cc2CCN(C(c2cc1OC)CCc1cc(Cl)c(cc1Cl)Cl)C,-6.471659,-6.770866
COc1ccc(cc1)/C=C/1\CCC/C(=C\c2ccc(cc2)OC)/C1=O,-6.467381,-5.9293904
CCCCCCCCOc1ccccc1NC(=O)OCC[NH+]1CCCCC1.[Cl-],-6.4088535,-5.885081
COc1cc2c(cc1OC)CCN(C2CCc1cc(Cl)cc(c1OC)Cl)C,-6.398295,-6.0516057
C1CCC(CC1)NCC1Cc2c(C1)c1Cc2cc1CNC1CCCCC1.Cl.Cl,-6.34558,-6.73458
ClC1=C(Cl)[C@@]2(C([C@@]1(Cl)[C@H]1[C@@H]2[C@H]2C[C@@H]1[C@@H]1[C@H]2O1)(Cl)Cl)Cl,-6.29,-6.24165
[O-]C(=O)CCCCCCCCCCC1CCC=C1.[Na+],-6.286064,-4.8884645
c1cc(/C=C/c2ccccc2)nc(c1)/C=C/c1ccccc1,-6.276269,-5.7369595
CCOC(=O)CCC(=O)O[C@H]1[C@@H](O[C@@H](C[C@@H]1N(C)C)C)O[C@@H]1[C@@H](C)[C@H](O[C@@H]2O[C@@H](C)[C@@H]([C@](C2)(C)OC)O)[C@@H](C)C(=O)O[C@H](CC)[C@@]([C@@H]([C@H](C(=O)[C@@H](C[C@@]1(C)O)C)C)O)(C)O,-6.2708974,-6.066673
CCCCCCOc1ccc(cc1)C(=O)OCCCN1CCCCC1C,-6.233857,-6.0049376
CN(c1ccc(cc1)CNCC1CCC(CC1)CNCc1ccc(cc1)N(C)C)C.Cl.Cl.Cl.Cl,-6.231992,-4.209918
Ic1ccc(nc1)SCCCCCCCCN1CCSC1.Cl,-6.2291393,-5.8095236
[O-][N+](=O)c1ccc(cc1)CCN1CC[C@@]23[C@H]([C@H]1Cc1c3cccc1)CCCC2.Cl,-6.217966,-5.437555
Clc1ccc(nc1)OCCCNCCSSCCNCCCOc1ccc(cn1)Cl.Cl.Cl,-6.201363,-6.024589
Clc1cnc2c(c1)N(C(=O)SCCN(C(C)C)C(C)C)c1c(S2)cccc1.Cl,-6.1944337,-7.228563
Oc1c(CN2CCCCC2)cc(cc1CN1CCCCC1)C(c1ccccc1)(C)C.Br.Br,-6.1461573,-6.422471
OC[C@H]1O[C@@H](O[C@H]2C[C@]3(C)[C@@H]([C@@]4([C@@H]2C(C)(C)[C@@H](O)CC4)C)C[C@H]([C@H]2[C@@]3(C)CC[C@@H]2[C@@](O[C@@H]2O[C@H](CO)[C@H]([C@@H]([C@H]2O)O)O)(CCC=C(C)C)C)O)[C@@H]([C@H]([C@@H]1O)O)O,-6.1447334,-5.597949
CCCCC1=CC(N(C(C1)(C)C)C(=O)CN1CCCCC1)(C)C,-6.1403685,-5.6964417
Clc1cc(Cl)c(c(c1)Cl)c1ccccc1,-6.14,-6.5533366
CCCCCCOC(=O)c1ccccc1C(=O)OCCCCCC,-6.14,-6.0071964
Clc1ccc(cc1)C(c1ccccc1)N1CCN(CC1)Cc1cccc(c1)C.Cl.Cl,-6.124818,-5.223702
CCCC[N+]12CCC(C(C1)C=C)C[C@@H]2[C@H](c1ccnc2c1cc(OC)cc2)O.[Cl-],-6.105578,-5.9625754
O=C1C=C[C@]2(C(=C1)[C@@H](F)C[C@@H]1[C@]2(F)[C@@H](O)C[C@]2([C@H]1C[C@H]([C@]2(O)C(=O)COC(=O)C(C)(C)C)C)C)C,-6.100947,-5.293224
CNC1CCC2(C=C1)c1ccccc1C=Cc1c2cccc1.Cl,-6.0937223,-5.48461
COc1cc(cc(c1OC)OC)C(=O)OCCOCCN1CCN(CC1)C(c1ccc(cc1)Cl)c1ccccc1.Cl.Cl,-6.0923753,-5.7423096
C1CC(CCC1CNC1CC2CC1CC2)CNC1CC2CC1CC2.Cl.Cl,-6.08599,-5.1398907
CCCCCC1CCCC1,-6.08,-6.0391707
COC(=O)Cc1c2cc(OC)ccc2n(c1C)C(=O)c1ccc(cc1)Cl,-6.077569,-5.1832724
CN(CC/C=C\1/c2ccccc2Sc2c1cc(Cl)cc2)C.Cl,-6.0771117,-6.044266
Fc1ccc(cc1)C(c1ccc(cc1)F)N1CCN(CC1)C/C=C/c1ccccc1,-6.0769806,-5.1355853
CCCCOc1ccc(cc1)OCC(=O)N(c1ccccc1OC)CCN1CCCC1.Cl,-6.076763,-5.9744563
CCCN(CCOc1c(cc(cc1c1ccccc1)Br)C(=O)N)CCC,-6.059109,-5.799166
CCCCCCCCCCCCCCO,-6.05,-5.956635
CO[C@H]1[C@H](C)O[C@H]([C@@H]([C@@H]1O)O)O[C@H]1CC[C@]2(C(=C1)CC[C@@H]1[C@@H]2CC[C@]2([C@]1(O)CC[C@@H]2c1ccc(=O)oc1)C)C,-6.036308,-4.6995487
N#CC(c1cccc2c1cccc2)(CC=C(C)C)CCN1CCCC1.Cl,-6.0354877,-6.5304456
CN(CCCN1c2ccccc2CCc2c1cc(Cl)cc2)C,-6.030505,-5.3790812
OC(=O)/C=C\C(=O)O.CCC(=O)c1ccc2c(c1)N(CC(N(C)C)C)c1c(S2)cccc1,-6.002439,-5.600041
COc1ccc(cc1OC)CCN(CCCC(c1ccc(c(c1)OC)OC)(C(C)C)C#N)C.Cl,-5.9861345,-5.1657763
OC(=O)C(=O)O.CCC(=O)N(c1ccccc1)CC(N1CCC(CC1)c1ccccc1)C.CCC(=O)N(c1ccccc1)CC(N1CCC(CC1)c1ccccc1)C,-5.9759955,-5.529253
CN(CCCC1(OC(c2c1cccc2)(C)C)c1ccc(cc1)C(F)(F)F)C.Cl,-5.9617662,-5.3593664
CCCCCCC1CCCCN1CCCOC(=O)c1ccccc1,-5.947612,-5.845011
CCCCSc1ccc(cc1)C(c1ccccc1)SCCN(C)C.Cl,-5.9426093,-5.6513553
CCCCOc1ccc(cc1)NC(=S)Nc1ccc(cc1)N(C)C,-5.9273868,-6.043801
CCCC(=O)O[C@@]1([C@@H](C)C[C@@H]2[C@]1(C)CC(=O)[C@]1([C@H]2CCC2=CC(=O)C=C[C@]12C)F)C(=O)CCl,-5.902098,-5.683745
CN1CCN(CC1)C1Cc2ccccc2Sc2c1cc(Cl)cc2.OC(=O)/C=C\C(=O)O,-5.9009967,-5.2591224
CN(CCCN1c2ccc(cc2Sc2c1cc(Cl)c(c2)O)O)C,-5.8948274,-4.9098015
CCCCC(=O)O[C@@]1(CC[C@@H]2[C@]1(C)C[C@H](O)[C@H]1[C@H]2CCC2=CC(=O)C=C[C@]12C)C(=O)CO,-5.889026,-4.798056
CCCCCCCCCCCCCCCCCCOS(=O)(=O)[O-].[Na+],-5.877446,-4.941385
CC(NCC1COC2(O1)c1ccccc1C=Cc1c2cccc1)C.OC(=O)/C=C\C(=O)O,-5.870855,-5.5609546
O[C@H]([C@H](C(=O)O)O)C(=O)O.CCC(c1ccccc1)CN1CC[C@@]23[C@H]([C@H]1Cc1c3cc(cc1)O)CCCC2,-5.869432,-5.738016
CCCC[NH+](CCCC1(c2ccccc2)C(=O)Oc2c1cccc2)CCCC.[Cl-],-5.8655124,-6.2871056
Cc1ccc2c(c1)ccc1c2cccc1,-5.84,-5.78534
CC[NH+](CCOC(=O)CC1c2ccccc2c2c1cccc2)CC.[Cl-],-5.816602,-5.177222
CC[NH+](C(COC(=O)C1c2ccccc2c2c1cccc2)C)CC.[Cl-],-5.816602,-5.1084104
O=c1[nH]c2c(n1CCCN1CCN(CC1)C(c1ccccc1)c1ccccc1)cccc2,-5.8101773,-5.337778
CC(=O)O[C@H]1C[C@@H]2CC[C@@H]3[C@@H]([C@]2(C[C@@H]1N1CCCCC1)C)CC[C@]1([C@H]3C[C@@H]([C@@H]1OC(=O)C)[N+]1(C)CCCCC1)C.[Br-],-5.7998953,-5.0121694
COc1cc2OC(C)(C)C=Cc2c2c1c(=O)c1c(n2C)cccc1,-5.787848,-5.3604274
OC(=O)C(=O)[O-].COc1ccc2c(c1)n(CCC[NH+](C)C)c1c2ccc(c1)Cl,-5.7795014,-5.830634
CCN(CCN1c2ccccc2Sc2c1cccc2)CC.Cl,-5.7698107,-5.766907
CN1CCN(CC1)CC/C=C\1/c2ccccc2Sc2c1cc(cc2)S(=O)(=O)N(C)C,-5.7662015,-5.0656714
[O-]S(=O)(=O)C.OCc1ccc2c3c1sc1cc(Cl)ccc1c3nn2CC[NH+](CC)CC,-5.735967,-6.5531526
OC(=O)/C=C/C(=O)O.OC(=O)/C=C/C(=O)O.CNC(=O)CN1CCN(CC1)CC1COC2(O1)c1ccccc1C=Cc1c2cccc1,-5.7348456,-5.8518395
CCOC(=O)Oc1c(OC)cc(cc1OC)C(=O)O[C@@H]1C[C@@H]2CN3CCc4c([C@H]3C[C@@H]2[C@@H]([C@H]1OC)C(=O)OC)[nH]c1c4ccc(c1)OC,-5.726689,-4.6732564
Clc1ccc2c(c1)C(=NCc1n2c(C)nc1)c1ccccc1F,-5.720941,-5.079602
COc1cc2c(cc1OC)c1C[C@H]3CCCN3Cc1c1c2c(OC)c(OC)cc1,-5.719691,-5.3696933
CCC(C(=O)OCC(Br)(Br)Br)CC,-5.716896,-4.9159923
CO[C@@H]1[C@@H](OC(=O)N)[C@@H](O)[C@H](OC1(C)C)Oc1ccc2c(c1C)oc(=O)c(c2O)NC(=O)c1ccc(c(c1)CCC(C)C)O,-5.7130795,-5.4535594
COCCOCCOCCOCCOCCOCCOCCOCCOCCOC(=O)c1ccc(cc1)NCCCC,-5.691659,-2.2556484
CN(CCCC1(CC(c2c1cccc2)(C)C)c1ccccc1)C.Cl,-5.6907635,-5.2544246
CCN(CCOC(=O)C1c2ccccc2Cc2c1cccc2)CC.Cl,-5.680535,-4.7102222
Fc1ccc(cc1)C(=O)CCCN1CCC(CC1)n1c(=S)[nH]c2c1cccc2,-5.679018,-5.4328604
CCCCCCCCSCCCCCCN1CSCC1.Cl,-5.672849,-5.3608813
O=C1OCC(=C1)[C@H]1CC[C@]2([C@]1(C)CCC1C2CC[C@H]2[C@]1(C)CC[C@@H](C2)O[C@H]1C[C@H](O)[C@@H]([C@H](O1)C)O[C@H]1C[C@H](O)[C@@H]([C@H](O1)C)O)O,-5.6615057,-4.3594337
O[C@H]([C@H](C(=O)O)O)C(=O)O.COc1ccc2c(c1)[C@]13CCCC[C@H]3[C@@H](C2)N(CC1)CC=C(C)C,-5.660192,-4.9783874
c1ccc2c(c1)CCC1N2CCN(C1)CCc1cccc2c1cccc2.Cl,-5.6522326,-5.8260365
COc1ccc2c(cc1=O)[C@H](CCc1c2c(OC)c(c(c1)OC)OC)NC(=O)c1ccccc1,-5.6513476,-4.6506534
CCCC[NH+]1CCC(CC1)OC(=O)C(c1ccccc1)c1ccccc1.[Cl-],-5.650254,-5.3205695
ClC1=C(Cl)[C@]2(C([C@]1(Cl)[C@H]1[C@@H]2CC=C1)(Cl)Cl)Cl,-5.64,-6.414745
COc1ccc(c(c1)C)CCN1CC[C@@]23[C@H]([C@H]1Cc1c3cc(cc1)O)CCCC2.Cl,-5.6389036,-5.066511
C[N+]1(CCCCCCCCCC[N+]2(C)CCOCC2)CCOCC1.[I-].[I-],-5.6232324,-4.13664
CCCC(COC(=O)N(CC)CC)(COC(=O)N(CC)CC)C,-5.6220536,-4.3578596
CCN(C(=O)OCC(COC(=O)N(CC)CC)(CC)CC)CC,-5.6220536,-4.252027
CC[C@H]1CN2CC[C@H]1C[C@H]2[C@@H](c1ccnc2c1cc(OCCC(C)C)cc2)O.Cl.Cl,-5.601549,-5.4326463
CSc1ccc(cc1)CCN1CC[C@@]23[C@H]([C@H]1Cc1c3cc(cc1)O)CCCC2,-5.5907216,-5.2018223
C#C[C@]1(O)CC[C@@H]2[C@]1(C)CC[C@H]1[C@H]2CCC2=CCCC[C@H]12,-5.568747,-6.189827
CC(C(c1cccc2c1cccc2)(C(=O)N)CCN1CCCCC1)C,-5.562004,-5.1989923
Clc1ccc(cc1)CN(/N=N/c1ccc(cc1)C(=O)O)C,-5.5571985,-4.928471
COc1c(O)ccc2c1N(CCCN(C)C)c1c(S2)ccc(c1)Cl,-5.549322,-5.490522
CCOP(=S)(OCC)SCSP(=S)(OCC)OCC,-5.54,-4.977939
CC[C@H](C(=O)O[C@H]1[C@H](O)[C@H]2[C@H]([C@H]3[C@]1(O)[C@@H]1[C@H](OC(=O)C)[C@H](OC(=O)C)[C@H]4[C@]5([C@]1(C3)O[C@]4(O)[C@H](CC5)OC(=O)[C@](CC)(O)C)C)CN1[C@H]([C@@]2(C)O)CC[C@@H](C1)C)C,-5.538064,-5.8458652
OC(=O)C(c1ccc2c(c1)nc(o2)c1ccc(cc1)I)C,-5.51541,-5.6599956
OCCN1CC2CCC(C1)N2CCCN1c2ccccc2Sc2c1cccc2,-5.510858,-5.034633
O=C1CC[C@]2(C(=C1)[C@@H](C)C[C@@H]1[C@@H]2CC[C@]2([C@H]1CC[C@]2(OC(=O)C)C(=O)C)C)C,-5.508004,-4.8274374
CN1CCN(CC1)CC1COC2(O1)c1ccccc1CCc1c2cccc1.OC(=O)/C=C/C(=O)O.OC(=O)/C=C/C(=O)O,-5.4969535,-5.741263
CCOC(=O)COc1cc(OCC(=O)OCC)c2c(c1)oc(cc2=O)c1ccccc1,-5.4962997,-4.4446235
CN(CCOCCOC(=O)N1c2ccccc2Sc2c1cccc2)C.Cl,-5.475929,-5.437901
CCCCCCCCCCCCCCCNCCSS(=O)(=O)O,-5.465013,-5.1518106
CNCCCC1c2ccccc2C=Cc2c1cccc2.Cl,-5.4598594,-5.011146
CS(=O)(=O)O.CN1C2CCC1CC(C2)OC(c1ccccc1)c1ccccc1,-5.4430203,-2.8359969
CCCC[C@H]1C(=O)O[C@H](C)[C@@H](C(=O)O[C@H]([C@H]1OC(=O)CC(C)C)C)NC(=O)c1cccc(c1O)NC=O,-5.439795,-5.405199
CNCCCC12CC3CC(C1)CC(C2c1ccccc1)C3.Cl,-5.4368515,-5.1869903
CCCCCC1CCCCN1CCCOC(=O)c1ccccc1,-5.42616,-5.359137
COc1ccc(cc1)Nc1cc(Cl)ccc1C(=O)O,-5.4182763,-4.6242666
OC(=O)/C=C\C(=O)O.CCNCC1COC2(O1)c1ccccc1C=Cc1c2cccc1,-5.4173026,-5.3120227
O=C1NC(=O)C2(O1)c1ccccc1CCc1c2cccc1,-5.4166794,-4.7849364
COc1cc2c(cc1OC)CC([NH+](C2CCc1ccc(cc1)Cl)C)C.[Br-],-5.416361,-5.3752723
COc1ccc(cc1OC)C(=O)Nc1cccc2c1CCN(C2)CCc1ccccc1,-5.415517,-5.4036765
O[C@@H]1CC[C@@H]2[C@@]1(C)CC[C@@H]1[C@H]2CC[C@@H]2[C@@]1(C)C[C@@H]1S[C@@H]1C2,-5.41,-4.7260313
CNCCCC1c2ccccc2C=Cc2c1cccc2,-5.403556,-5.051803
CN(CC/C=C/1\c2ccccc2C=Cc2c1cccc2)C,-5.4013357,-5.473149
ClC(C(SN1C(=O)[C@@H]2[C@H](C1=O)CC=CC2)(Cl)Cl)Cl,-5.4,-4.4434295
OC(=O)CCC(=O)Nc1cc(c2c1c(C)ccc(c2)C(C)C)C,-5.388885,-5.264711
ClCCN(c1cc(ccc1C)C(=O)N1CCCCC1)CCCl,-5.3803277,-4.712628
CCC(=O)O[C@H]1CC[C@@H]2[C@]1(C)CC[C@H]1[C@H]2CCC2=CC(=O)CC[C@]12C,-5.37,-5.19708
O=C1CC[C@]2(C(=C1)C(=C[C@@H]1[C@@H]2CC[C@]2([C@H]1CC[C@@]2(OC(=O)C)C(=O)C)C)C)C,-5.35,-4.904219
Oc1ccc2c(c1)[C@]13CCCC[C@H]3[C@@H](C2)N(CC1)C/C=C/c1ccccc1.Br,-5.345019,-5.784633
ClCCN(c1cc(ccc1C)C(=O)OCCN(CC)CC)CCCl.Cl,-5.34052,-4.653617
ClCC(=O)[C@@]12OC(O[C@@H]1C[C@@H]1[C@]2(C)C[C@H](O)[C@]2([C@H]1CCC1=CC(=O)CC[C@]21C)F)(C)C,-5.3279686,-4.8565793
OC(=O)/C=C\C(=O)O.CCCNCC1COC2(O1)c1ccccc1OCc1c2cccc1,-5.3268476,-4.9643106
OC(=O)C(c1ccc2c(c1)ccc1c2cccc1)C,-5.326574,-5.0336766
CN(Cc1ccc(cc1)[N+](=O)[O-])/N=N/c1ccc(cc1)C(=O)O,-5.3238683,-4.99121
N#CCCC(c1nc2c(s1)nc(s2)C(CCC#N)(C)C)(C)C,-5.317651,-6.4424253
[O-][N+](=O)c1ccc(cc1)CCc1ccc(cc1)[N+](=O)[O-],-5.3111324,-5.5104012
CC(CCNCC1CCC(CC1)CNCCC(C)C)C.Cl.Cl,-5.290685,-4.742872
O=C1OCC(=C1)[C@H]1CC[C@@]2([C@]1(C)CC[C@H]1[C@H]2CC[C@@H]2[C@]1(C)CC[C@@H](C2)O[C@@H]1C[C@H](O)[C@H]([C@@H](O1)C)O[C@@H]1C[C@H](O)[C@H]([C@@H](O1)C)O[C@@H]1C[C@H](O)[C@H]([C@@H](O1)C)O)O,-5.29,-4.927997
CCC(C(c1ccccc1)(c1ccccc1)CCC[NH+](C)C)OC(=O)C.[Cl-],-5.2878284,-4.93107
ClCCN(c1ccc2c(c1)cccc2)CCCl,-5.2869782,-5.245748
Oc1ccc2c(c1)CC=C1[C@@H]2CC[C@]2([C@H]1CCC2=O)C,-5.28,-4.7072024
[O-]C(=O)C(CC(=O)O)(CC(=O)O)O.COc1c2occc(c2c(=O)c2c1oc(c2)C)OCC(C[NH+](C(C)C)Cc1ccccc1)O,-5.2797275,-5.205548
NC1CCC2(C1)c1ccccc1C=Cc1c2cccc1.Cl,-5.2753053,-4.8140464
Clc1ccccc1c1ccccc1Cl,-5.27,-5.5710893
O=C(Nc1ccc2c(c1)c(N)cc(n2)C)Nc1ccc2c(c1)c(N)cc(n2)C.Cl.Cl,-5.2613096,-4.6713085
c1ccc2c(c1)c1ccccc1cc2,-5.26,-5.1359577
O=C1[C@]2(Cl)[C@@]3([C@@]4([C@@]1(Cl)[C@@]1([C@]2([C@@]3(Cl)C([C@]41Cl)(Cl)Cl)Cl)Cl)Cl)Cl,-5.26,-5.7813883
CC(C(C(=O)OC(C(Cl)(Cl)Cl)C)Br)C,-5.2585254,-4.6503744
CC1CCCCN1CCCOC(=O)c1ccccc1I,-5.25355,-5.1158214
CN(CCC=C1c2ccccc2Sc2c1cccc2)C.Cl,-5.2494035,-4.883802
CC(N(C)C)CN1c2cc(ccc2Sc2c1cccc2)C(=O)C,-5.241986,-5.2613897
O=C1CC[C@]2([C@H](C1)CC[C@@H]1[C@@H]2CC[C@]2([C@H]1CC[C@@H]2C(=O)C)C)C,-5.235535,-4.638552
C1CCN(CC1)CCCC12CC3CC(C2)CC(C1)C3.Cl,-5.228574,-5.205358
N(Cc1ccccc1)CCNCc1ccccc1.O=C(Cc1ccccc1)N[C@@H]1C(=O)N2[C@@H]1SC([C@@H]2C(=O)O)(C)C.O=C(Cc1ccccc1)N[C@@H]1C(=O)N2[C@@H]1SC([C@@H]2C(=O)O)(C)C,-5.2254286,-7.078034
Cc1cccc2c1Cc1c2cccc1,-5.22,-5.2483177
Clc1cccc(c1c1ccccc1)Cl,-5.21,-5.6618676
Clc1ccc(cc1)c1ccccc1,-5.2,-4.7135515
ClC1=C(Cl)C(C(=C1Cl)Cl)(Cl)Cl,-5.18,-5.3314033
O=C1NCC2(C1)c1ccccc1CCc1c2cccc1,-5.1799674,-4.578693
O[C@H]([C@H](C(=O)O)O)C(=O)O.COc1ccc(cc1)CCN1CC[C@@]23[C@H]([C@H]1Cc1c3cc(cc1)O)CCCC2,-5.1757736,-4.9281826
CN(CCCn1c2CCCCCCc2c2c1cccc2)C,-5.1661997,-5.1844444
CCN(CCn1c(=O)c2ccccc2[nH]c2c1cccc2)CC,-5.162159,-4.706508
O=C(Nc1c(C)cccc1Cl)OC1CCC[NH+](C1)C(C)(C)C.[Cl-],-5.161677,-3.931233
OC(=O)C(=O)O.CCC(=O)N(CC(N1CCC(CC1)(O)c1ccccc1)C)Cc1ccccc1.CCC(=O)N(CC(N1CCC(CC1)(O)c1ccccc1)C)Cc1ccccc1,-5.160602,-6.3572116
CCCN(c1c(cc(cc1[N+](=O)[O-])S(=O)(=O)N)[N+](=O)[O-])CCC,-5.16,-4.314274
ClCCN(c1cc(ccc1C)[N+](=O)[O-])CCCl,-5.1526723,-4.2160716
Ic1ccc(nc1)OCCCCCCCN1CCSC1.Cl,-5.1492624,-4.556935
CCCCCCc1ccc2c(c1)ccc(c2)O,-5.1463847,-5.573114
C[C@H](C(C(=O)N1CCCC1)(c1ccccc1)c1ccccc1)CN1CCOCC1,-5.1451807,-4.5875864
CCCCc1nc(c(n1Cc1ccc(cc1)c1ccccc1c1[n-]nnn1)CO)Cl.[K+],-5.134791,-5.468104
CCC(Oc1ccc(cc1)C(=O)OCCCN1CCCCC1C)C,-5.1286077,-5.081202
CC(COc1ccc(cc1)C(=O)OCCCN1CCCCC1C)C,-5.1286077,-4.9239573
CCC(C1=CCC(CC1)CC(C)C)C(=O)O,-5.128198,-5.13582
CNCC/C=C/1\c2ccccc2C=Cc2c1cccc2.Cl,-5.1276097,-5.320106
Cc1ccc(cc1)NC(=O)c1ccccc1N(C(=O)CN1CCCCC1)C,-5.114154,-4.8882594
CN1CCN(CC1)C1Cc2ccccc2Sc2c1cccc2.OC(=O)/C=C\C(=O)O,-5.111437,-4.65329
CC(N(C)C)CC12CC3(C)CC(C1)(C)CC(C2Cl)(C3)C.Cl,-5.1092525,-5.592282
C[N+]1(CCCCCCCCC[N+]2(C)CCOCC2)CCOCC1.[I-].[I-],-5.109086,-3.6464074
CN(CCCN1c2ccccc2NCc2c1cc(Cl)cc2)C,-5.108539,-4.7575593
N#CC(c1ccc2c(c1)cccc2)(CC=C(C)C)CCN(C)C.Cl,-5.1070466,-5.2691855
Clc1ccc(cc1)C1CCc2c(N(C1=O)CC1=NCCN1)cccc2,-5.103215,-4.8275313
CCC(c1cccc2c1cccc2)(C(=O)N)CCN1CCCCC1,-5.102932,-4.9016194
OC(=O)/C=C\C(=O)O.CNCC1COC2(O1)c1ccccc1CCc1c2cccc1,-5.0984473,-4.684932
CCCCCC(C)C,-5.08,-5.298571
O=C1CC[C@]2(C(=C1)C[C@@H]([C@@H]1[C@@H]2CC[C@]2([C@H]1CC[C@]2(C)O)C)C)C,-5.0704393,-4.9739127
CCCC(=O)OCC(=O)[C@@]1(O)CC[C@@H]2[C@]1(C)C[C@H](O)[C@H]1[C@H]2CCC2=CC(=O)CC[C@]12C,-5.068782,-4.3223944
CC(N(Cc1c(C(C)C)c(=O)n(n1C)c1ccccc1)C)Cc1ccccc1,-5.0677514,-5.42497
CN(CCC(c1cccc2c1cccc2)(C(=O)N)CC=C(C)C)C,-5.064014,-4.9204
CCCCCCCCBr,-5.06,-5.0711875
COc1c(OC)c(OC)cc2c1C(CCc1ccc(cc1)Cl)[NH+](CC2)C.[Br-],-5.057671,-4.936477
CCCCCCN1CC[C@@]23[C@H]([C@H]1Cc1c3cc(cc1)O)CCCC2.Cl,-5.05321,-4.8295937
CCCCCCCC=C,-5.05,-5.5212903
CCCCCCCC/C=C\CCCCCCCC(=O)[O-].CCCCCCCC/C=C\CCCCCCCC(=O)[O-].CCCCCCCC/C=C\CCCCCCCC(=O)[O-].[Bi+3],-5.042437,-12.378855
CC(=CCC(c1cccc2c1cccc2)(C(=O)N)CCN1CCOCC1)C,-5.0390353,-4.695029
CNCCCN1c2ccccc2CCc2c1cccc2.Cl,-5.0325155,-4.6071224
O=C1NC(=O)C2(N1)c1ccccc1CCc1c2cccc1,-5.0245748,-4.453978
Cc1cccc2c1nc1ccccc1c2,-5.0212994,-4.779161
Cc1c2ccccc2nc2c1cccc2,-5.0212994,-4.7663946
FC(c1cc(OCCCCCN2CSCC2)nc2c1cccc2)(F)F.Cl,-5.0206475,-5.523553
O=C1NC(CC2(O1)CCN(CC2)CCCC(=O)c1ccc(cc1)F)c1ccccc1.Cl,-5.0198283,-5.054607
CCOP(=S)(c1ccccc1)Oc1ccc(cc1)[N+](=O)[O-],-5.0168495,-4.7565656
CCC(=O)O[C@](c1ccccc1)([C@@H](CN(C)C)C)Cc1ccccc1,-5.009675,-4.556539
OC(=O)C(=O)[O-].C[NH+](CCn1c2ccc(cc2c2c1cccc2)Cl)C,-4.985648,-5.4208903
CC(=O)NCc1c(I)c(NC(=O)C)c(c(c1I)C(=O)O)I.CNC[C@@H]([C@H]([C@@H]([C@@H](CO)O)O)O)O,-4.9840255,-3.1074066
CCC(=O)N(C1(CCN(CC1)CCc1ccccc1)C(=O)OC)c1ccccc1,-4.9717813,-4.2279634
OC(=O)Cc1sc(nc1c1ccc(cc1)Cl)c1ccccc1,-4.964365,-5.4389935
[O-]C(=O)C(c1ccc2c(c1)nc(o2)c1ccc(cc1)Br)C.[Na+],-4.963979,-4.084416
Clc1ccc(cc1)C(c1ccccc1)OCCN1CCCCC1,-4.962883,-5.0300164
CC(=O)OC(CN1CCN(CC1)c1ccc(cc1C)C)COc1ccccc1C(=O)C.Cl.Cl,-4.960359,-3.657524
COc1cc2c(cc1OC)CC[NH+](C2CCc1ccccc1Cl)C.[Br-],-4.959957,-4.8882213
COc1ccc2c(c1)CCCN2C=CC=C/C=[N+]/1\CCCc2c1ccc(c2)OC.[Cl-].O,-4.957968,-4.1909437
C=C[C@H]([C@@H](c1ccc(cc1)O)C=C)c1ccc(cc1)O,-4.95,-4.3329926
C/C=C(/C(=C/C)/c1ccc(cc1)O)\c1ccc(cc1)O,-4.95,-4.6690335
c1ccc(cc1)CNCCc1ccccc1.O=C(Cc1ccccc1)N[C@@H]1C(=O)N2[C@@H]1SC([C@@H]2C(=O)O)(C)C,-4.9447007,-6.664332
Oc1ccc2c(c1)C1(C)CCN(C(C2)C1C)CCc1ccccc1,-4.942348,-4.2325125
OC(=O)[C@H]1CCc2c1ccc(c2)C1CCCCC1,-4.940826,-5.0911674
FCCCCCCCCCCCC#N,-4.9397,-4.8452168
CCN(CCCC(Nc1c(C)cnc2c1ccc(c2)Cl)C)CC,-4.9347897,-5.368963
O[C@H]([C@H](C(=O)O)O)C(=O)O.Oc1ccc2c(c1)[C@]13CCCC[C@H]3[C@@H](C2)N(CC1)CCCNc1ccccc1,-4.926321,-5.0409274
C[NH+]1CCc2c(C1CCc1ccc(cc1)Cl)cc(c(c2)C)C.[Br-],-4.9261103,-5.883208
Clc1ccc(cc1)C(c1ccc(cc1)Cl)(c1cccnc1)O,-4.924395,-4.7951665
CNCCCC1(CC(c2c1cccc2)C)c1ccccc1.Cl,-4.9231877,-4.801788
O=C1CC[C@](C(=O)N1)(C1CCN(CC1)Cc1ccccc1)c1ccccc1.Cl,-4.9160523,-4.7493567
COc1cc(CCN2CC[C@@]34[C@H]([C@H]2Cc2c4cc(cc2)O)CCCC3)ccc1OC.Cl,-4.9141974,-4.966435
CCC(=O)OCN1C(=O)NC(C1=O)(c1ccccc1)c1ccccc1,-4.91,-4.4604087
CC(=O)OCC(=O)[C@@]1(O)[C@H](C)C[C@@H]2[C@]1(C)C[C@@H](O)[C@]1([C@H]2CCC2=CC(=O)C=C[C@]12C)F,-4.9,-4.414543
OC(=O)C(=O)O.CCC(=O)N(c1ccccc1)C(CN1CCN(CC1)c1ccccc1)C.CCC(=O)N(c1ccccc1)C(CN1CCN(CC1)c1ccccc1)C,-4.890685,-6.2559514
CCCCC(C1NC(=O)N(C1=O)SC(Cl)(Cl)Cl)CC,-4.8901916,-4.7314925
Cc1ccc2c(c1)ccc(c2)C,-4.89,-4.6087728
Clc1ccc(cc1)Oc1ccc(cc1)NC(=O)N(C)C,-4.89,-4.6205955
CCN1CC(C(C1=O)(c1ccccc1)c1ccccc1)CCN1CCOCC1,-4.8779864,-4.0637574
OC(=O)/C=C/C(=O)O.CN(CCCOC1(CCCCCC1)Cc1ccccc1)C,-4.870836,-4.6925583
COc1ccc2c(c1)c(N)c1c(n2)cc(cc1)Cl,-4.867498,-5.0588717
CCCCCCCC(=O)CCc1ccc(c(c1)OC)O,-4.864873,-4.864894
CCCC(=O)Nc1c(I)cc(c(c1I)CC(C(=O)[O-])CC)I.[Na+],-4.8576365,-5.5822988
C=CCOc1ccccc1C(=O)NC1CCCCC1,-4.8504033,-4.073506
Cc1cccc(c1)Oc1cccc(c1)C,-4.85,-4.893282
O[C@@H]1CC[C@]2([C@@H](C1)CC[C@@H]1[C@@H]2CC[C@]2([C@H]1CC[C@@H]2C(=O)C)C)C,-4.844146,-5.0413117
Oc1ccc2c(c1)CC[C@@H]1[C@@H]2CC[C@]2([C@H]1CC[C@@H]2O)C,-4.84,-4.0650616
CNCCCC1(C=C(c2c1cccc2)C)c1ccccc1.Cl,-4.835883,-5.0106173
CC(COC(=O)c1c(C)ccc(c1OCCN(C)C)C(C)C)C,-4.8142815,-4.4291053
OC1C(CCCC1(COC(=O)c1cccnc1)COC(=O)c1cccnc1)(COC(=O)c1cccnc1)COC(=O)c1cccnc1,-4.8108096,-4.473559
[O-]C(=O)C(CC(=O)O)(CC(=O)O)O.Cc1oc2c(c1)c(O)c1c(c2OCC(C[NH+](C(C)C)Cc2ccccc2)O)occc1=O,-4.7862377,-5.0997458
COc1ccc2c(c1)CCN(C2CCc1ccc(cc1)[N+](=O)[O-])C,-4.7829623,-4.616588
COc1ccc(cc1)C(=O)CCCN1CCC(=CC1)c1ccccc1,-4.782114,-4.572959
CCCCN(C(=O)Nc1ccc(c(c1)Cl)Cl)C,-4.77,-4.6859202
OC(CN1CCN(CC1)c1ccccc1)COc1cc(C)ccc1C(C)C.Cl.Cl,-4.752218,-4.1598587
CCn1c2ccccc2n(c(=O)c2c1cccc2)C,-4.75,-4.1355696
N/C(=N\CC12CC3CC(C2)(CC(C1)(C3)C)C)/CSS(=O)(=O)O,-4.741749,-3.819832
COc1ccc2c(c1)cc1c(n2)cccc1,-4.7408776,-4.238401
C1CCN(C1)CCCC12CC3CC(C2)CC(C1)C3.Cl,-4.710416,-4.708916
CCCOc1ccc2c(c1)[C@]13CCCC[C@H]3[C@@H](C2)N(CC1)C.Br,-4.7074676,-4.6494465
ClCCN(c1cc(ccc1C)C(=O)O)CCCl,-4.7071567,-3.7356236
Clc1ccc(c(c1)C(=O)Nc1ccc(cc1Cl)[N+](=O)[O-])O,-4.7,-4.9420815
CCN(CCOC(=O)C(c1ccccc1)(c1ccccc1)Cl)CC.Cl,-4.6953783,-4.7655697
CN1CCN(CC1)CC1COC2(O1)c1ccccc1OCc1c2cccc1.OC(=O)/C=C/C(=O)O.OC(=O)/C=C/C(=O)O,-4.694355,-5.3222604
CCCN1CCC(CC1)OC(=O)Nc1c(C)cccc1Cl,-4.6890545,-4.5647864
CC(N1CCC(CC1)(c1ccccc1)c1ccccc1)(C)C,-4.688088,-4.3769298
Cc1ccc(cc1C)CCNCC1CCc2c(N1)cccc2.Cl,-4.687827,-4.474955
CCC1OC(c2c1cccc2)(CCCN(C)C)c1ccccc1.Cl,-4.6846585,-4.6785893
CCOP(=O)(N1CCCC1=O)Cc1ccc(cc1)c1nc2c(s1)cccc2,-4.6811557,-5.6627097
O=C(Nc1c(C)cccc1Cl)OC1CCC[NH+](C1)C(C)C.[Cl-],-4.674392,-3.8081694
Fc1ccc(cc1)C(=O)CCCN1CCC2(CC1)C(=O)NCN2c1ccccc1,-4.670728,-4.2853875
NC1=NC(NC1(C(F)(F)F)C(F)(F)F)(C(F)(F)F)C(F)(F)F,-4.664614,-3.7764475
CN1CCN(CC1)CC(=O)N1C(C)(C)CC(=CC1(C)C)c1ccccc1,-4.6598916,-4.3683085
CCN(CCOC(=O)N(c1ccccc1)c1ccccc1)CC.Cl,-4.6556106,-4.803571
CC(N1CCCC1)CC12CC3CC(C2)CC(C1)C3.Cl,-4.6469607,-4.5791917
CCC(c1ccccc1)C(=O)OCCCN1CCCCC1C,-4.637604,-4.5490017
Cc1onc(c1)C(=O)NCCc1ccc(cc1)S(=O)(=O)NC(=O)NN1CCCCCC1,-4.6315656,-3.9101858
c1cc2cccc3c2c(c1)CC3,-4.63,-4.3893576
Clc1cc(Cl)c(c(c1)Cl)Cl,-4.63,-4.8316293
CCCCCCCCCC(=O)OC,-4.63,-3.696543
CCn1c2ncccc2n(c(=S)c2c1nccc2)C,-4.63,-3.7230237
CCN(CCC(c1cccc2c1cccc2)(C(=O)N)C(C)C)C,-4.6296864,-4.639944
COc1cc2c(cc1OC)CCN(C2CCc1ccccc1[N+](=O)[O-])C,-4.629239,-4.187955
Ic1ccc(nc1)OCCCCCCN1CSCC1.Cl,-4.6278896,-4.0588155
CN1CCC(=C2c3ccccc3CCc3c2nccc3)CC1.OC(=O)/C=C\C(=O)O.OC(=O)/C=C\C(=O)O,-4.6177607,-5.0021224
OC(=O)C(=O)[O-].COc1ccc2c(c1O)CC[NH+](C2CCc1ccc(cc1)Cl)C,-4.6123457,-4.8186545
ClCCN(CCOc1ccccc1OC)CCOc1ccccc1C.Cl,-4.6098757,-4.0550156
CC(Oc1ccc(cc1)C(=O)OCCCN1CCCCC1C)C,-4.60787,-4.5878873
CCCC1O[C@H]2[C@](O1)(C(=O)CO)[C@@]1([C@@H](C2)[C@@H]2CCC3=CC(=O)C=C[C@@]3([C@H]2[C@H](C1)O)C)C,-4.60301,-4.4485183
Nc1ccc(cc1)S(=O)(=O)Nc1cnc2c(n1)cccc2,-4.602546,-3.952532
CCCCCCCOC(=O)c1ccc(cc1)N,-4.6,-4.1629524
c1ccc2c(c1)oc1c2cccc1,-4.6,-4.1200213
O=C(Nc1c(C)cccc1Cl)OC1CCN(C1)C(C)(C)C,-4.594335,-4.3118606
O=C(N1C(C)(C)CC(=CC1(C)C)c1ccccc1)CN1CCOCC1,-4.5891705,-4.131034
Clc1ccc2c(c1)c(N)c1c(n2)cccc1,-4.580352,-4.9069734
Clc1cccc2c1nc1ccccc1c2N,-4.580352,-4.8514404
CN(CCCC12CC3CC(C1)CC(C2Br)C3)C.Cl,-4.5725727,-4.230266
C#C[C@@]1(O)CC[C@@H]2[C@]1(C)CC[C@H]1[C@H]2CCC2=CC(=O)CC[C@H]12,-4.57,-4.457757
[O-]S(=O)(=O)C(CC(S(=O)(=O)[O-])c1ccccc1)Nc1ccc(cc1)S(=O)(=O)Nc1ccccn1.[Na+].[Na+],-4.5667186,-3.35722
COc1cc(/C=C/C(=O)CCN2CCN(CC2)c2ccccc2Cl)cc(c1OC)OC.Cl.O,-4.5649347,-4.608798
O[C@H]([C@H](C(=O)O)O)C(=O)O.O[C@H]([C@H](C(=O)O)O)C(=O)O.O[C@H]([C@H](C(=O)O)O)C(=O)O.CCC(=O)OC1(CC(C)N(CC1C)CCCN1CCN(CC1)C)c1ccccc1.O,-4.5610557,-3.3122418
COc1cc2CCN(C(c2cc1O)CCc1ccc(cc1)Cl)C.Cl,-4.5533624,-4.541022
OC(COc1cccc2c1c1ccccc1[nH]2)CNC(C)C,-4.544135,-3.9607666
Clc1ccc(cc1)C(=O)c1ccc(cc1)OC(C(=O)O)(C)C,-4.543936,-4.4950557
N#Cc1c(Cl)c(Cl)c(c(c1Cl)Cl)C#N,-4.53486,-5.2132936
CCCCCOc1ccc(cc1)C(=O)CCN1CCCCC1.Cl,-4.53397,-4.3710713
CCCCCCCC(=O)N[C@@H]1C(=O)N2[C@@H]1SC([C@@H]2C(=O)O)(C)C,-4.5324364,-3.8165634
CCC(C(=O)OCC(Cl)(Cl)Cl)CC,-4.5168505,-4.150066
Nc1cccc2c1nc1ccccc1c2,-4.512067,-4.2025323
Oc1ccc2c(c1)[C@]13CCCC[C@H]3[C@@H](C2)N(CC1)Cc1ccccc1.Br,-4.5068164,-4.7306924
CCCCCCCCCCCC[N+](Cc1ccccc1)(C)C.[Br-],-4.50205,-3.7938235
Clc1ccccc1CNCCCNCc1ccccc1Cl.Cl.Cl,-4.4872994,-4.3786893
Oc1c(O)ccc2c1c1cccc3c1[C@@H](C2)[NH+](CC3)CC1CC1.[Cl-],-4.487152,-4.03289
Clc1ccc(cc1)C(=O)N1CC=Cc2c1cccc2,-4.483002,-5.113114
O=C([C@@H](NC(=O)c1ccccc1)Cc1ccc(cc1)O)Nc1ccc(cc1)C(=O)O,-4.481028,-4.64308
OC(=O)CCc1ccc2c(c1)nc(s2)c1ccccc1,-4.480576,-4.6688104
CN(C(=O)C1(CC[C@H](c2c1cccc2)[NH+](C)C)c1ccccc1)C.[Cl-],-4.4758043,-3.8828886
CC(CCOc1ccc(cc1)C(=O)CCN1CCCCC1)C.Cl,-4.4706583,-4.2238455
ClCCN(c1cc(ccc1C)C(=O)NC(C(=O)[O-])C)CCCl.[Na+],-4.460073,-3.2230175
CN(CCC=C1c2ccccc2CCc2c1cccc2)C,-4.46,-5.2173057
CCC(=O)N1C2CCC1CN(C2)C/C=C/c1ccccc1Cl,-4.4582567,-4.107088
CCC(=O)N1C2CCC1CN(C2)C/C=C/c1cccc(c1)Cl,-4.4582567,-4.02764
ClCCN(C(=O)NC(Cc1ccccc1)(C)C)N=O,-4.4552093,-3.856426
OC(=O)Cc1ccc2c(c1)nc(s2)c1ccc(cc1)Cl,-4.4491067,-4.994886
Oc1ccc2c(c1)[C@]13CCCC[C@H]3[C@@H](C2)N(CC1)CC1CC1,-4.4480963,-3.7241752
O=C(Nc1c(C)cccc1C)OC1CCC[NH+](C1)C(C)C.[Cl-],-4.4461827,-3.9531767
CN1CCN(CC1)C1=c2ccccc2=Nc2c(N1)cc(Cl)cc2,-4.443912,-3.7147346
CCCCN1C(=NC(=O)C(C1=O)(CC)CCC(C)C)[O-].[Na+],-4.4420033,-3.7059543
Cn1cc(c2cccc(c2)C(F)(F)F)c(=O)c(c1)c1ccccc1,-4.44,-5.452612
Clc1ccc2c(c1)c(c[nH]2)C1CCC[NH+]1Cc1ccccc1.[Cl-],-4.4368796,-5.3100486
Fc1ccc(cc1)C(=O)CCCN1CCC(CC1)(O)c1ccc(cc1)Cl,-4.43,-4.5827684
CC[C@H]([C@@H](c1ccc(cc1)O)CC)c1ccc(cc1)O,-4.43,-4.3735933
COP(=S)(SCC(=O)N(c1ccc(cc1)Cl)C(C)C)OC,-4.43,-4.5597987
O=C(C(=C)c1ccc(cc1)Br)OC1CC2CCC(C1)[NH+]2C.[Cl-],-4.423037,-3.7498949
CC[NH+](CC(c1ccc2c(c1)c1ccccc1o2)O)CC.[Cl-],-4.4221325,-4.5943236
CC(CNC(c1ccccc1)Cc1ccccc1)C.Cl,-4.420776,-4.021095
O=C(Nc1c(C)cccc1C)OC1CC[NH+](C1)C(C)(C)C.[Cl-],-4.4139977,-3.7622817
Cc1ccc(cc1)/C=C/C(=O)c1ccccc1,-4.412921,-4.2921195
CCN(c1nc(nc(n1)Cl)N(CC)CC)CC,-4.41,-4.170954
O=C(c1ccccc1)/C=C/c1ccc(cc1)[N+](=O)[O-],-4.4057384,-4.324518
O=C(C1c2ccccc2Oc2c1cccc2)OCC[N+](C(C)C)(C(C)C)C.[Br-],-4.4022236,-4.3299246
Clc1ccc(cc1)C(c1ccccc1)N1CC2CCC(C1)N2C,-4.3872676,-4.120381
CCN(CCOC(=O)COc1c(ccc(c1C(=O)OC)C)C(C)C)CC,-4.3867607,-4.2638497
c1ccc(cc1)c1nc2c(s1)cccc2,-4.3801823,-4.861646
CCCN(C(C(=O)Nc1c(C)cccc1C)CC)CC,-4.3674912,-4.254222
Oc1ccc2c(c1)[C@@]13CCCC[C@@H]3[C@H](C2)N(CC1)CCc1ccco1.Cl,-4.365954,-3.9606986
[O-]S(=O)(=O)NC1CCCCC1.C[NH+]1CCCC1c1cn(c2c1cccc2)Cc1ccccc1,-4.3642726,-4.374672
OC(=O)c1ccccc1Nc1cccc(c1)C(F)(F)F,-4.36,-4.718733
Cc1ccc(c(c1)OCCCC(C(=O)O)(C)C)C,-4.3599067,-4.5082016
Clc1ccc(cc1)C(c1ccccc1Cl)OCC[NH+](C)C.[Cl-],-4.3557525,-4.260988
CS(=O)(=O)O.COc1cc2nc(nc(c2cc1OC)N)N1CCN(CC1)C(=O)C1COc2c(O1)cccc2,-4.354635,-3.4674284
C[N+]1(CCCCCC[N+]2(C)CCCC2)CCCC1.[Br-].[Br-],-4.3524656,-3.8906336
Cc1ccc2c(c1)c(N)c1c(n2)cccc1,-4.3487325,-4.7250724
CC(=CCN1CC[C@@]23[C@H]([C@H]1Cc1c3cc(cc1)O)CCCC2)C,-4.3350525,-4.568175
Cc1ccc[n+](c1)CC(=O)c1ccc(cc1)c1ccc(cc1)C(=O)C[n+]1cccc(c1)C.[Br-].[Br-],-4.3242645,-4.109599
CC(C1CCCCN1CCCOC(=O)c1ccccc1)C,-4.3185124,-4.1463723
c1ccc(cc1)c1ccccc1,-4.31,-4.0149765
CCCCNC(=O)c1cc(Br)cc(c1O)C,-4.302808,-4.3216476
CC(OC(=O)N1CC=Cc2c1cccc2)C,-4.299569,-3.8960896
c1ccc(cc1)CC1C[N+]2(COC[N+]34CCC(CC3)C(C4)Cc3ccccc3)CCC1CC2.[Br-].[Br-],-4.2776713,-2.6525524
CCN(Cc1cc(ccc1O)Nc1ccnc2c1ccc(c2)Cl)CC.Cl.Cl,-4.2743015,-5.8806834
CS(=O)(=O)O.CS(=O)(=O)O.NC(=N)c1ccc(cc1)OCCCCCOc1ccc(cc1)C(=N)N,-4.26104,-4.720903
O[C@H]1CC[C@]2([C@](C1)(O)CC[C@@H]1[C@@H]2CC[C@]2([C@]31O[C@@H]3[C@@H]([C@@H]2c1ccc(=O)oc1)OC(=O)C)C)C,-4.2605042,-3.9671738
CCC1CCCCC1,-4.25,-4.8812184
Clc1ccc2c(c1)c(C)cc(n2)OCCCCCNCCSS(=O)(=O)O,-4.240146,-4.1785107
CCC(=O)OC(c1ccccc1)(C(CN(C)C)C)Cc1ccccc1,-4.2363467,-4.556539
SCCNCCCCCOc1ccc(cn1)I.Cl,-4.2357864,-3.617356
CCC(c1ccccc1)(C(=O)OCc1ccccc1)CN(C)C.Cl,-4.231803,-4.082641
CCC(CC)(C)C,-4.23,-4.535686
CCN(C(C=C(c1cccs1)c1cccs1)C)CC.Cl,-4.225745,-4.4271255
CCCCCCCCOC(=O)c1ccc(cc1)O,-4.2224355,-4.5242066
O=C1C(CCc2c1cc(C)c(c2)C)C[NH+]1CCCCC1.[Cl-],-4.2211843,-3.8708425
OC(=O)Cc1ccc2c(c1)N(C)C(S2)c1ccccc1,-4.2198663,-4.303158
CCC(=O)N1C2CCC1CN(C2)C/C=C/c1ccc(cc1)[N+](=O)[O-],-4.2188706,-3.6780746
CCCCN1CCCC[C@H]1C(=O)Nc1c(C)cccc1C,-4.21701,-4.5233693
CCN(CCOC(=O)C(c1ccccc1)c1ccccc1)CC,-4.216892,-3.82254
FC1=C(C)C(F)(F)C(C(C1(F)F)(F)F)(F)F,-4.210369,-3.4336913
O=C(NS(=O)(=O)c1ccc(cc1)C)NC1CCCCC1,-4.21,-3.879128
O=C(Cc1ccc(cc1)F)CCN1CCN2C(C1)CCc1c2cccc1.Cl.Cl,-4.207162,-3.8642964
CCCOc1c(ccc(c1C(=O)O)C)C(C)C,-4.2032223,-3.8906846
CCCCOc1nc(OCCCC)cc(c1)C(=O)NO,-4.200352,-3.7001407
O[C@H]1CC[C@]2([C@@H](C1)CC[C@@H]1[C@@H]2CC[C@]2([C@]31O[C@@H]3C[C@@H]2c1ccc(=O)oc1)C)C,-4.197169,-5.0497227
CNC(=O)[C@]1(CC[C@H](c2c1cccc2)[NH+](C)C)c1ccccc1.[Cl-],-4.195249,-4.1438684
CC(=O)Nc1ccc(cc1)OC(=O)c1ccccc1OC(=O)C,-4.194943,-3.1984565
Brc1cc(Br)c2c(c1O)nccc2,-4.1937976,-4.1179895
CCCCN(CC(=O)N/N=C/c1ccc(o1)[N+](=O)[O-])CCCC,-4.192992,-4.0349035
CC(NCC1CCC(CC1)CNC(C)(C)C)(C)C.Cl.Cl,-4.19283,-3.0355175
O=CN[C@@H](C(Cl)(Cl)Cl)N1CCN(CC1)[C@H](C(Cl)(Cl)Cl)NC=O,-4.19,-3.123178
CCOC(=O)N1C(SC)C=Cc2c1cccc2,-4.189945,-4.338622
CCCCCOc1ccc(cc1OCC)C=CC(=O)NO,-4.184104,-4.045672
Clc1ccc2c(c1)[C@](O)(C(=O)O)c1c2cccc1,-4.18,-3.5963657
CC(N(C(C)C)CCN1C(=O)CCCc2c1cccc2)C,-4.1790147,-3.9590945
CCC(=O)N1C2CCCC1CN(C2)C/C=C/c1ccccc1,-4.1781774,-4.054541
CCc1oc2c(c1C(=O)c1ccc(cc1)O)cccc2,-4.176656,-4.702622
OC(=O)C(=O)[O-].CCC1Oc2ccc(cc2N(C1=O)CC([NH+]1CCCC1)C)Cl,-4.1733303,-4.123824
c1ccc(cc1)Cc1ccccc1,-4.17,-4.031956
Cc1ccc(cc1)c1nc2c(o1)cccc2,-4.168373,-4.54535
CCN1CCC(CC1)OC(=O)Nc1c(C)cccc1Cl,-4.167105,-4.2183313
Clc1ccc2c(c1)nccc2Nc1ccc(c(c1)CN1CCCC1)O.Cl.Cl,-4.164807,-6.115207
[O-][N+](=O)c1ccc(cc1)c1nc2c(o1)cccc2,-4.1604977,-4.447539
CCC(C(c1ccccc1)(c1ccccc1)CC([NH+](C)C)C)O.[Cl-],-4.157673,-3.9959884
O=C1C(c2ccc(cc2)Cl)C(=O)c2c1cccc2,-4.155578,-4.3898854
CCCCNC(=O)OCC(CC(C)C)(COC(=O)N)C,-4.154626,-3.742946
COc1cc2c(cc1OC)CC[NH+](C2Cc1ccc(cc1)[N+](=O)[O-])C.[Cl-],-4.1519594,-4.027711
NC(=N)c1ccc(cc1)OCCCCCOc1ccc(cc1)C(=N)N.Cl.Cl,-4.1509275,-4.0949154
OC(=O)c1ccccc1Sc1ccccc1,-4.1500707,-3.3890638
Ic1ccc(nc1)SCCCCN1CSCC1.Cl,-4.1485987,-3.8717668
CCOc1ccc(cc1)C(=O)OCCCN1CCCCC1C,-4.148435,-4.187601
O[C@H]1[C@@H](N)C[C@@H](O[C@H]1C)O[C@H]1C[C@@](O)(Cc2c1c(O)c1c(c2O)C(=O)c2c(C1=O)cccc2)C(=O)C,-4.145099,-4.713778
CC[NH+](CCN1C(=O)C(C)Oc2c1cc([N+](=O)[O-])c(c2)Cl)CC.[Cl-],-4.14321,-3.5404332
CCN1CCCC(C1)OC(=O)Nc1cccc(c1)Br,-4.131027,-4.0560417
CC(=O)O[C@@H]1C[C@@H]2[C@]([C@@]1(O)C(=O)COC(=O)C)(C)C[C@H]([C@]1([C@H]2CCC2=CC(=O)C=C[C@]12C)F)O,-4.13,-3.982539
Oc1ccccc1CNCC1CCC(CC1)CNCc1ccccc1O.CC(=O)O.CC(=O)O,-4.128551,-4.8632636
CC(=CCC1=C(O)c2c(C(=O)C1=O)cccc2)C,-4.1242356,-3.456395
c1ccc(cc1)Cc1nc2c(o1)cccc2,-4.122004,-4.3264527
CC(N(C)C)CC12CC3CC(C1)CC(C2Cl)C3.Cl,-4.117506,-3.8328469
CCC(=O)C(c1ccccc1)(c1ccccc1)CCC[NH+](C)C.[Cl-],-4.1173606,-4.2613974
CCCCCCSCCCCCN1CCSC1.Cl,-4.1157165,-3.810601
CN(CCC(c1cccc2c1cccc2)(C(=O)N)C(C)C)C,-4.1074867,-4.1381536
CCC(=O)C(C(C[NH+](C)C)C)(c1ccccc1)c1ccccc1.[Br-],-4.107171,-3.891424
CC(=O)Nc1ccc2c(c1)nc1c(c2)cccc1,-4.106244,-4.289821
COP(=S)(SCN1C(=O)c2c(C1=O)cccc2)OC,-4.1,-2.4626944
CC(c1nnc(s1)NS(=O)(=O)c1ccccc1)(C)C,-4.0942035,-4.0360904
COc1ccc(c(c1)OCC(CN1CCN(CC1)c1ccc(c(c1)C)C)O)C(=O)C.Cl.Cl,-4.085168,-3.6376007
C[N+]1(CCCCCCC[N+]2(C)CCOCC2)CCOCC1.[I-].[I-],-4.0838256,-2.7931445
O=C(C(c1ccccc1)(CN1CCCC1)C)c1ccccc1.Cl,-4.0790076,-3.8001707
CCN1CCCC(C1)OC(=O)C(c1ccccc1)c1ccccc1.Cl,-4.0718746,-4.4508057
CCC(=O)c1ccc(cc1)OCC(CN1CCN2C(C1)CCc1c2cccc1)O.Cl,-4.0650764,-4.3148246
CC(=O)NCCSSc1cc(Cl)ccc1c1ccc(cc1S(=O)[O-])Cl.[Na+],-4.0635133,-4.5949874
O[C@@H]1CC[C@]2([C@H](C1)CC[C@@H]1[C@@H]2C(=O)C[C@]2([C@H]1CC[C@@H]2C(=O)COC(=O)C)C)C,-4.0615716,-3.2266257
O=C(c1ccc(cc1)[N+](=O)[O-])Nc1ncccc1C(=O)O,-4.0602913,-2.661274
[O-][N+](=O)c1ccc(c(c1)Oc1ccccc1)NS(=O)(=O)C,-4.05891,-3.9618037
CC(c1ccccc1)CNCC1CCc2c(N1)cccc2.Cl.Cl,-4.05682,-3.6874535
ClC[C@@H]1CN(C(=O)[C@@H]1Cl)c1cccc(c1)C(F)(F)F,-4.05,-4.0939074
CCOC(=O)N1CCCc2c1cccc2,-4.0404563,-3.0035942
Clc1ccc2c(c1)C(=NCC(=O)N2C)C1=CCCCC1,-4.03912,-4.6796145
N/C(=N\CC1CCCCCC1)/CSP(=O)(O)[O-].[Na+],-4.034841,-0.93017244
O=C(C(O)(C)C)Nc1ccc(c(c1)C(F)(F)F)[N+](=O)[O-],-4.0271587,-3.5471478
c1ccc(cc1)CSc1ncnc2c1[nH]cn2,-4.0264187,-3.291399
CN(CCCOc1nn(c2c1cccc2)Cc1ccccc1)C.Cl,-4.0243664,-4.3721433
Clc1ccc2c(c1)C1N(CCc3c1cccc3)CC(=O)N2C,-4.0152555,-4.379257
CN(/N=N/c1cccc(c1)C(F)(F)F)C,-4.0133915,-2.9071705
Cc1ccc2c(c1)c(C)cc(n2)OCCCCCNCCSS(=O)(=O)O,-4.008291,-3.4145024
CCC(C1(O)CCC(CC1)c1ccccc1)C(=O)O,-4.003739,-3.2785978
Oc1cc(O)c2c(c1)[o+]c(c(c2)O)c1ccc(c(c1)O)O.[Cl-],-4.001614,-3.4070013
Cc1cc(C)c(c(c1C)C)C,-4.0,-5.0377874
Clc1c(Cl)cccc1Cl,-4.0,-4.0350246
Brc1ccc(nc1)OCCCCCN1CSCC1C.Cl,-3.9918375,-3.5541413
OC(=O)Cc1cc(n(c1C)c1ccc(cc1)Cl)C,-3.988817,-3.928418
Cc1ccc(cc1)SCCNc1ccccc1C(=O)N,-3.978396,-4.0779986
CCCCCCc1ccc(cc1)N,-3.976845,-3.5399911
COc1ccc2c(cc1=O)[C@H](CCc1c2c(OC)c(c(c1)OC)OC)NC(=O)C(F)(F)F,-3.9734478,-3.442407
Clc1ccccc1C[NH2+]CC[NH2+]Cc1ccccc1Cl.[Cl-].[Cl-],-3.9705105,-3.6168258
CCC(C(c1ccccc1)O)[NH+](CCCC)CCCC.[Cl-],-3.9691753,-3.886987
C1CCCN1.C1CCCN1.[Cl-].[Cl-].[Pt+2],-3.9684403,-1.5461271
CN1C2CCC1CN(C2)CCOC(=O)C1(CCCC1)c1ccccc1,-3.9571471,-3.4566948
Oc1ccc(cc1Cc1cc(Cl)ccc1O)Cl,-3.95,-4.1470857
OC(=O)c1c[nH]c2c(c1=O)ccc(c2)C(F)(F)F,-3.9433494,-2.7755547
CCOP(=O)(Oc1ccc(cc1)[N+](=O)[O-])SCC,-3.9418337,-3.3967893
OC(=O)C(c1ccccc1)NCc1ccccc1C,-3.941697,-3.5800884
OC(=O)Cc1ccc2c(c1)N(C)c1c(S2)cccc1,-3.94,-4.5026927
CCCCOc1ccc(cc1)C(=O)OCCN(CC)CC.Cl,-3.9369555,-3.3476324
NCCc1c(C)n(c2c1cc(OC)cc2)Cc1ccccc1.Cl,-3.9330516,-4.2254467
Clc1cccc2c1cccc2,-3.93,-4.2025366
O=C1NC(=O)[C@@H]2[C@H]1[C@H]1/C(=C(/c3ccccn3)\c3ccccc3)/[C@@H]2C=C1[C@](c1ccccn1)(c1ccccc1)O,-3.93,-5.56401
O=C(N(C)C)SCCCCOc1ccccc1,-3.93,-3.3218334
OC(=O)COc1ccc(c(c1Cl)Cl)C(c1cccs1)O,-3.9282851,-3.7492213
CN1CC2CCC(C1)N2CCOC(=O)C1CCCC1c1ccccc1,-3.926113,-3.6317067
O[C@@H]1CC[C@]2([C@@H](C1)CC[C@@H]1[C@@H]2C(=O)C[C@]2([C@H]1CC[C@@H]2C(=O)C)C)C,-3.9153893,-3.5982897
OC(=O)C(c1ccc2c(c1)nc(o2)c1cccc(c1)F)C,-3.9050338,-4.406833
CN(C(=S)SSC(=S)N(C)C)C,-3.9,-1.9838942
Cc1ccc(cc1)C(c1ccccc1C)OCC[NH+](C)C.[Cl-],-3.8996725,-3.9178529
Fc1cccc(c1)C(C(=O)c1ccccc1)CN1CCCC1.Cl,-3.8910694,-3.9090254
CC[C@H](c1ccccc1)C,-3.89,-4.190669
CCCC1OC(CCC)OC(O1)CCC,-3.8894944,-4.034803
ClCC[NH+](CCOc1ccccc1OC)CCOc1ccccc1OC.[Cl-],-3.8854477,-4.6121726
CCC[NH+](C(CCC)CCC)CCC.[Cl-],-3.8840668,-2.7821987
Clc1ccc2c(c1)C(=NC(C(=O)N2)[n+]1cccc(c1)C(=O)N)c1ccccc1Cl.[Cl-],-3.8726947,-4.259002
CCCCOc1ccc(cc1C)/C=C/C(=O)NO,-3.8639853,-3.8547614
COC(=O)C1=CO[C@H]([C@@H]2[C@@H]1C[C@@H]1N(C2)CCc2c1[nH]c1c2cccc1)C,-3.862861,-3.785731
CCOC(=O)c1c(C)ccc(c1OCC(CNC(C)C)O)C(C)C,-3.8561244,-3.8844213
O=C(C(C)(C)C)COc1ccc(cc1)Cl,-3.8543923,-3.593211
CCC(=O)N1C2CCC1CN(C2)CCCc1ccccc1,-3.8538575,-3.1972735
Oc1cccc(c1)Nc1ccccc1C(=O)O,-3.8533702,-2.8386815
COc1cc(/C=C/C(=O)CCN2CCN(CC2)CCc2ccccc2)cc(c1OC)OC.Cl.Cl,-3.8527076,-4.0432987
N#Cc1ccc2c(c1)c(N)c1c(n2)cccc1,-3.8385065,-4.524556
COC(=O)c1c(C)ccc(c1OCCCN(C)C)C(C)C,-3.834002,-3.7920737
Oc1ccc(cc1)C1(c2ccc(cc2)O)C(=O)Nc2c1cccc2,-3.8275883,-4.5538764
[O-]C(=O)c1ccccc1.[O-]C(=O)c1ccccc1.[Hg+2],-3.8221684,-3.3770182
OCCNc1nc(c(o1)c1ccccc1)c1ccccc1,-3.8202991,-4.0882187
CCCC/C=C\C,-3.82,-4.3490977
O[C@H]1CC[C@]2([C@H](C1)[C@@H](O)C[C@@H]1[C@@H]2CC[C@]2([C@H]1CC[C@@H]2[C@H](CCC(=O)O)C)C)C,-3.82,-4.244133
CCCCCCBr,-3.81,-3.9413335
ClCC[NH+](Cc1ccccc1)CCOc1ccccc1OC.[Cl-],-3.8059447,-3.97018
O=C1CN=C(c2c(N1)ccc(c2)[N+](=O)[O-])c1ccccc1,-3.8,-3.4932122
OC[C@H]1Oc2ccc(cc2O[C@@H]1c1ccc(c(c1)OC)O)[C@H]1Oc2cc(O)cc(c2C(=O)[C@@H]1O)O,-3.7947032,-3.7013142
COC(c1cccc(c1)C(F)(F)F)CNCc1ccccc1.Cl,-3.7914007,-3.473046
CCCCCCCCCCCCCCOS(=O)(=O)[O-].[Na+],-3.7910104,-3.5565083
CCN(c1nc(NC(C)C)nc(n1)Cl)CC,-3.79,-4.140422
CCN(CCOCCC1=CC[C@H]2C[C@@H]1C2(C)C)CC,-3.7891886,-4.2797356
BrCC(=O)C12CC3CC(C2)CC(C1)C3,-3.788008,-3.8829026
CC[NH+](CCCC1(c2ccccc2)C(=O)Oc2c1cccc2)CC.[Cl-],-3.7860594,-4.5869503
CN(CCCC12CC3CC(C2)CC(C1)C3)C.Cl,-3.7839947,-3.7853842
[O-][N+](=O)c1cc(ccc1Oc1ccccc1)[N+](=O)[O-],-3.7835674,-4.9140816
CCCCOc1ccc(cc1Cl)CC(=O)NO,-3.7817285,-3.432618
COc1cc(ccc1OC)c1nc2c(s1)cc(cc2)CC(=O)O,-3.7804914,-4.5096097
CCCCOc1ccc(cc1Cl)CC(=O)N,-3.7801592,-3.5190842
OC(=O)c1ccccc1Nc1cccc(c1C)C,-3.78,-4.3933797
COc1cc(/C=C/C(=O)CCN2CCN(CC2)c2ccccc2)cc(c1OC)OC.Cl.O,-3.7687156,-4.0685835
CC[NH+](CCN1C(=O)C(CC)Oc2c1cc(Cl)cc2)CC.[Cl-],-3.7668934,-3.6903963
c1ccc(cc1)c1nc2c(o1)cccc2,-3.759431,-4.039757
CCCC1(C)COB(OC1)c1ccc(cc1)C,-3.7582762,-3.5809462
CCCCN1CCC(CC1)(CCCC)OC(=O)C.Cl,-3.7567537,-3.1846025
Clc1ccc2c(c1)C(=NCC(=O)N2C)c1ccccc1F,-3.7564561,-4.337828
C(CCN1CSCC1)CCOc1ccc2c(n1)cccc2.Cl.Cl,-3.7562127,-3.794614
CC(C(c1ccccc1)(c1ccccc1)C#N)C[NH+](C)C.[Cl-],-3.7561743,-3.6232135
OC(=O)Cc1ccc(c(c1)Cl)OCc1ccccc1,-3.7527254,-4.518988
OCC(=O)[C@H]1CC[C@@H]2[C@]1(C)CC[C@H]1[C@H]2CCC2=CC(=O)CC[C@]12C,-3.75,-3.5289052
Fc1ccc(cc1)C(=O)Cc1ccccc1C(=O)O,-3.749279,-3.9625552
CO[C@H]1C[C@H](O[C@H]2CC[C@]3([C@](C2)(O)CC[C@@H]2[C@@H]3CC[C@]3([C@]2(O)CC[C@@H]3C2=CC(=O)OC2)C)C=O)O[C@@H]([C@H]1O)C,-3.7449524,-3.4741075
CC(=O)O.CCCCCCCCCCCCN,-3.7357104,-3.57847
ClCC[NH+](CCOc1ccc(cc1OC)CC=C)CC.[Cl-],-3.7331233,-3.3353174
O=C1C[C@@H]2OCC=C3[C@H]4[C@@H]2[C@@H]2N1c1ccc(cc1[C@]12CCN([C@H]1C4)C3)[N+](=O)[O-],-3.7311113,-2.6691978
CCCC[C@@H]1C(=O)N(N(C1=O)c1ccc(cc1)O)c1ccccc1,-3.73,-4.1513143
CCCCCC=C,-3.73,-4.196496
ClCCN(c1cc(ccc1C)C(=O)N)CCCl,-3.7294884,-3.5030146
Fc1ccc(cc1)C(=O)CCCN1CCc2c(C1)c1cc(F)ccc1[nH]2.Cl,-3.7281027,-5.0007253
[O-]C(=O)[C@H](Cc1cc(I)c(c(c1)I)Oc1cc(I)c(c(c1)I)O)N.[Na+],-3.7263772,-3.813616
O=C(C(c1ccccc1)(c1ccccc1)O)OC1CC2CCC(C1)[N+]2(C)Cc1ccccc1.[Br-],-3.7206857,-4.233432
COCC1(CCN(CC1)CCc1cccs1)N(c1ccccc1)C(=O)CC,-3.71,-4.8729258
SCCNCCCCCOc1ccc(cn1)Br.Cl.Cl,-3.7047412,-2.053034
N#Cc1c(F)c(F)c(c(c1F)F)C#N,-3.7020106,-2.918495
CC(CCc1ccccc1)NCC(c1ccc(c(c1)C(=O)N)O)O.Cl,-3.6994107,-2.5060494
O=C(C(c1ccccc1)CNC1CN2CCC1CC2)c1ccccc1,-3.698922,-4.192981
CN(c1ccc(cc1)C(=N)c1ccc(cc1)N(C)C)C,-3.6984441,-3.516164
CCCCNC(=O)OCC(COC(=O)N)(CC)CC,-3.6963832,-3.5331602
CCCCC(COC(=O)N)(COC(=O)NCC)CC,-3.6963832,-3.5518312
N#C[C@@]1(CC[C@H](c2c1cccc2)[NH+](C)C)c1ccccc1.[Cl-],-3.69392,-4.1311564
N#C[C@]1(CC[C@H](c2c1cccc2)[NH+](C)C)c1ccccc1.[Cl-],-3.69392,-4.1311564
BrC1C(=O)C2(C(C1CC2)(C)C)C,-3.6930597,-3.0614064
C[NH+](CCN1c2cc(Cl)ccc2OC(C1=O)c1ccccc1)C.[Cl-],-3.6905036,-3.8011897
CCOC(=O)c1ccc(cc1)NCCCNCCSS(=O)(=O)O,-3.687686,-2.1885583
Cc1ccccc1OCCNc1ccccc1C(=O)N,-3.6827798,-3.1580594
COP(=S)(Oc1ccc(cc1)[N+](=O)[O-])OC,-3.68,-3.5553763
Nc1ccc(cc1)c1nc2c(s1)cc(cc2)C,-3.68,-4.712292
CCN(C(=O)N1CCN(CC1)CC(=O)NN=Cc1ccc(o1)[N+](=O)[O-])CC,-3.6749902,-2.944442
CCOC(=O)NCC(CNC(=O)OCC)(CC)CC,-3.6748943,-3.4730384
ClCCN(Cc1ccccc1)Cc1ccccc1,-3.673449,-4.1329637
OC(=O)CCCOc1ccc(cc1Cl)Cl,-3.67,-3.8209963
O=C1N(C)c2ccccc2Oc2c1cccn2,-3.67,-2.6539965
CCOC(=O)N(C1CC1)Cc1ccccc1,-3.6698341,-3.2307386
Cc1cc(cc(c1CC1=NCCN1)C)C(C)(C)C.Cl,-3.6695845,-3.8102944
CN1CCC(CC1)(c1ccccc1)c1ccccc1.Cl,-3.6611779,-3.8723204
CC(c1ccccc1)(C)C,-3.66,-3.8924077
OC(=O)c1cc(c(cc1NCc1ccco1)Cl)S(=O)(=O)N,-3.66,-3.0539076
CCCNC(=O)/C(=C(\c1ccccc1)/C)/C,-3.6594768,-3.6358693
O=C(/C=C/c1ccccn1)OCCN1CCN(CC1)c1ccc(cc1)Cl,-3.6592276,-3.9738932
CC[N+](CCOC(=O)C1c2ccccc2Oc2c1cccc2)(CC)C.[Br-],-3.6502492,-3.265595
CC(C(C)C)C,-3.65,-3.5727324
CCC(c1cccc2c1cccc2)(C(=O)N)CCN(C)C,-3.6497948,-3.8271382
CCCCSc1ccc(cc1C)CC(=O)NO,-3.6471019,-3.6742318
OCC(=O)[C@@]1(O)[C@H](C)C[C@@H]2[C@]1(C)C[C@H](O)[C@]1([C@H]2CCC2=CC(=O)C=C[C@]12C)F,-3.6444132,-3.697412
OCC(=O)[C@@]1(O)[C@H](C)C[C@@H]2[C@]1(C)C[C@@H](O)[C@]1([C@H]2CCC2=CC(=O)C=C[C@]12C)F,-3.64,-3.697412
COc1c(OC)c(OC)cc2c1nc(nc2N)N1CCN(CC1)C(=O)OCC(O)(C)C,-3.64,-2.7122705
OC(=O)Cc1ccc(cc1)c1ccccc1,-3.6347902,-3.3555858
CCCCNC(=O)OCC(C(C)C)(COC(=O)N)C,-3.6335018,-3.3780777
CCCCC(COC(=O)N)(COC(=O)NC(C)C)C,-3.6335018,-3.3245895
CCCNC(=O)OCC(C(CC)C)(COC(=O)N)C,-3.6335018,-3.3930304
CC[N+](CCOc1ccc(cc1)/C=C/c1ccccc1)(CC)C.[I-],-3.6322439,-3.5436702
Clc1ccc(cc1)Br,-3.63,-3.6532874
ClCC[NH+](CCOc1ccc(c(c1)C)C)CC.[Cl-],-3.6187901,-3.0727136
CN(CCC(c1ccccc1Cl)(c1ccccc1)O)C,-3.6178122,-3.6380687
Clc1ccc(nc1)SCCCCCN1CSCC1.Cl.Cl,-3.6111631,-3.3447144
[O-]C(=O)CC(C(=O)O)(CC(=O)O)O.C[NH+](CCOC(c1ccccc1C)c1ccccc1)C,-3.6111035,-2.6934512
O=C(C(C)(C)C)[C@@H](n1ncnc1)Oc1ccc(cc1)Cl,-3.61,-4.193891
Clc1ccc2c(c1)C(=NC(C(=O)N2)O)c1ccccc1Cl,-3.6036274,-4.077988
OC(=O)C(c1ccc2c(c1)nc(o2)c1ccccc1)C,-3.6034987,-4.0129323
O=C(c1ccc(cc1)[N+](=O)[O-])Nc1ccccc1C,-3.5957692,-4.15244
O=C1NN(C(=O)C1c1ccccc1)c1ccccc1,-3.5954194,-2.6502597
CC(Cc1ccc(cc1)C(C(=O)O)C)C	,-3.59,-3.5730717
Nc1ccc(cc1)[S@@](=O)N(c1onc(c1C)C)C(=O)C,-3.59,-3.0420787
Oc1ccc2c(c1)[C@]13CCCC[C@H]3[C@@H](C2)N(CC1)CC(c1ccccc1)O.Cl,-3.5891783,-3.8889682
O=C(Cc1ccccc1)NC1CCCCC1,-3.588121,-3.4278054
FCCCCCCBr,-3.5877419,-3.5484536
CCNC(=O)c1cc(Br)cc(c1O)C,-3.5859978,-3.6449807
CN(CC(C(c1ccccc1C)(c1ccccc1)O)C)C.Cl,-3.5786352,-2.6838806
CCN(C(CC(C)C)COC(=O)c1ccc(cc1)N)CC,-3.5728047,-3.3952904
COc1cc(cc(c1OC)OC)C(=O)OC1CCC[C@H]2[C@@H]1CCN(C2)C,-3.5709996,-3.1610482
CCN(C(=O)[C@@H](Oc1cccc2c1cccc2)C)CC,-3.57,-4.1112356
CCC(=O)C(c1ccccc1)(c1ccccc1)CC[NH+]1CCOCC1.[Cl-],-3.5684586,-3.891277
CC1N(CCOC1c1ccccc1)Cc1c(=O)n(n(c1C)C)c1ccccc1,-3.5678775,-4.1692057
CCCCC(COC(=O)N)(COC(=O)NCC=C)C,-3.5653012,-3.2405348
C[NH+](CCOC(c1ccccc1Cl)c1ccccc1)C.[Cl-],-3.560289,-3.6289108
CN1CCC(CC1)OC(c1ccccc1)c1ccccc1.Cl,-3.5547981,-3.5616994
CCCN1CC[C@@]23[C@H]([C@H]1Cc1c3cc(cc1)O)CCCC2.Br,-3.5510507,-3.554464
CN(CC=C(c1cccc(c1)F)c1cccc(c1)F)C.Cl,-3.5505438,-3.8288634
CCC(C)(C)C,-3.55,-3.722113
CCCNS(=O)(=O)c1ccc(cc1)Br,-3.5417542,-2.8814335
CC1CCCCN1CCCOC(=O)c1ccccc1O,-3.5383346,-2.8909557
ClCCN(C(=O)NC1CC2CC1CC2)N=O,-3.5376935,-3.1646485
Brc1cccnc1OCCCCCN1CSCC1.Cl,-3.5361452,-3.2583392
[O-][N+](=O)c1cn(c(n1)C)CCI,-3.5360348,-3.0439656
CCCCC(COC(=O)N)(COC(=O)NCC#C)CC,-3.529583,-3.4364653
O=C1OC(CN1/N=C/c1ccc(o1)[N+](=O)[O-])CN1CCOCC1.Cl,-3.5278237,-2.441831
C1CCCCCC1,-3.52,-4.35534
C=CCOc1c(cccc1C(=O)N)c1ccccc1,-3.5194082,-3.5739915
CCOP(=O)(Oc1ccc(cc1)Cl)OCC,-3.5152473,-3.7032192
[O-][N+](=O)O.CCCC1CNCCC1CCC(c1ccnc2c1cc(OC)cc2)O,-3.5041819,-3.678258
CC[NH+](Cc1ccccc1)CCOc1ccccc1.[Cl-],-3.5032182,-3.313533
O=C(C(c1ccccc1)(c1ccccc1)O)OCCC[NH+]1CCCC1.[Cl-],-3.5031822,-3.2573135
Nc1cnccc1N1CCN2C(C1)CCc1c2cccc1,-3.494947,-3.2761185
CCCC(COC(=O)N1CCOCC1)(COC(=O)N1CCOCC1)C,-3.4862247,-2.7017753
O=C(/C(=C(/c1ccccc1)\C)/C)NC1CC1,-3.4860806,-3.4618948
O=C1CC[C@]2(C(=C1)CC[C@@H]1[C@@H]2C(=O)C[C@]2([C@H]1CCC2=O)C)C,-3.48,-2.9239259
CCN(C(=O)c1ccc[n+](c1)C1N=C(c2ccccc2)c2c(NC1=O)ccc(c2)Cl)CC.[Cl-],-3.4774745,-4.3655944
CN1C2CCC1CN(C2)C(c1ccccc1)c1ccccc1,-3.4747899,-3.2247946
O[C@H]1CC[C@]2([C@@H](C1)CC[C@@H]1[C@@H]2[C@H](O)C(=O)[C@]2([C@]1(O)CC[C@@H]2c1ccc(=O)oc1)C)C,-3.4735017,-3.711552
CNCC=C(c1ccccc1)c1ccc(cc1)Cl.Cl,-3.4686706,-3.616357
CCCN1CCN(CC1)CC(=O)N/N=C\c1ccc(o1)[N+](=O)[O-],-3.4643538,-2.80536
CCC[C@H](C1(CC=C)C(=O)NC(=S)NC1=O)C,-3.46,-3.3229113
CC(CC(C(=O)O)Nc1ccc(cc1[N+](=O)[O-])[N+](=O)[O-])C,-3.4561133,-3.0605166
FC(C(C(F)F)(Cl)Cl)F,-3.4547932,-2.5927165
COc1cc(ccc1OC)C1CCC2N(C1)CCCC2.Cl,-3.452553,-3.4950101
FC(S(=O)(=O)Nc1ccccc1)(F)F,-3.4480402,-1.8365779
C=CCc1cccc(c1OCC(CO)O)Cl,-3.4450498,-3.2771666
CCN(c1c(C)n(c2ccccc2)c(=O)n(c1=O)CC)CC,-3.4417024,-2.8169513
CCCCCCCCCC(=O)O,-3.44,-3.170653
CCC[C@@H](C1(CC)C(=O)NC(=S)N=C1[O-])C.[Na+],-3.4398572,-3.1458452
C1CCC(CC1)(N1CCCCC1)c1ccccc1.Cl,-3.4383283,-4.4846215
CCCC(N1CCCC1)Cc1ccccc1,-3.4372964,-3.6741426
OCC(=O)[C@@]1(O)CC[C@@H]2[C@]1(C)C[C@@H](O)[C@]1([C@H]2CCC2=CC(=O)CC[C@]12C)F,-3.43,-3.5730703
S=C1NC(=O)C2(C(=O)N1)CCC[Si](C2)(C)C,-3.4252832,-3.2379744
O=c1oc2ccccc2c(c1Cc1c(=O)oc2c(c1O)cccc2)O,-3.4201946,-4.038748
OP(=O)(O)O.CN1CC[C@@]23[C@H]([C@H]1Cc1c3cccc1)CCCC2,-3.4200864,-2.2753427
CCOC(=O)[C@@]1(CCC=C[C@H]1N(C)C)c1ccccc1.Cl,-3.4192472,-2.943811
CN1CCC(CC1)OC(=O)Nc1c(C)cccc1C,-3.4145646,-3.222382
O=C(N(c1ccccc1C(=O)N(c1ccccc1)C)C)CN1CCOCC1,-3.4068346,-2.9469337
[O-][N+](=O)c1ccc(s1)c1scc(n1)C(=O)O,-3.4043424,-2.7628329
CCC1(C(=O)NC(=O)N(C1=O)CN1CCCCC1)c1ccccc1,-3.4037802,-3.5098565
C=CCCCCCCCCC(=O)O,-3.4,-3.6704972
N#CC(=NNc1ccc(cc1[N+](=O)[O-])C)C#N,-3.3975594,-3.5301778
OC1=C(c2ccccc2)C(=O)C(=C(C1=O)c1ccccc1)O,-3.390267,-3.6390326
CN1Cc2c([C@@H]3[C@H]1c1cc4OCOc4cc1C[C@@H]3O)ccc1c2OCO1,-3.3901737,-3.3444562
CCCCCCCC(=O)OC,-3.39,-2.9478457
OC(CN1CCN(CC1)c1ccccc1Cl)COc1ccccc1C(=O)C,-3.3884318,-4.1133494
O=C(Nc1ccccc1)OCCCN1CCCCC1C,-3.3846018,-3.7701385
CCCN(C(=O)C(NC(=O)c1ccccc1)CCC(=O)O)CCC,-3.380648,-3.3322885
CCCCCCCCCCCNCCSS(=O)(=O)O,-3.3795133,-3.2430007
CCCN1CCN(CC1C(=O)Nc1ccccc1C)CCC.ON=O.ON=O,-3.3792028,-3.1152997
CN(CCOC(c1ccccc1C)c1ccccc1)C,-3.3769157,-3.066511
CCCCCCCCCCCCN,-3.3759098,-4.50032
NC(=O)c1ccc(cc1)c1sc2c(n1)cc(cc2)C(=O)C,-3.374886,-4.3789725
CCN(CCn1c(nc2c1c(=O)n(c(=O)n2C)C)C(c1ccccc1)O)CC.Cl,-3.3748162,-3.5944202
Fc1ccc(cc1)[C@@](c1ccccc1F)(Cn1cncn1)O,-3.37,-3.9891768
C1CSC(S1)c1ccccc1,-3.3670225,-3.5775483
CC(P(=O)(c1ccccc1)c1ccccc1)C,-3.3625715,-3.273701
c1ccc2c(c1)ccc1c2cccn1,-3.36,-4.3716893
OCCN(c1ccc2c(n1)n(CC)c1ncccc1c(=O)[nH]2)C,-3.36,-3.7555885
O=C1NCCN1/N=C/c1ccc(o1)[N+](=O)[O-],-3.357153,-2.5459366
Oc1ccc2c(c1)[C@]13CCCC[C@H]3[C@@H](C2)N(CC1)C(=O)C,-3.3550637,-3.2574174
CC[NH+](CCN1C(=O)C(C)Oc2c1cc(cc2)[N+](=O)[O-])CC.[Cl-],-3.3487952,-3.4114835
CCC1CN(C)CCC1(OC(=O)CC)c1ccccc1.Cl,-3.3386097,-3.247319
COC(=O)c1c(C)ccc(c1OCC(CNC(C)C)O)C(C)C,-3.333693,-3.5668783
C[NH+](CCOC(c1ccc(cc1)C)c1ccccc1)C.[Cl-],-3.3332145,-3.305361
COc1ccc(cc1)C(=C)C(=O)OC1CC2CCC(C1)N2C,-3.332995,-3.290874
Clc1cnc(c(c1)Cl)SCCCN1CSCC1.Cl,-3.3238869,-3.1572077
O=C1C[C@@H]2OCC=C3[C@H]4[C@H]2[C@H]2N1c1ccccc1[C@@]12CCN([C@H]1C4)C3,-3.32,-2.943783
CCn1c2ncccc2c(=O)n(c2c1cccc2)C,-3.32,-3.47166
CC(c1ccc(c(c1)Cl)N1CC=CC1)C(=O)O,-3.3181152,-3.4722335
CCC(=O)c1ccc(cc1)OCC(CN1CCN(CC1)c1ccc(c(c1)OC)OC)O.Cl.Cl,-3.3110573,-3.5137265
CCCCCCCCC(=O)C,-3.31,-3.6359599
O=C1C[C@@H]2OCC=C3[C@H]4[C@@H]2[C@@H]2N1c1ccccc1[C@]12CCN([C@]1(C4)O)C3,-3.3093104,-2.516322
CCCCNc1ccc(cc1)C(=O)OCCN(C)C,-3.305935,-2.5921848
O[C@H]1CC[C@]2([C@](C1)(O)CC[C@@H]1[C@@H]2CC[C@]2([C@]31O[C@@H]3[C@@H]([C@@H]2c1ccc(=O)oc1)O)C)C,-3.3015664,-3.2501283
O=C(NC(=O)c1ccccc1)NNC(=O)c1ccccc1,-3.2938643,-2.576153
Clc1ccc(c(c1)Cl)C1(OC1Cl)C(=O)N,-3.2921615,-3.2212899
O=C(Nc1ccccc1C(=O)N(c1ccccc1)C)CN1CCOCC1,-3.290615,-2.8511453
CC[C@H]1NC(=O)c2c(N1)cc(c(c2)S(=O)(=O)N)Cl,-3.29,-3.03675
CCC(C1(CC(=C)Br)C(=O)NC(=O)NC1=O)C,-3.2896566,-3.0073416
CCC1NC(=O)c2c(N1)cc(c(c2)S(=O)(=O)N)Cl,-3.2859082,-3.03675
O[C@@H]1CC[C@]2([C@@H](C1)CC[C@@H]1[C@@H]2C[C@H](O)[C@]2([C@H]1CC[C@@H]2[C@@H](CCC(=O)[O-])C)C)C.[Na+],-3.285151,-3.9603047
Clc1cc(Cl)c2c(c1O)nccc2,-3.272839,-3.324709
CCCC(=O)Nc1ccc(c(c1)C(=O)C)OCC(CNC(C)C)O.Cl,-3.2705507,-2.3083403
Ic1cccc(c1)C(=O)O,-3.27,-3.015096
CCCCCNCCOC(=O)c1ccc(cc1)N,-3.27,-2.7237346
ClCC(=O)Nc1nc2c(o1)ccc(c2)Cl,-3.265419,-3.8150938
Clc1ccc(c(c1)Cl)C(Cn1cncc1)O,-3.2578373,-3.9193032
OC(=O)C(=O)[O-].CCC1Oc2ccc(cc2N(C1=O)CC([NH+](C)C)C)Cl,-3.2490625,-3.299153
CC[NH+](CCN1C(=O)C(C)Oc2c1cc(Cl)cc2)CC.[Cl-],-3.2463121,-3.2628653
C=CCC(C)C,-3.24,-3.1815524
Cc1n(C2CCCC2)c(=O)n(c(=O)c1Br)C,-3.2380114,-2.970384
CCCCOc1ccc(cc1)OCCCN1CCOCC1.Cl,-3.2373028,-2.7715003
CN(CCOC(=O)C(c1ccccc1)c1ccccc1)C.Cl,-3.2261643,-2.9541147
CC[C@@]1(O)C(=O)OCc2c1cc1c3nc4ccccc4cc3Cn1c2=O,-3.2260554,-4.285024
Clc1ccc2c(c1)n(c1ccccc1)c(=O)[nH]2,-3.224242,-3.5624337
I/C=C/I,-3.22,-2.660853
CN1CCN(CC1)C1=Nc2ccccc2Cc2c1cccc2,-3.215533,-3.7270982
OCC(c1ccccc1)(c1ccccc1)COC(=O)NC,-3.2123291,-3.0398178
CC(/N=C(/N=C(/Nc1ccc(cc1)Cl)\N)\N)C,-3.2118113,-3.1179872
Oc1ccc(cc1C)C(C)(C)C,-3.2098906,-2.9290302
O=C(Cc1ccccc1)N[C@@H]1C(=O)N2[C@@H]1SC([C@@H]2C(=O)O)(C)C,-3.2012076,-2.6857464
CN(CCOC(c1ccccc1)(c1ccccc1)C)C,-3.1971283,-2.8433814
OP(=O)(O)O.COc1ccc(cc1)CN(c1ccccn1)CCN(C)C,-3.194469,-0.8320129
OC(=O)c1cc(nc2c1cccc2)c1ccccc1,-3.1925483,-3.6170146
FCCCCCCCl,-3.187311,-3.143915
CCCCC,-3.18,-3.265568
Sc1nc2c(s1)cccc2,-3.18,-2.9207327
CCCNC(=O)OCC(COC(=O)N)(CC)CC,-3.1749816,-3.1103733
O=C1O/C(=C\c2ccccc2)/c2c1cccc2,-3.173642,-3.8607087
CN(c1c(=O)n(C2CCCCC2)c(=O)n(c1C)C)C,-3.1709776,-3.0257993
CC(CCOC(=O)c1ccccc1O)C,-3.16,-3.2052283
Nc1nc(cc2c1cccc2)c1ccccn1,-3.1548574,-3.0713618
O=C(c1ccccc1)CCC[NH+]1CCCCC1C.[Cl-],-3.151125,-2.6721907
CCNc1nc(nc(n1)Cl)NC(C#N)(C)C,-3.15,-3.16435
OC(=O)C(Oc1ccccc1)Oc1ccccc1,-3.1497815,-3.1536984
OC(=O)Cc1ccc2c(c1)nc(o2)c1ccccc1,-3.14349,-4.026726
OS(=O)(=O)SCCNCCCOc1nc2ccccc2c(c1)C(F)(F)F,-3.1434128,-4.0433736
CN(/N=N/c1ccc(cc1)Cl)C,-3.143391,-2.7648175
CCC(=O)N1C2CCC1CN(C2)CCc1ccccc1,-3.1429384,-2.575122
COc1ccc2c(c1OC)C(=O)O[C@@H]2[C@@H]1N(C)CCc2c1c(OC)c1c(c2)OCO1,-3.14,-3.801953
O=C1[C@@H](NC(=O)/C(=N\OC(C(=O)O)(C)C)/c2csc(n2)N)[C@@H]2N1C(=C(CS2)C[n+]1ccccc1)C(=O)[O-],-3.1397338,-3.685939
CCC(c1ccccc1)(COC(=O)N(C)C)CO,-3.1354196,-2.3300915
O=c1[nH]c2c(o1)cc(c(c2)Cl)Br,-3.1304386,-3.3630085
Clc1cccc(c1)/N=N/N(C)C,-3.1285143,-2.9156873
CN1CCC(C1)OC(=O)Nc1c(C)cccc1Cl,-3.1239827,-3.395507
CCCCCCCl,-3.12,-3.6520681
NC(=N)c1ccc(cc1)OCCCOc1ccc(cc1)C(=N)N.Cl.Cl,-3.1159647,-3.3069026
OC(=O)c1cc(Cl)cc(c1)Cl,-3.1137319,-2.6579869
CCC(COC(=O)N)(COC(=O)NC(C)C)CC,-3.112335,-2.9928744
CCN(CCCOC(=O)/C=C/c1ccccc1)CC,-3.111896,-3.3858213
CCC(=O)NN1C2CCC1CN(C2)C/C=C/c1ccccc1,-3.11079,-3.703925
CCc1ccc(cc1)C,-3.11,-3.5608373
OCC(=O)[C@@]1(O)CC[C@@H]2[C@]1(C)CC(=O)[C@H]1[C@H]2CCC2=CC(=O)CC[C@]12C,-3.11,-2.865064
COc1c2c(CC[C@@H](c3c2ccc(c(=O)c3)SC)N)cc(c1OC)OC,-3.1098542,-3.08472
CCC(c1ccccc1Cl)OC(=O)N,-3.1096172,-3.4648335
Cc1cc(C(=O)O)c(cc1C)C,-3.1081738,-3.1913793
CCCCC(COC(=O)N)(COC(=O)N(C)C)C,-3.1059008,-3.0384555
NC(=O)C(c1cccc2c1cccc2)(CCN1CCOCC1)C,-3.1037939,-3.180074
CC(C[C@@H](C(=O)N[C@H](C(=O)O)Cc1c[nH]c2c1cccc2)NP(=O)(O[C@@H]1O[C@@H](C)[C@@H]([C@H]([C@H]1O)O)O)O)C,-3.1017392,-2.426728
CN([C@@H]1C(=C(C(=O)N)C(=O)[C@@]2([C@H]1[C@@H](O)[C@H]1C(=C2O)C(=O)c2c([C@@]1(C)O)cccc2O)O)O)C	,-3.09,-2.4168727
CCN1CCCC(C1)OC(=O)Nc1ccc(cc1)OC,-3.0847588,-2.9251237
CCC1(CCC(C)C)C(=O)N=C(N(C1=O)C)[O-].[Na+],-3.0843196,-2.110043
Cn1ccn(/c/1=C/[NH+]=O)COC1CCCCCCCCCCC1.[Cl-],-3.073639,-3.2888944
ClCCN(C1CCCCC1)CCCl,-3.071822,-2.7811494
[O-][N+](=O)c1cccc(c1)P(=O)(c1cccc(c1)[N+](=O)[O-])O,-3.0705116,-3.7848914
Clc1ccc2c(n1)C(=NC(C(=O)N2)O)c1ccccc1Cl,-3.0703008,-3.0051987
C=C[C@@H]1CN2CC[C@H]1C[C@@H]2[C@H](c1ccnc2c1cccc2)O,-3.07,-3.290551
OC(=O)c1ccc(c(c1)C)C,-3.065341,-2.815591
CC(NC(Cc1cc(OC(=O)C)cc(c1)OC(=O)C)OC(=O)C)C,-3.0642161,-3.0987628
Clc1cc2N=CNS(=O)(=O)c2cc1S(=O)(=O)N,-3.05,-3.2188401
Clc1ccccc1Cl,-3.05,-3.291525
CCCCNC(=O)NS(=O)(=O)c1ccccc1,-3.05,-2.5852811
FCCN(C(=O)NC1CCCCC1)N=O,-3.0491462,-2.862703
COc1ccc2c(c1)[C@@]13CCCC[C@@H]3[C@H](C2O)N(CC1)C.Cl,-3.0479608,-2.8003156
CCCC(COC(=O)N)(COC(=O)NCC=C)C,-3.0429387,-2.7158499
O=C[C@@]12CC[C@@H](C[C@@]2(O)CC[C@@H]2[C@@H]1CC[C@]1([C@]2(O)CC[C@@H]1C1=CC(=O)OC1)C)O[C@@H]1O[C@@H](C)[C@@H]([C@H]([C@H]1O)O)O,-3.0419018,-3.070906
FC(C(Cl)(F)F)(Cl)Cl,-3.04,-2.537547
N#CSc1ccc(cc1)Cl,-3.0391607,-3.7018902
CNC(=O)Nc1c(OCCN2CCCC2)c(OC)c2c(c1OC)cco2,-3.028157,-2.9051125
O=C(Nc1ncco1)Nc1cccc(c1)Cl,-3.02762,-3.4286263
Oc1cc(C)c2c(c1)[C@]13CCCC[C@H]3[C@@H](C2)N(CC1)C.Cl,-3.0229733,-2.8052485
CCOC(=O)N1C(OC)Oc2c1cccc2,-3.0224128,-2.8422747
CCNS(=O)(=O)c1ccc(cc1)Br,-3.0204287,-2.2277617
CCCCCOC(=O)c1ccco1,-3.0200443,-2.5443513
O=C(/C=C/c1ccccc1)CCN1CCN(CC1)c1ccccn1,-3.01712,-3.7704446
NN=C(c1ccccc1)c1ccccc1,-3.0154364,-2.7111735
COc1cccc(c1C(=O)N[C@@H]1C(=O)N2[C@@H]1SC([C@@H]2C(=O)O)(C)C)OC,-3.0153549,-3.1176984
CC(N(C)C)CC(c1ccccc1)(c1ccccc1)O.Cl,-3.0112865,-2.1058507
NCCCC12CC3CC(C2)CC(C1)C3.Cl,-3.011087,-3.110122
SCCNCCCCc1ccc(cc1)OC.Cl,-3.0092857,-3.0484076
CCCCC(COC(=O)N)(COC(=O)NCC#C)C,-3.0086467,-3.0056348
ClCCN(CCCOc1ccccc1)CC.Cl,-3.005051,-2.683275
CCOC(=O)/C=C/c1ccccc1,-3.0,-2.986256
ClC1=C(Cl)C(=O)C(=C(C1=O)Cl)Cl,-2.992755,-3.321212
OCC(=O)[C@@]1(O)CC[C@@H]2[C@]1(C)C[C@@H](O)[C@H]1[C@H]2C[C@@H](C2=CC(=O)C=C[C@]12C)C,-2.99,-3.3546398
CN1CCN(CC1)CC(C(=O)c1c[nH]c2c1cccc2)c1ccccc1,-2.9894574,-3.4093435
CNCCC12CC3CC(C2)CC(C1)C3.Cl,-2.9884229,-2.958937
O[C@H]1CC[C@]2([C@@H](C1)CC[C@@H]1[C@@H]2C[C@@H](O)[C@]2([C@]1(O)CC[C@@H]2C1=CC(=O)OC1)C)C,-2.986446,-3.4665473
CCc1c(C)[nH]c2c1C(=O)C(CC2)CN1CCOCC1,-2.983171,-1.6994611
O=C(c1ccc(cc1)[N+](=O)[O-])Nc1ccncc1,-2.977763,-3.073878
COc1cc2CCN([C@@H]3c2c(c1O)C1(C=CC(=O)C=C1)C3)C,-2.976344,-2.585827
[O-]C(=O)CCC(=O)O.[NH3+]CC(c1ccc2c(c1)nc(o2)c1ccccc1)C,-2.9709816,-4.5971994
NC1c2ccccc2C=Cc2c1cccn2.OC(=O)/C=C/C(=O)O,-2.9632204,-2.59843
O=C1CC[C@]2([C@@H](C1)CC[C@@H]1[C@@H]2C[C@@H](O)[C@]2([C@]1(O)CC[C@@H]2C1=CC(=O)OC1)C)C,-2.9630551,-3.5309944
NC(=O)NCCc1c(Cl)cccc1Cl,-2.9492261,-2.5283406
CC(CC12CC3CC(C2)CC(C1)C3)N.Cl,-2.9480352,-2.9645596
CCCCCCCCC[C@H](O)C,-2.94,-4.3701043
CNC(c1ccccc1)Cc1ccccc1.Cl,-2.9301488,-2.8284752
COCCCNc1nc(SC)nc(n1)NC(C)C,-2.93,-2.8873808
Oc1cccc2c1cccc2O,-2.92,-2.222827
C[N+]1(CCC[N+]2(C)CCCC2)CCCC1.[I-].[I-],-2.9172838,-1.529413
COC(=O)c1c(C)ccc(c1OCC(CN1CCOCC1)O)C(C)C,-2.914411,-2.8235688
CN(CCOc1ccccc1Cc1ccccc1)C,-2.9127216,-3.3604357
Clc1ccc2c(c1)nc(o2)C,-2.910386,-2.9147966
Nc1ccc(cc1)S(=O)(=O)Nc1onc(c1C)C,-2.91,-2.9532614
SCCNCCCCCOc1ccc(cn1)C.Cl,-2.9085746,-2.6712763
CN(CCOC(c1ccccc1)c1ccccc1)C.Cl,-2.905207,-2.8141463
N[C@@H]1CC[C@H](c2c1cccc2)c1ccccc1.Cl,-2.9027174,-2.8766284
CCCCCS(=O)CCCCC,-2.9011436,-3.531462
COc1ccc2c3c1O[C@@H]1[C@@]43CC[N@@+]([C@H](C2)[C@@H]4C=C[C@@H]1O)([O-])C,-2.8992634,-2.2597034
Clc1ccc(c(c1)Cl)C1(CO1)C(=O)N,-2.8855934,-2.54856
CN([C@@H]1C(=O)C(=C([C@@]2([C@H]1C[C@H]1C(=C(O)c3c([C@@]1(C)O)c(Cl)ccc3O)C2=O)O)O)C(=O)N)C,-2.880888,-2.5323703
CC(OC(=O)c1ccccc1C(=O)OC(C)C)C,-2.8773124,-3.5135403
OC(CNC(C)(C)C)COc1c2occc2c(c2c1oc(C)cc2=O)O.Cl,-2.8641226,-2.6956446
CN(C(Cc1ccccc1)C)Cc1ccco1,-2.863518,-2.8523467
COc1cc(Cc2cnc(nc2N)N)cc(c1OC)OC,-2.86,-2.289862
ClCCN(c1ccc(cc1)C[C@@H](C(=O)O)NC=O)CCCl,-2.859959,-3.5475318
OC(CN1CCC(CC1)(O)c1ccccc1)COc1cccc(c1)C(=O)C,-2.8532388,-2.9477792
COc1ccc2c3c1O[C@@H]1[C@@]43CCN([C@H](C2)[C@@H]4CC=C1OC(=O)C)C,-2.8498652,-2.5344682
O=C1N=c2c(=C1Nc1ccccc1)cccc2,-2.847149,-2.5265858
CCCCCc1[nH]c2c(n1)n(C)c(=O)n(c2=O)C,-2.837363,-2.563089
OC(=O)C(c1ccc(s1)C(=O)c1ccccc1)C,-2.835017,-2.9559076
CCC(c1ccccc1)CC(=O)O,-2.8343427,-2.7964928
Cc1ccc(nc1)OCCCCCN1CSCC1.Cl.Cl,-2.8299046,-2.1579573
Nc1ccc(cc1)C(=O)Nc1ncccc1C(=O)O,-2.8260224,-2.398741
Nc1ccc(cc1)S(=O)(=O)[N-]c1nc(C)cc(n1)C.[Na+],-2.8253264,-2.2767618
COc1nc(OC)ccc1Cc1cnc(nc1N)N,-2.822722,-2.0484269
OCCC1C2CCN(C1CNC(CCCN(CC)CC)C)CC2,-2.8206406,-2.099523
COc1cc(cc(c1OC)OC)S(=O)(=O)CCN(Cc1ccccc1)C,-2.8202667,-3.0383122
CC[C@@H]1[C@@H]2C[C@@H]3N([C@H]1O)[C@@H]1[C@H]2[C@@H](O)[C@]2([C@@H]3N(C)c3c2cccc3)C1,-2.82,-2.4420197
Cc1cnc(nc1)NS(=O)(=O)c1ccc(cc1)N,-2.82,-2.440081
CS(=O)(=O)N1CC=Cc2c1cccc2,-2.8169017,-2.3784187
CCC(=O)N1C2CCC1CN(C2)Cc1ccccc1,-2.8112607,-2.3880067
CC(=O)OC(COC(=O)C)COc1ccccc1,-2.8030682,-2.324945
CN1CCN(CC1)CC(=O)N1C(C)(C)CCCC1(C)C,-2.798114,-2.0299838
O=C1Oc2c(C1(CCC[NH+]1CCOCC1)c1ccccc1)cccc2.[Cl-],-2.7967544,-3.7420528
CCc1csc(n1)[N-]S(=O)(=O)c1ccc(cc1)N.[Na+],-2.7963724,-2.5623453
Fc1ccc(c(c1)Cl)C1(OC1Cl)C(=O)N,-2.7916455,-2.8940575
O=C1c2ccccc2C(=O)c2c1ccc(c2O)O,-2.78,-3.202771
COc1cccc(c1)Cl,-2.78,-2.1869032
COc1ccc(cc1)Cl,-2.78,-2.1951182
O=C1CC(C(=O)N1c1ccc(cc1Cl)S(=O)(=O)N)c1ccccc1,-2.77701,-3.6968403
CCCc1cccc(c1)OCC(CO)O,-2.7750087,-2.5118139
CCCCOc1c(OC)cccc1C(=O)OCCN(C)C.CI,-2.77451,-4.9491267
[O-][N+](=O)c1ccc2c(c1)CON(C2)CCc1cc[nH+]cc1.[Cl-],-2.774336,-1.8119897
OC(=O)c1cccc(c1C)Cl,-2.772566,-2.735763
CC(C(C(=O)O)C)c1ccccc1,-2.7724168,-2.4891624
Oc1ccc2c(c1Cl)cccc2,-2.7704754,-3.1675522
Cc1ccc(cc1)C,-2.77,-3.0236814
OC(C(Cl)(Cl)Cl)c1ccccc1,-2.768802,-2.8802521
CCOC(=O)c1cc(OC)ccc1O,-2.7637868,-2.1814659
O=C1OC2(c3c1cccc3)CCCC2,-2.7605305,-3.089875
C=CCN1CC[C@@]23[C@H]([C@H]1Cc1c3cc(cc1)O)CCCC2.Br,-2.7600877,-3.3875642
CCCNC(=O)OCC(CCC)(CO)C,-2.7572942,-2.6515791
COc1cc(cc(c1C(=O)N(C)C)OC)Cc1cnc(nc1N)N,-2.74712,-2.128974
CCN(CCN(c1c(C)cccc1C)C=O)CC,-2.7454722,-3.1190903
COc1cc(/C=C/C(=O)CCN2CCN(CC2)c2ncccn2)cc(c1OC)OC.Cl,-2.7442474,-3.3707387
CN(Cc1c(Cl)cccc1NC(=O)c1ccccc1)CC(=O)N1CCOCC1.Cl,-2.7392733,-3.880537
CCCCCCl,-2.73,-2.8625
OC(=O)c1ccccc1I,-2.73,-2.9990923
Brc1ccc2c(c1)nc(o2)N,-2.726389,-2.9312916
CCCC1C(=O)n2n(C1=O)c1cc(C)ccc1nc2N(C)C.O.O,-2.7227063,-2.772114
C(CN1CSCC1)COc1ccc2c(n1)cccc2.Cl.Cl,-2.7218168,-2.6749914
CCCCN1CCC(CC1)(OC(=O)C)c1cccnc1.Cl.Cl,-2.7190678,-2.2151706
O=C(Nc1ccc(cc1)Br)NC=CP(=O)(N1CC1)N1CC1,-2.7170987,-3.4123254
OCC(c1ccccc1)(c1ccccc1)COC(=O)N,-2.7124896,-2.9333217
CCCCCCC(=O)OCC,-2.71,-2.8747625
ONC(=O)Cc1ccc(cc1)C(C)(C)C,-2.703759,-2.7097359
NC(=O)c1ccc(cc1)I,-2.701854,-2.5540278
Nc1ccc(cc1)c1ccc(cc1)N,-2.7,-2.5758734
NCCCCCCCCCCC(=O)O,-2.7,-2.562848
Nc1ccc(cc1)S(=O)(=O)Nc1ccccn1,-2.7,-2.808112
CCCC(COC(=O)NC(C)C)(CO)C,-2.6946132,-2.4655383
O=C(C1NCCNC1)Nc1c(C)cc(cc1C)C.Cl.Cl,-2.693925,-1.4458622
ClCCCNC(Cc1ccccc1)C,-2.6901038,-2.5639856
CCN1CCCC1CNC(=O)c1cc(ccc1OC)S(=O)(=O)CC,-2.6897748,-2.6765807
Clc1ccc(nc1)OCCCCCCNCCSS(=O)(=O)O,-2.6855135,-2.7464163
[O-][N+](=O)c1ccc(o1)/C=N/N(C(=O)N)CCO,-2.685188,-2.164688
C1CCN(CC1)CCc1c[nH]c2c1cccc2,-2.6800618,-2.7765548
CCC(C(=O)NC(=O)N)(CC)Br,-2.68,-2.0387654
CCCC=C,-2.68,-2.792098
CC(N1C(=O)c2ccccc2NS1(=O)=O)C,-2.68,-2.647426
CC1Cc2c(O1)cccc2,-2.6799033,-1.8986982
CN(c1ccc(cc1)/C=N/NC(=S)N)C,-2.667531,-2.8397946
CN1CCCC[C@@H]1C(=O)Nc1c(C)cccc1C,-2.6623948,-3.0362852
Cc1ccc2c(c1)c1CCCC3c1n2CCN3.Cl,-2.662198,-3.2344005
O=C(c1ccncc1)[NH2+]c1cccc(c1C)C.[Cl-],-2.6606092,-2.4898558
CC[N+](CCC(c1ccccc1)(c1ccccc1)C(=O)N)(C)C,-2.654538,-3.0094464
CCCC(COC(=O)N)(COC(=O)NCC)C,-2.6534894,-2.4422524
ClCCN(Cc1ccccc1)CCCl,-2.6497617,-2.9603558
O=Cc1cccc2c1cccc2,-2.6463542,-3.1077836
CN(/N=N/c1ccc(cc1)F)C,-2.6434188,-2.2964427
CN(CCN(c1ccccn1)Cc1cccs1)C,-2.64,-2.3668182
C1CCCN(CCC1)/C=C/C=C/C=[N+]1CCCCCCC1.[Cl-],-2.6378975,-2.3554542
COC(=O)c1c(C)ccc(c1OCC(CN(C)C)O)C(C)C,-2.6368306,-2.734043
CC(=O)NC12CC3CC(C2)CC(C1)C3,-2.635902,-2.397872
c1ccc(cc1)CC1=NCCN1,-2.6334739,-1.1861225
OCCN(c1nc(nc(n1)N(C)C)N(C)C)C,-2.6272671,-1.7292415
CN1CCN(C(C1)C(=O)Nc1ccccc1C)C.ON=O.ON=O,-2.6263492,-1.876861
Oc1ccc2c(c1)[C@]13CCCC[C@]3([C@@H](C2)N(CC1)CC1CC1)O,-2.6239996,-3.0532176
CCN(C(=O)Nc1ccccc1)CC,-2.6239772,-2.5251842
Ic1ccc(cc1)S(=O)(=O)N,-2.6227388,-1.8949246
CCCCCCCOC(=O)N,-2.62,-2.271414
C#C[C@@H](OC(=O)Nc1cccc(c1)Cl)C,-2.62,-3.714328
CCCOc1ccc(cc1OC)C=CC(=O)NO,-2.619844,-2.783344
CN1CCC(C1)OC(=O)C(c1ccccc1)(C1CCCC1)O.Cl,-2.612222,-2.3777368
CCCCN1CCC(CC1)(O)CCCC.Cl,-2.6031444,-2.1169798
OC(=O)c1cc2c(n1C)cccc2,-2.6000493,-1.8789984
COc1ccc(cc1)[C@@](c1cncnc1)(C1CC1)O,-2.6,-2.7121556
c1ccc(cc1)CN(c1ccccc1)CC1=NCCN1,-2.6,-3.4201508
OC(=O)c1cc2ccccc2cc1O,-2.5987082,-2.4955366
O=c1[nH]c2c(o1)cc(c(c2)Cl)Cl,-2.5978358,-2.658879
O=C(C(=C)c1ccccc1)OC1CC[NH+](CC1)C.[Cl-],-2.591373,-2.0626795
CSc1c(C)cc(cc1C)O,-2.5884757,-2.6133668
CCCCC[C@H]([C@@H]1[C@@H](O)C[C@@H](O)C[C@@H](O)C[C@@H](O)C[C@@H](O)C[C@@H](O)[C@@H](O)[C@H](O)/C(=C/C=C/C=C/C=C/C=C/[C@@H]([C@H](OC1=O)C)O)/C)O,-2.5863173,-2.8968818
CCc1c(C)c[nH]c1C,-2.5851858,-1.5507742
CC[N+](CCOC(=O)Cc1ccc(cc1)c1ccccc1)(CC)C.[I-],-2.5809002,-1.9520186
O=NN1C(C)(C)CCCC1(C)C,-2.5699525,-2.6526706
O=C1NC(=O)C2(C(=O)N1)CCC[Si](C2)(C)C,-2.5652375,-2.519663
CC(C1(CC(=C)Br)C(=O)NC(=O)NC1=O)C,-2.564235,-2.662935
CCC(=O)OC12CCN(C(C1)Cc1c2cccc1)C.Cl,-2.553503,-2.695152
N#[N+]/C=C(/CC[C@@H](C(=O)N[C@H](C(=O)O)CC/C(=C/[N+]#N)/[O-])NC(=O)CC[C@@H](C(=O)O)N)\[O-],-2.5526893,-1.5850234
CC(=O)Nc1ccc(cc1Cl)Cl,-2.5512033,-2.8953483
CC(C)C,-2.55,-2.4941242
N#C/C=C/c1ccc(cc1)C,-2.5484545,-3.350256
C1CCN(CC1)CC1COc2c(O1)cccc2.Cl,-2.5428126,-2.2901292
NC(=O)OCCN1OCc2c(C1)ccc(c2)Cl,-2.5401704,-2.607853
ClCc1ccc(cc1)F,-2.54,-2.87146
CN1C2CCC1CN(C2)C(=O)c1ccc(cc1)CC(=O)O,-2.539792,-1.7978507
CN1CCC2(CC1Cc1c2cccc1)C.Cl,-2.5385704,-2.5244315
Cc1nc(nc(n1)N1CCOCC1)N1CCOCC1,-2.5372744,-1.4666301
CC1=NS(=O)(=O)c2c(N1)cc(Cl)c(c2)S(=O)(=O)N,-2.5355487,-3.3163083
NC(=O)CCCCC1SSCC1,-2.5335865,-1.6809733
Clc1ccc2c(c1)oc(n2)N,-2.5322008,-2.5200503
OCC(COc1ccc2c(c1)cccc2)O,-2.531423,-2.3634608
FC(c1ccc(c(c1)N1C(=O)C2C(C1=O)C1OC2CC1)Cl)(F)F,-2.5258646,-4.158644
N/C(=N\CCCOc1ccccc1)/CSS(=O)(=O)O,-2.5210454,-2.6736677
OC(=O)C(=O)[O-].CC1Oc2ccc(cc2N(C1=O)CCC[NH2+]C)Cl,-2.5173957,-2.7768548
O=C([C@@H](c1ccc(cc1)O)N)N[C@@H]1C(=O)N2[C@@H]1SCC(=C2C(=O)O)C,-2.5150476,-2.1017318
CCN(CCOC(=O)C(c1ccccc1)(c1ccccc1)O)CC,-2.5129445,-2.8266368
C=CCn1c(C)c(N(C)C)c(=O)n(c1=O)c1ccccc1,-2.5110881,-2.829045
Cn1c(=S)[nH]nc1c1ccccc1,-2.5107539,-2.5996444
CCC(Cl)(C)C,-2.51,-2.420511
FC(c1ccccc1)(F)F,-2.51,-1.6664692
OC[C@H]1O[C@H](C[C@@H]1O)n1cc(Br)c(=O)[nH]c1=O,-2.502033,-1.8819594
NC(=N)c1ccc(cc1)Oc1ccc(cc1)C(=N)N.Cl.Cl,-2.497792,-2.0558374
OCC(COc1ccccc1Br)O,-2.496877,-2.3286884
CSc1c(Cl)nc(nc1N1CCN(CC1)C)NC(C)C,-2.4951787,-2.4343972
OCC(C(=O)Nc1ccc(cc1)C(=O)Nc1ccn(c(=O)n1)C1CCC(C(O1)C)OC1OC(C)C(C(C1O)O)N(C)C)(N)C,-2.4904418,-3.3818748
Cc1ccc(cc1)[N+](=O)[O-],-2.49,-2.414604
C=CCOc1ccc(cc1OC)/C=C/C(=O)NO,-2.488178,-2.399479
COc1cc2nc(nc(c2cc1OC)N)N1CCN(CC1)C(=O)c1ccco1.Cl,-2.4769826,-3.4804885
O=C1CCC[C@H]2N1C[C@@H]1C[C@H]2CN2[C@H]1CCCC2,-2.4749758,-1.8993553
C=CCc1ccccc1OCC(CNC(C)C)O.Cl,-2.4742618,-1.9861659
CC(=O)N(c1ccccc1)c1ccccc1,-2.467071,-3.3652172
C[N+](CCC[N+]1(C)CC2CCC(C1)(C2(C)C)C)(C)C.COS(=O)(=O)[O-].COS(=O)(=O)[O-],-2.463418,1.1215067
C[N+]1(CCCC[N+]2(C)CCOCC2)CCOCC1.[Br-].[Br-],-2.4600306,-1.842431
COc1ccccc1Cl,-2.46,-2.0666838
CCC/C=C(/C=O)\CC,-2.46,-2.5418272
COc1ccc(cc1)C(=O)O,-2.4579933,-2.1174445
N#CSc1ccc(cc1)C(=O)O,-2.457441,-2.7785184
Clc1ccc(cc1)C(Cn1cncc1)O,-2.4572446,-3.4591608
OCCNC(=O)c1cccc(c1O)c1ccccc1,-2.4537725,-2.5209546
COc1ccc2c3c1O[C@@H]1[C@@]43CCN([C@H](C2)[C@@H]4CC[C@H]1O)C,-2.4525898,-1.7782305
[O-][N+](=O)c1ccc(o1)/C=N\N1CC(=O)N(C1=O)CC(=O)OCC,-2.4464207,-3.2602828
Nc1ccc(cc1)S(=O)(=O)Nc1oc(c(n1)C)C,-2.44,-2.7810743
COc1cc(cc(c1)OC)Cc1cnc(nc1N)N,-2.4397616,-2.2436845
C[NH+](C(CN1C(=O)C(C)Oc2c1cc(C)cc2)C)C.[Cl-],-2.4379702,-2.1059697
CN(CC(=O)[NH2+]/N=C/c1ccc(o1)[N+](=O)[O-])C.[Cl-],-2.4376516,-1.4156492
NC(=O)C1c2ccccc2CCc2c1cccn2,-2.434106,-3.4932148
CCCCCNCCOC(=O)c1ccc(cc1)N.Cl,-2.4322731,-2.6095254
CC(NCC(c1ccc2c(c1)cccc2)O)C,-2.4274669,-2.8615487
CN1CCN(CC1)C(c1ccccc1)c1ccccc1,-2.4255147,-2.3562763
O=c1[nH]c2c(n1c1ccccc1)cccc2,-2.4245305,-2.5868137
NS(=O)(=O)Cc1noc2c1cccc2,-2.4237025,-1.9667665
C/C=C/CSC(C(=O)NC)(C)C,-2.4206705,-1.3071656
Cc1ccc2c(c1)OCO2,-2.4171798,-2.1220355
O=C(c1ccccc1)Nc1ccncc1,-2.4169166,-2.3475735
CC(OC(=O)c1ccc(cc1)O)C,-2.416913,-2.2836578
COc1ccc(cc1)[N+](=O)[O-],-2.41,-2.4359686
CC(c1ccc(cc1)O)(C)C,-2.41,-2.2262688
COc1ccc(cc1)/C=C/C(=O)O,-2.398396,-2.327137
OC(=O)CCCN1C(=O)c2c(C1=O)cccc2,-2.3923397,-2.0568614
CCC(Cc1ccccc1)(O)C,-2.3907237,-2.0399256
Oc1ccccc1c1ccccc1,-2.39,-3.2854805
O=C(c1ccccc1)C[NH+]1CCCCC1.[Br-],-2.3854337,-1.2894948
CN1CCCC1c1c[nH]c2c1c(Cl)ccc2,-2.3753667,-3.0928438
CCCN1CCCN(C1=O)CCC,-2.3750644,-1.8808118
ClCCN(c1c[nH]c(=O)[nH]c1=O)CCCl,-2.373807,-2.0727553
OC(=O)Cn1cnc2c1c(=O)n(C)c(=O)n2C,-2.3662233,-1.4360865
COc1cccc(c1)C,-2.3650608,-2.1606152
CC(=O)Nc1nnc(s1)S(=O)(=O)N,-2.36,-1.8071625
CCC[C@@H](C1(CC=C)C(=O)NC(=O)NC1=O)C,-2.36,-2.4430306
S=c1ncc2c([nH]1)nccn2,-2.36,-1.983283
CCOC(=O)c1ccccc1C(=O)OCC,-2.35,-3.0197146
O=C1NC(=O)NC(=O)C21CCCC2,-2.35,-1.4580331
CCN1CCN(CC1C(=O)Nc1ccccc1C)CC.ON=O.ON=O,-2.3474147,-2.3870628
Cc1[n+](CCC[N+]2(C)CCCC2)ccc2c1N=C1C2C=CC=C1.[Br-].[Br-],-2.3471358,-1.3740304
Clc1cc(Cl)c(c(c1)Cl)O,-2.34,-2.5774415
CNC(=O)Oc1cccc(c1)/N=C/N(C)C,-2.34,-2.290045
CCC1(CCC(=O)NC1=O)c1ccccc1,-2.3374302,-2.4878561
CNCCCC12CC3CC(C1)CC(C2O)C3.Cl,-2.335488,-2.1885471
CCc1cnc(n1CCOC(=O)CCC(=O)O)[N+](=O)[O-],-2.3346608,-2.4540393
CCCOC(=O)c1ccc(cc1)N,-2.33,-2.3987849
CCOc1ccc(cc1)NC(=O)CC(O)C,-2.321077,-2.3009503
CCCC(C(=O)N)CCC,-2.3193302,-1.8422112
CCCCc1[nH]c2c(n1)n(C)c(=O)n(c2=O)C,-2.3165128,-1.8454437
ClCCn1nnc2n(c1=O)cnc2C(=O)N,-2.3108473,-1.8790039
CC(Cc1ccccc1)OC(=O)N,-2.3074234,-1.9200202
FC(C1(CCNCC1)C(F)(F)F)(F)F.O,-2.3068085,-1.2122023
NCCCC(Nc1cc(OC)cc2c1nccc2)C,-2.3046503,-2.5835185
CCOC(=O)C(=O)N1CC=Cc2c1cccc2,-2.3033857,-2.229021
CN1[C@@H]2CC[C@H]1CC(C2)Oc1ccccc1,-2.295691,-2.624145
CCCI,-2.29,-2.355914
O=c1[nH]cnc2c1[nH]cn2,-2.29,-1.3067493
N#CCNc1ccccc1C(=O)O,-2.288768,-1.7802447
OC(C[NH+](C(C)C)C(C)C)COc1ccccc1C(=O)C.[Cl-],-2.2802901,-1.3907728
COP(=O)(O[C@@H](C(Br)(Cl)Cl)Br)OC,-2.28,-2.7005107
CCCCC1(CC)C(=O)NC(=O)NC1=O.[Na],-2.2711387,-1.6369668
O=C(c1ccccc1)NC(=O)c1ccccc1,-2.27,-2.9468062
Nc1cccc(c1)C(=O)Nc1ccccc1,-2.269947,-2.7621424
O=C1NC(=S)NC(=O)C21CCCCC2,-2.2695968,-2.3108718
CN([C@@H]1C(=O)C(=C([C@@]2([C@H]1Cc1c(C2=O)c(O)c2c(c1C)cccc2O)O)O)C(=O)N)C,-2.2681148,-2.686013
CCN(CC(=O)Nc1c(C)cccc1C)CC.Cl,-2.265333,-2.6938217
CCN1CCN(CC1C(=O)Nc1ccccc1)CC.ON=O.ON=O,-2.265154,-2.1542077
CC(CC(=NO)C)C,-2.2647877,-1.4065295
ClCCCn1cnc2c1c(=O)n(C)c(=O)n2C,-2.2632809,-1.9384044
CC[N+](CCC(c1ccccc1)(c1ccccc1)C(=O)N)(C)C.[Br-],-2.260939,-2.7493944
CN(CCN(c1ccccc1)Cc1cccs1)C,-2.2584848,-3.1361969
CC[C@@H](C(=O)O[C@H]1C[C@H](O)C=C2[C@H]1[C@@H](CC[C@H](C[C@H](CC(=O)[O-])O)O)[C@H](C=C2)C)C.[Na+],-2.2581964,-3.0488944
CC(Cc1[nH]c2c(n1)n(C)c(=O)n(c2=O)C)C,-2.2528439,-1.7862774
OCC(COc1ccc(cc1)CC)O,-2.251408,-2.114369
COC(=O)[C@H]1[C@H](C[C@H]2N([C@@H]1CC2)C)OC(=O)c1ccccc1	,-2.25,-1.8976347
OC(=O)C(CC(=O)O)(CC(=O)O)O.CCN(CCc1onc(n1)c1ccccc1)CC,-2.2464757,-3.7357907
Ic1cc(c2c(c1O)nccc2)S(=O)(=O)O,-2.2444181,-3.0354674
OC/C/1=C\[C@H]2OC(=O)C(=C)[C@@H]2[C@H](C/C(=C/CC1)/C)OC(=O)C(CO)C,-2.2435477,-2.6946187
SC/C(=N\CC12CC3CC(C2)CC(C1)C3)/N.Cl,-2.2404404,-2.1500895
CCC(C(c1ccccc1)C(=O)OCC[N+](CC)(CC)C)C.[Br-],-2.2390926,-1.763652
CCOC(=O)N(P(=O)(N1CC1)N1CC1)OC(=O)C,-2.2387,-0.087316394
CCCCc1ccc(nc1)C(=O)O,-2.2321947,-2.495899
C[N+]1(CCCN2CC3CCCC(C2)C3)CCCC1.[I-],-2.223776,-1.2281528
CN(CCN1C(=O)CCCc2c1cccc2)C,-2.2199717,-1.9823498
N/C(=N\Cc1ccc(s1)C)/CSS(=O)(=O)O,-2.2198527,-0.98732483
CCC1(C(C)C)C(=O)NC(=O)NC1=O,-2.21,-1.7492208
CN(CCC(c1ccccc1Cl)(c1ccccc1)O)C.Cl,-2.2082138,-3.1784022
CCCCN(CCCl)CCCl,-2.2035308,-2.2617173
O=C1CCC[C@H]2N1C[C@@H]1CCCN3[C@@H]1[C@@H]2CCC3,-2.2008624,-1.9396425
O[C@H](COc1nsnc1N1CCOCC1)CNC(C)(C)C.OC(=O)/C=C\C(=O)O,-2.1982274,-2.6287
OC(=O)COc1ccc2c(c1)CCC2,-2.1981378,-2.4670026
CC(NC(=O)c1ccccc1)C,-2.19574,-1.8488648
CC(=O)N(c1ccccc1C(=O)O)C,-2.1904936,-1.6593105
[O-][N+](=O)c1ccc(o1)/C=N/O,-2.19,-1.2412469
CN(c1c(=O)[nH]c(=O)n(c1C)c1ccccc1)C,-2.1852744,-2.1873927
CCCC[Hg]OC(=O)C[S-].[Na+],-2.1835265,-1.1809587
COc1c(C)cc(cc1C)CC(N)C.Cl,-2.1822748,-2.2657177
N/C(=N\CC1CCCC1)/CSS(=O)(=O)O,-2.18189,-1.4124708
CCC1(C2=CCCCC2)C(=O)NC(=O)NC1=O,-2.17,-2.2188015
O=C1CC[C@@H]2[C@@]34[C@H]1Oc1c4c(C[C@H]2N(CC3)C)ccc1O,-2.1698098,-1.4258846
CCCNC(=O)OCC(COC(=O)N)CC,-2.1646147,-2.1167574
Clc1ccc(nc1)OCCCCCNCCSS(=O)(=O)O,-2.1644557,-2.3027344
CC[NH+]1CCCC1c1c[nH]c2c1cccc2.[Cl-],-2.163747,-2.3748643
CCc1c(C)[nH]c2c1C(=O)C(CC2)CN1CCOCC1.Cl,-2.156863,-1.7599641
COc1ccc(cc1)/C=C/NC=O,-2.1508667,-1.9442449
Oc1ccc2c(c1)[C@]13CCCC[C@H]3[C@@H](C2)N(CC1)C,-2.145752,-2.686593
FCCCCCl,-2.144309,-1.7826535
CN1CCCC1c1cn(c2c1cccc2)C,-2.1435258,-3.0537999
CN1CCCC1c1c[nH]c2c1cc(C)cc2,-2.1435258,-2.4469671
Nc1nc(=O)c2c([nH]1)n(COCCO)cn2,-2.1430688,-1.0455129
Cc1cccc(c1)C(=O)O,-2.14,-2.0644796
CC(Cc1ccccc1)NC(=O)C,-2.1346354,-1.8788356
CCCn1c(N)cc(=O)n(c1=O)CC,-2.1336226,-1.6680175
Nc1ncnc2c1nc[nH]2,-2.12,-1.0321821
O=C(NCc1ccccc1)CCNNC(=O)c1ccncc1,-2.1188858,-2.5187786
C=CCOc1ccccc1C(=O)N(C)C,-2.1109009,-2.0823903
SCCNCCOc1ccc(cn1)Br.Cl,-2.1037316,-1.8806437
COc1ccc(cc1CC(N(C)C)C)OC.Cl,-2.1028419,-1.5361229
COc1cccc(c1)OC,-2.097039,-2.094795
CCCCCC[C@H](O)C,-2.09,-2.0137925
CC(CC(COC(=O)N)(COC(=O)N)C)C,-2.08955,-1.9164933
O[C@@H]1CC[C@]2([C@@H](C1)C[C@H]([C@@H]1[C@@H]2C[C@H](O)[C@]2([C@H]1CC[C@@H]2[C@@H](CCC(=O)[O-])C)C)O)C.[Na+],-2.087492,-3.1493752
COc1ccc(cc1)c1nc(N)nc(n1)N,-2.0865037,-2.386034
CC(C(COC(=O)NC(=O)C)(COC(=O)NC(=O)C)C)C,-2.082537,-2.1673987
CN(/N=N/c1ccccc1C(=O)N)C,-2.0807703,-1.5493739
N#C[C@H]1C[C@H]2C[C@@H]1/C(=N\OC(=O)NC)/[C@@H]2Cl,-2.08,-3.0457337
CCNc1nc(NC(C)C)nc(n1)OC,-2.08,-2.640753
NC(=O)OCC(c1ccccc1)(COC(=O)N)C,-2.0796463,-2.0526485
OC[C@H]1O[C@H]([C@@H]([C@@H]1O)O)n1cnc2c1[nH]cnc2=S,-2.0712042,-1.9762115
OC(=O)Cc1c[nH]c2c1cccc2,-2.07,-1.4963268
Cn1cccc1c1cccnc1,-2.0650403,-1.2529763
COc1cc(cc(c1OC)OC)S(=O)(=O)CCN1CCCCC1,-2.0626535,-2.0297794
COc1c(OC)ncnc1NS(=O)(=O)c1ccc(cc1)N,-2.06094,-2.70202
CC(OC(=O)C(=C)C)C,-2.0585718,-1.4309139
CCOC(=O)N(P(=O)(N1CC1(C)C)N1CC1(C)C)OC(=O)C,-2.0560002,-1.4037412
COc1ncnc2c1cccc2,-2.052615,-1.8933245
CCN1C(=O)c2ccccc2CS1(=O)=O,-2.051658,-1.928491
CCCCCCC(=O)C,-2.05,-2.243171
CCC(C(=O)O)Oc1ccccc1,-2.0419788,-2.1606073
CC(C[C@@H]1NC(=O)[C@H]2N(C1=O)CCC2)C,-2.0417583,-1.026916
N#Cc1cccc(c1)C,-2.0405815,-2.1527097
CCNc1nc(N2CCN(CC2)C)c(c(n1)Cl)SC,-2.0372927,-1.6625122
COc1ccc2c(c1)cc[nH]2,-2.0346205,-2.0688107
CC(=O)c1ccc(cc1)OC(C(=O)O)(C)C,-2.032955,-2.7245858
CCCCSC(C(=O)N)(C)C,-2.0262733,-1.6313515
Nc1cc(C)[n+](c2c1cccc2)CCCCCCCCCC[n+]1c(C)cc(c2c1cccc2)N.[Cl-].[Cl-],-2.0233166,-7.1639643
CN1CCN(CC1)CC(c1ccccc1)(c1ccccc1)O,-2.0231924,-1.7954087
O=C(c1ccccn1)NNCc1ccccc1,-2.0200768,-2.2474911
COc1ccc(cc1)OC,-2.0027306,-2.0218253
ClC([N+](=O)[O-])(Cl)Cl,-2.0,-1.4983095
OCCOc1c(cccc1C(=O)N)c1ccccc1,-1.9937807,-2.5227482
CC(=O)N[C@H](C(=O)O)Cc1c[nH]c2c1cccc2,-1.9917308,-1.8017321
Nc1cc(nc([n+]1[O-])N)N1CCCCC1,-1.99,-1.6315503
Oc1ccc2c(c1)CCCC2,-1.99,-2.34384
COc1cc(C)nc(n1)n1nc(cc1OC)C,-1.9855222,-1.339815
Cn1c2nncnc2c(=O)n(c1=O)C,-1.9849007,-1.4106244
C=CCOc1ccccc1OCC(CNC(C)C)O.Cl,-1.9773079,-1.9357469
CCCCOC1(OCCN(C1)C)c1ccccc1.Cl,-1.9749246,-2.4055936
CCCC(C1(CC=C)C(=O)NC(=NC1=O)[O-])C.[Na+],-1.972316,-2.1876564
CCn1c(C)cnc1[N+](=O)[O-],-1.9706633,-1.48572
CCC1(C(=O)NC(=O)N(C1=O)CN1CCOCC1)c1ccccc1.Cl,-1.970151,-1.6511462
C1=CCC=CC1,-1.97,-2.684408
Fc1ccc(cc1)F,-1.97,-2.114093
Cc1nc2c([nH]1)cccc2,-1.96,-1.6021202
CCN(CCOc1ccccc1)CC,-1.9537709,-2.023937
Nc1ccc(cc1)C(=O)Nc1ncccc1C.Cl.Cl,-1.9523413,-1.9564981
Cc1ccc2c(c1)nc(cc2)C,-1.94,-3.1607423
O1CCOCCOc2c(OCCOCC1)cccc2,-1.9344807,-1.0597547
Cc1ccnc(c1)OCCCCCNCCSS(=O)(=O)O,-1.9321531,-0.839113
Cc1ccc(nc1)OCCCCCNCCSS(=O)(=O)O,-1.9321531,-0.97164035
C[C@@H]1C[C@@H](C(=O)N1c1ccccc1)N(C)C.Cl,-1.9319116,-1.8708311
CC1Oc2ccc(cc2N(C1=O)CC[NH2+]C)Cl.[Cl-],-1.9301234,-1.99285
O[C@H]([C@@H](c1ccccc1)O)c1ccccc1,-1.93,-2.0102792
COc1cc(ccc1OC)Cc1cnc(nc1N)N,-1.9273417,-2.263566
CC(Cc1ccccc1)NN(C)C,-1.9247644,-1.0521789
CC(COC1(OCCN(C1)C)c1ccccc1)C.Cl,-1.9237083,-2.4941525
CC1(C)CCC([NH2+]1)c1c[nH]c2c1cccc2.[Cl-],-1.9236044,-2.4090965
CC(CCOC(=O)C)C,-1.92,-1.4607427
CC[NH2+]CC(COc1c2oc(cc2c(c2c1occc2=O)O)C)O.[Cl-],-1.9196045,-2.549276
OCC(c1ccccc1)C(=O)OC1C[C@@H]2CC[C@H](C1)N2C.Cl,-1.9174988,-2.1229217
O=C1c2ccccc2N(C1=O)C(=O)C,-1.9170167,-1.6128181
OC[C@@H](c1ccccc1)C(=O)O[C@@H]1C[C@@H]2CC[C@H](C1)N2C,-1.91,-2.3208096
CCC[C@H]1CN([C@@H](C1)C(=O)N[C@@H]([C@H]1O[C@H](SC)[C@@H]([C@H]([C@H]1O)O)O)[C@@H](Cl)C)C.Cl,-1.8999381,-3.3419373
N#Cc1cc(ccc1C#N)[N+](=O)[O-],-1.8920219,-2.6396363
COc1c(OC)ccc2c1C(=O)OC2,-1.89,-1.508252
O=C1NC(=O)NC(=O)C21CC2,-1.89,-0.96438134
CCCc1cnc(n1CCO)[N+](=O)[O-],-1.8810098,-1.5845739
CC(=O)c1ccc(cc1)S(=O)(=O)N,-1.8760958,-1.5042028
CCn1c(C)c(N(C)C)c(=O)n(c1=O)c1ccccc1,-1.874404,-2.5713823
CC([NH2+]CC(=O)N/N=C/c1ccc(o1)[N+](=O)[O-])C.[O-]C(=O)C,-1.8548771,-2.6233966
COc1ccc2c(c1O)[C@]13CCC[C@@H]([C@H]3[C@@H](C2)N(CC1)C)O,-1.8505747,-1.8118777
CCCCOCCCC,-1.85,-2.8490274
COC(=O)c1ccccc1,-1.85,-1.5623912
NC(=N)c1ccc(cc1)Nc1ccc(cc1)C(=N)N.Cl.Cl,-1.8451313,-1.8986534
[O-][N+](=O)c1ncc(n1C=C)C,-1.8406992,-1.223533
ClCCNP1(=O)OCCCN1CCCl,-1.8391719,-1.3808788
CC(=O)C1(C)SCCS1,-1.839157,-1.220122
CN(CCN(c1ncccn1)Cc1ccccc1)C,-1.8382955,-2.0667946
C#CC(c1ccccc1)OC(=O)N,-1.8373024,-1.8896321
Nc1ccc(cc1)c1ccc(cc1)N.Cl.Cl,-1.834435,-1.7737222
OC(=O)C1(N)CCCCCC1,-1.8328764,-1.0079577
NCCS/C(=N\CC)/NCC.Br.Br,-1.8305526,-0.756449
CCC(=O)c1ccccc1,-1.83,-2.1886032
CC(=O)/N=c\1/sc(nn1C)S(=O)(=O)N,-1.83,-1.8952435
C#CC1=CC(N(C(C1)(C)C)C)(C)C,-1.828731,-2.1340964
OS(=O)(=O)SCCNCCCOc1nccc2c1cccc2,-1.8269991,-2.387702
c1ccc2c(n1)c1ncccc1cc2,-1.8260267,-3.1539347
CCOc1nc(C)nc(n1)N,-1.8243964,-1.5372583
CC1CS(=O)(=O)CCN1/N=C/c1ccc(o1)[N+](=O)[O-],-1.8241457,-1.9132537
[O-][N+](=O)c1ccc(c(c1)[N+](=O)[O-])O,-1.8194661,-2.0906868
OCC(NC(=O)/C=C/c1ccccc1)(C)C,-1.8120903,-2.0358362
FCCCCCC#N,-1.8108478,-1.7549316
N#Cc1ccc(cc1)NC(=O)C,-1.8050967,-2.2395442
CN(CCOC(=O)COc1ccc(cc1)Cl)C.Cl,-1.8002154,-1.663005
Clc1cccc(c1O)Cl,-1.79,-1.8811361
O=c1[nH][nH]c(=O)c2c1cccc2,-1.7883077,-1.5556604
COc1ccccc1C(=O)N,-1.7815112,-1.0309495
CN1CCCCC1C(=O)Nc1c(C)cccc1C.Cl,-1.781252,-3.224425
COc1cc(C#N)cc(c1OC)OC,-1.772794,-2.0293033
CC(CC/N=C(/CSS(=O)(=O)O)\N)C,-1.7712244,-0.5114634
CC[N+](CCOC(=O)C(c1ccccc1)(c1ccccc1)O)(CC)CC.[Br-],-1.7700566,-1.71864
Oc1ccc2c(c1)C1(C)CCNC(C2)C1C,-1.768882,-2.60879
CCN(CC(=O)Nc1c(C)cccc1C)CC,-1.76,-2.71114
NC(=O)c1ccccc1O,-1.76,-0.7078121
OCC1(CC1)c1ccccc1,-1.7592431,-1.0879339
CCCCC(CCC)NCCSS(=O)(=O)O,-1.7528197,-1.532637
ClC=C,-1.75,-0.49939477
OC[C@@]12[C@H](O)C[C@@H](C[C@@]2(O)CC[C@@H]2[C@@H]1[C@H](O)C[C@]1([C@]2(O)CC[C@@H]1C1=CC(=O)OC1)C)O[C@@H]1O[C@@H](C)[C@@H]([C@H]([C@H]1O)O)O.O.O.O.O.O.O.O.O,-1.7387443,-1.7942144
NC(=O)C(c1ccccc1)(CCN1CCOCC1)C,-1.7349389,-1.962412
CC(CS(=O)CC(C)C)C,-1.731728,-2.251781
O=c1[nH]c(=O)c(c([nH]1)C(=O)O)F,-1.7307578,-1.0629432
O=C1C=C[C@](C=C1)(O)c1cc(O)ccc1O,-1.73,-1.6869763
ClCCNC(=O)N(CCCl)N=O,-1.7284472,-2.2450125
CCCCCC(O)(C)C,-1.72,-1.7087873
NCC(=O)OC[C@H]([C@@H](c1ccc(cc1)[N+](=O)[O-])O)NC(=O)C(Cl)Cl,-1.719649,-2.5417702
S=c1[nH]c2c([nH]1)cccc2,-1.7150185,-2.2869291
CCN(CCNCC(COc1ccc(cc1)C(=O)CC)O)CC,-1.7084317,-1.920139
ClCC(Cn1c(C)ncc1[N+](=O)[O-])O,-1.7052941,-1.5645579
ClCCN(CCCl)CCCl.Cl,-1.6980284,-1.4478843
CCCCN(CCCO)CCCC,-1.6974125,-1.9794706
FCCCCSC(=O)C,-1.6966949,-1.501479
Oc1ccc(c(c1)C(=O)N)O,-1.682653,-0.6216229
OC(=O)c1cccc(c1)[N+](=O)[O-],-1.68,-2.2455504
CC1(C)CN1P(=O)(N1CC1(C)C)N1CC1(C)C,-1.6788814,-2.2695506
CCN(CCNC(=O)c1ccc(cc1)N)CC,-1.6687319,-1.6005386
CC(COc1ccccc1C)O,-1.668015,-2.0019398
CCN1C(=O)Cc2c(S1(=O)=O)cccc2,-1.6624918,-1.5690888
COC(=O)c1ccccc1C(=O)OC,-1.66,-1.988064
CNC1CC(N(C1=O)c1ccccc1)C.Cl,-1.6539907,-1.7420421
O=C1C=C(O)c2c(C1=O)cccc2,-1.6504285,-1.9309272
OS(=O)(=O)SCCNC1CCCCCCC1,-1.6425474,-1.8548974
c1ccccc1,-1.64,-2.1389787
ClC(=C)Cl,-1.64,-0.91448915
CCCCC1(CC)C(=O)NC(=O)NC1=O,-1.64,-1.9557055
C[C@]12CC[C@H](CC1)C(O2)(C)C,-1.64,-2.3352625
O=C1NS(=O)(=O)c2c1cccc2,-1.64,-1.1553644
O=C1C=C/C(=N/c2ccc(cc2)O)/C=C1,-1.6393927,-2.0214841
CN(N/N=C\1/N=CN=C1C(=O)N)C,-1.6353079,-1.0860013
CCCC(C(CO)CO)C,-1.6348368,-1.3745714
CCC(COC(=O)N)(COC(=O)N)CC,-1.6322424,-1.7520441
CC(=O)CC(=O)C(C)(C)C,-1.63,-1.4528407
CCN(CCOC(=O)C1CC2CCN1CC2)CC,-1.6287715,-1.1987867
CC(C(N)(C)C)c1ccccc1,-1.6274297,-1.4496872
Cn1c2nc([nH]c2c(=O)n(c1=O)C)C1CC1,-1.6210698,-1.3281182
CCCOCCC,-1.62,-1.4575745
COc1cc(C)ccc1CC(N)C.Cl,-1.6170547,-1.3830166
CNC(Cc1ccccc1OC)C.Cl,-1.6120818,-1.1639576
COc1ccc(cc1)C[C@H]1NC[C@H]([C@@H]1OC(=O)C)O,-1.61,-1.4600911
CCC1C2CCC(C2)CN1C,-1.6079625,-1.3859931
OC(=O)c1ccccc1C(F)(F)F,-1.6,-2.0458915
CCI,-1.6,-1.2852333
NC(=O)N[C@H]1NC(=O)NC1=O,-1.6,-0.71287537
CC(CC(=O)CC(=O)C)C,-1.6,-1.3904994
O=C1C(=O)C(=C(c2c1cccc2)O)C,-1.5987997,-2.316183
CO[C@@]12[C@H]3N[C@H]3CN2C2=C([C@H]1COC(=O)N)C(=O)C(=C(C2=O)C)N,-1.5983504,-0.56538594
OCC(COc1ccc(cc1)OC)(O)C,-1.5976727,-1.4992689
COC(=O)c1ccc(cc1)N,-1.59,-1.5179149
CN1C(=O)C(c2ccccc2)C(=O)N(C1=O)C,-1.5848982,-2.062748
Clc1ccc(cc1)S(=O)(=O)N,-1.5811523,-1.8256658
S1SCC(C1)N1CCCC1.OC(=O)C(=O)O,-1.5774689,-1.1877974
c1ccc(cc1)c1ncn[nH]1,-1.5759501,-1.5358111
CC(=O)NC1CCCCC1,-1.5758464,-1.2659025
[O-]C(=O)c1ccccc1c1c2cc(Br)c(=O)cc2oc2c1cc(Br)c(c2[Hg])[O-].[Na+].[Na+].O,-1.5749949,-1.3824815
CCC(Cc1ccc2c(c1)OCO2)N,-1.5743033,-1.7042326
COc1cc(ccc1OC)CC(=O)C,-1.572313,-1.6875881
CNC(=O)Oc1ccccc1C1OCCO1,-1.57,-1.7572381
NC(=O)OCC(C(C)(C)C)COC(=O)N,-1.5695829,-1.6934243
CCC(=O)C(c1ccccc1)(c1ccccc1)CC([N+](C)(C)C)C.[Cl-],-1.565445,-2.0151298
[O-][N+](=O)O.OCCn1c(=O)n(C)c2c(c1=O)n(C)cn2,-1.555686,-1.3128803
Nc1nc(nc(n1)N(C)C)N(C)C,-1.555443,-1.7237524
Nc1ccc2c(c1)scn2,-1.5509431,-2.0114987
OCC(COc1ccccc1)(CO)CO,-1.5508631,-1.0949619
OCCCC(C)(C)C,-1.55,-1.2802016
CSc1cnc2c(n1)ncnc2,-1.55,-1.7325958
O=Nc1ccc(cc1)O,-1.5462288,-1.7942946
CN1C(C)C2CCC(C1C)C2,-1.5449729,-1.3052573
CN1CCOC(C1)(OCC#C)c1ccccc1.Cl,-1.5403984,-1.8489689
n1ccc(cc1)c1ccncc1,-1.54,-1.428023
CCC(NC(=S)C(=S)NC(CC)C)C,-1.5369399,-3.4070358
O=C1c2ccccc2CS(=O)(=O)N1C,-1.5309755,-1.3406124
NCc1ccccc1,-1.53,-0.7216008
COc1cc(/C=C/C(=O)N2CCCO2)cc(c1OC)OC,-1.5293211,-1.8324101
COc1ccccc1OCC(COC(=O)N)O,-1.5251222,-1.2479577
CCC1(C(C)C)C(=O)[N-]C(=O)NC1=O.[Na+],-1.5213116,-1.2452345
Cc1c[nH]c(=O)[nH]c1=O,-1.52,-1.0239164
O=COCCC(C)C,-1.52,-1.131893
CCC(C=O)CC,-1.52,-1.0863422
COc1ccc(cc1)C(=O)/C=N/[NH+]1CCN(CC1)C.[Cl-],-1.5172513,-1.3852121
NC1=NCC(O1)CN1CCN(CC1)c1ccccn1,-1.5163836,-1.5874959
CC(CNC(Cc1ccccc1)(C)C)O,-1.5145457,-1.5239049
OCCN(Cc1csc(n1)c1ccc(s1)[N+](=O)[O-])C.Cl,-1.5132706,-2.0960348
[O-][N+](=O)O.OCn1cnc2c1c(=O)n(C)c(=O)n2C,-1.5096319,-1.5601386
CCN(CCc1onc(n1)c1ccccc1)CC,-1.5019575,-2.8715785
ClCCS(=O)(=O)CCCl,-1.5,-0.34785706
NC(=N)c1cccc(c1)[N+](=O)[O-].Cl,-1.4977896,-0.84972084
NCCCNc1ccc(c2c1NCCC2)OC.Cl,-1.4848418,-1.3455187
COC(=O)C(c1ccccc1)C1CCCCN1.Cl,-1.4840488,-2.1883905
COc1ccccc1C(=O)O,-1.4832991,-1.9616519
O=C(N1CC1)Nc1ccccc1,-1.4704571,-1.3553976
CCCC[C@@H](CC)O,-1.47,-1.4141818
C=CCSC(C(=O)N)(C)C,-1.4664724,-0.47798547
FCCN(C(=O)NCCCl)N=O,-1.4623716,-1.8725477
CCCC(c1ccccc1)OCn1ccn(/c/1=C/[NH+]=O)C.[Cl-],-1.4503632,-1.3170646
c1ccc2c(c1)cncc2,-1.45,-2.3629682
O/N=C(/Cn1ccc2c1cccc2)\N,-1.4438154,-1.6200367
COP(=O)(OC=C(Cl)Cl)OC,-1.4412433,-1.9202887
CCCCCCCC[N+](CCOCC[N+](CCCCCCCC)(C)C)(C)C.[Br-].[Br-],-1.4409385,-1.1061435
CCC(=O)c1ccc(cc1)NO,-1.4355164,-2.038974
Cn1cnc(=O)c2c1cccc2,-1.4344821,-1.1572616
O=C1NC(=O)C2(C(C1CC2)(C)C)C,-1.4341162,-1.3714223
N/C(=N\c1ccccc1)/N=C(N)N,-1.4329793,-0.806272
CCC(COC(=O)CCC(=O)[O-])(CO)CC.[Na+],-1.4280084,-0.5341126
ClC1=C/C(=N/c2ccc(cc2)[O-])/C=C(C1=O)Cl.[Na+],-1.427481,-1.7855483
O=C1NC(=O)OC1c1ccccc1,-1.4242374,-1.3953351
CN(CCC(c1ccccn1)c1ccccc1)C.Cl,-1.4168727,-1.4674399
[O-][N+](=O)CC(=O)OCC,-1.4123806,0.02958244
CC(=O)Cc1ccccc1,-1.4105935,-1.6170248
CC(Cl)C,-1.41,-1.6007344
Oc1ccc(cc1)C(=O)O,-1.41,-1.5555717
Cc1cc(C)cc(c1)O,-1.4,-1.7016484
CNC(CC(=O)c1ccccc1)(C)C.Cl,-1.3983827,-1.1281512
CCNc1nc(=O)nc([nH]1)C,-1.3879789,-1.1664255
c1ccc(cc1)c1nnco1,-1.386717,-1.966301
NC12CC3CC(C2)CC(C1)C3,-1.3809153,-1.6978153
OCCCc1ccccc1,-1.38,-1.1219002
CNCCc1cc(OC)ccc1OC.Cl,-1.3702066,-0.97674406
CCCCOC=O,-1.37,-0.7602198
ClCC(=O)C(C)(C)C,-1.3633862,-1.3736691
CCc1ccccc1O,-1.36,-1.2324643
OCCn1c(CC)cnc1[N+](=O)[O-],-1.3591161,-1.2180767
OC(=O)/C=C\C(=O)O.CN(CCOC(c1ccccn1)c1ccc(cc1)Cl)C,-1.3469971,-2.3183436
CCCOC(C)C,-1.34,-1.2262098
Oc1cc(Cl)cc(c1)Cl,-1.34,-2.0700068
CCSCC,-1.34,-1.8132495
OC(c1ccccc1)CN1CCCCC1.Cl,-1.3303043,-1.252722
CC(CCC(=O)C)C,-1.33,-1.5614208
CCOC(=O)N1CCN(CC1)C(CC)C,-1.326719,-0.9607924
OS(=O)(=O)O.CNC(CC1CCC(CC1)O)C,-1.3130554,-0.4222471
CCOC(=O)C(c1ccccc1)O,-1.3125149,-1.435887
Cl/N=C/1\C=CC(=O)C=C1,-1.3105651,-1.4435388
Cc1cccc(c1O)C,-1.31,-1.4918283
c1ccc2c(c1)nccc2,-1.3,-2.3372092
COc1ccc(cc1)NC(=O)C,-1.3,-1.818807
[O-][N+](=O)c1ncc(n1C)CC(O)C,-1.2963253,-0.95442915
NC(=O)CCSSSCCC(=O)N,-1.2944915,-0.37101504
CCCCCCCNCCSS(=O)(=O)O,-1.2932622,-1.1785984
Clc1cccc(c1NC1=NCCN1)Cl.Cl,-1.2922398,-2.3680444
C1CNC(C1)c1c[nH]c2c1cccc2,-1.2919344,-2.0194767
COc1ccc2c(c1)[nH]c(=O)o2,-1.2828702,-1.606929
Oc1cccc(c1)C(=O)O,-1.2799249,-1.4670683
OC(C(O)C)COc1ccccc1,-1.2796817,-1.063159
CN1CC2CCC(C1)N2C(=O)CC(=O)O,-1.2699407,-0.54752254
NC(=S)C(c1cnccn1)c1ccccc1,-1.2669842,-2.6350296
O=C(c1ccc2c(c1)OCO2)N1CCOCC1,-1.2609196,-1.1059389
OCCn1c(C)ncc1[N+](=O)[O-],-1.26,-0.7947637
Oc1ccc(c(c1)Cl)Cl,-1.25,-2.0711179
CCCCC(COC(=O)N)CO,-1.2466543,-0.9687929
CC(=O)C(C(C(F)(F)F)(C(F)(F)F)O)C(=O)C,-1.2347769,-1.3479805
COc1ccc(cc1)CC(=O)O,-1.23143,-1.7134987
OC[C@@H]1O[C@@H]([C@H]([C@H]1O)O)n1cnc2c1ncnc2O,-1.23,-0.9136143
OCCCCCC/N=C(/CSS(=O)(=O)O)\N,-1.219758,-0.5951065
CO[C@@]12[C@@H]3[C@@H](N3C)CN2C2=C([C@H]1COC(=O)N)C(=O)C(=C(C2=O)C)N,-1.2183626,-0.9183711
C=CC(=O)OCC(C)C,-1.21,-1.5137478
CCCn1c(=O)n(C)c2c(c1=O)n(C)cn2,-1.2082194,-1.5898548
CCC1(CC)C(=O)NCC(C1=O)C,-1.2042409,-1.3449944
C1Sc2ncccc2NC1=O,-1.2035924,-0.99138474
COC(=O)[C@@H]1[C@H]2C=C[C@@H]([C@@H]1C(=O)OC)C2,-1.2,-1.7246119
BrC[C@H]([C@@H]([C@@H]([C@H](CBr)O)O)O)O,-1.1982455,-0.87332034
OCC(COc1ccccc1C(=O)C)O,-1.1955879,-1.2840797
[O-][N+](=O)c1nccn1CC(COCC)O,-1.1948737,-0.81058156
C#CC(c1ccccc1)(O)C,-1.1926656,-1.2811416
OCC(COc1ccccc1C)O,-1.1887116,-1.5341141
COc1ccccc1NCC(=O)N,-1.1820533,-0.9499161
CCCN(C(=O)N)CCC,-1.1812959,-0.98418915
ClCCS(=O)CCCl,-1.16,-1.0462934
CC1(C)CC=CC(N1)(C)C,-1.1442047,-1.2269883
COc1cnc2c(n1)cncn2,-1.14,-0.8066211
OS(=O)(=O)O.NNc1nnc(c2c1cccc2)NN,-1.1375983,-1.507066
C[C@H]1C[C@H](C)C(=O)[C@@H](C1)[C@@H](CC1CC(=O)NC(=O)C1)O,-1.1270307,-1.4202694
OS(=O)(=O)SCCNC1CCCCCC1,-1.1204625,-1.2875512
Clc1ccc(nc1)OCCCNCCSS(=O)(=O)O,-1.1198436,-1.5860776
OCC(Cn1c(=O)c2n(C)cnc2n(c1=O)C)O,-1.1196969,-0.5944004
NNC(Cc1ccccc1)C,-1.1152898,-1.260501
OC[C@H]([C@H]([C@@H]([C@H](C(=O)[O-])O)O)O)O.OC[C@H]([C@H]([C@@H]([C@H](C(=O)[O-])O)O)O)O.[Ca+2],-1.1113998,-0.15478176
COc1ncnc2c1nccn2,-1.11,-0.8121424
CN1C(C)(C)CCC1(C)C,-1.1046901,-1.3637305
CC(OC(C)C)C,-1.1,-1.0378941
NCCCCNC(=O)c1ccccc1,-1.0989182,-1.4756571
O=CC1(CCNCC1)c1ccccc1,-1.0980773,-1.4016731
OC(=O)c1ccc(cc1)S(=O)(=O)N,-1.0957158,-0.544249
CCBr,-1.09,-0.95186806
CN1CC2CCC(C1C)C2,-1.0868654,-0.8410897
N#Cc1cccc(c1)C#N,-1.0848237,-1.5585712
CC=C,-1.08,-1.6719066
Oc1cc(O)cc(c1)O,-1.0754471,-0.07095352
O=[NH+]/C=c\1/n(COCCCc2ccccc2)ccn1C.[Cl-],-1.0750986,-0.8719628
CCCCCC(=O)O,-1.06,-1.1035092
NC1CCc2c(C1)cccc2,-1.044118,-1.7893531
NNc1nnc(c2c1cccc2)NN.Cl,-1.0331709,-0.94845986
COc1cccc(c1)C(=O)N,-1.0305402,-1.179473
CC(Cc1cc(C)c(c(c1)C)O)N.Cl,-1.0242622,-1.4534161
CC(=O)CC(c1c(=O)oc2c(c1[O-])cccc2)c1ccccc1.[K+],-1.009407,-3.6998775
C[NH+](CCOC(=O)COc1ccccc1)C.[Cl-],-1.0079819,-0.90345824
CCNc1nncs1,-1.0006089,-0.8657143
OCC(CNc1ccc(cc1)C)O,-0.9981707,-0.9967073
Nc1ccc(cc1)S(=O)(=O)[N-]c1ncccn1.[Na+],-0.9862743,-1.9519237
O=C1C(=O)Nc2c1cccc2,-0.98387104,-1.37525
O=[NH+]/C=c/1\n(COC/C=C\c2ccccc2)ccn1C.[Cl-],-0.9748868,-0.9442235
COc1ccccc1OCC(=O)O,-0.97223955,-1.488829
CCC(c1ccccc1)N.Cl,-0.97223824,-0.70938885
CC(=O)Nc1n[nH]c(cc1=O)C,-0.97102857,-0.7557167
Cn1cnc2c1c(=O)n(C)c(=O)n2C,-0.97,-1.2256362
[O-][N+](=O)CCCC(=O)N,-0.9686769,-0.75803685
C/C=C/CC#N,-0.96,-1.3213369
CCOP(=O)(OCC)SCCN(CC)CC,-0.9498627,-0.68959904
CNC(Cc1ccc(cc1)O)C,-0.94952667,-1.0955063
Nc1ccc(cc1)C(=O)Nc1n[nH]nn1,-0.948313,-1.6109687
CN1CCc2c(C1)cccc2,-0.940083,-1.0936695
CC(C(C)(C)C)OP(=O)(F)C,-0.9382695,-1.0159316
COc1cc(cc(c1OC)OC)C(=O)N1CCOCC1,-0.9319862,-0.9751115
CC(C#CC(O)(C)C)(O)C,-0.93043715,-0.33092004
CC(=O)Nc1cccc(c1)O,-0.927813,-1.2662859
Cc1cc(=O)n2c(n1)nc[nH]2,-0.9212268,-0.700897
COc1cc(C=O)cc(c1O)O,-0.91819566,-1.2834466
CCC(=O)N1C(C)CN(CC1C)C,-0.9094594,-1.2214898
OCCNC(=O)/C=C/c1ccccc1,-0.9080923,-1.3651875
Cc1cc2nc3ccc(=[N+](C)C)cc3sc2cc1N.[Cl-],-0.9034082,-1.3671013
COc1ccc(cc1C(C([NH+](C)C)C)O)OC.[Cl-],-0.90147567,-0.37313884
Nc1ccc(cn1)C(=O)N,-0.8916578,-0.35341755
[O-][N+](=O)CC(=O)OC,-0.89113283,0.19683698
OC[C@H]1O[C@H]([C@@H]([C@@H]1O)O)n1cc(F)c(=O)[nH]c1=O,-0.88332695,-0.6785997
CCOC(=O)N1CCN(CC1)C(C)C.Cl,-0.88011706,-0.7825428
C[C@@H]1CC[C@H](CC1)O,-0.88,-0.7137602
Clc1cnc2c(n1)ncnc2,-0.87,-1.3336949
CNC(=S)NCCCN.Br.Br,-0.8626826,0.30454496
CO[C@@H]([C@@H]1Cc2cc3cc(O[C@@H]4O[C@H](C)[C@H]([C@@H](C4)O[C@H]4C[C@@H](O)[C@@H]([C@H](O4)C)O)O)c(c(c3c(c2C(=O)[C@H]1O[C@@H]1O[C@H](C)[C@H]([C@@H](C1)O[C@@H]1O[C@H](C)[C@@H]([C@@H](C1)O[C@@H]1O[C@H](C)[C@H]([C@@](C1)(C)O)O)O)O)O)O)C)C(=O)[C@H]([C@H](O)C)O,-0.86259747,-5.7040143
CCN([C@H]([C@@H](c1ccccc1)O)C)C.Cl,-0.86156464,-0.7819563
O=NN(C(=O)N)C,-0.85,0.39548805
CCCCC=O,-0.85,-0.74784803
CC[C@@H]1C(=O)OC[C@@H]1Cc1cncn1C,-0.8226476,-1.9663408
CCOC(=O)CC(=O)OCC,-0.82,-0.42549664
OC(=O)CCCCC(=O)O,-0.82,-0.15552257
NCCS/C(=N\c1ccccc1)/N.Br.Br,-0.8196023,-1.281496
NOCc1ccc(cc1)[N+](=O)[O-].Cl,-0.8167723,-0.68755746
OCC(COc1ccc(cc1)NC(=O)C)O,-0.8148341,-0.90341127
CC(N1CCCC1=O)C,-0.8144081,-0.6865642
COC(=O)C(=C)C,-0.8,-0.41116676
NCCCCSC(=N)N.Br.Br,-0.79896694,-0.05941108
SCCNC(=O)CCNC(=O)[C@@H](C(CO)(C)C)O,-0.79625773,-0.15313369
COc1ccc(c(c1)C(=O)N)O,-0.79339045,-1.175679
CBr,-0.79,0.105971366
COc1cc(ccc1OC)CC(=O)N,-0.78809273,-1.1587838
CCCCN1CCC(CC1)(O)Cc1ccccn1.Cl.Cl,-0.7867325,-1.0640755
CCN(CC(COC(=O)N)(COC(=O)N)CC)CC,-0.78091866,-2.2044938
COc1c(ccc(c1OC)OC)CN1CCNCC1.Cl.Cl,-0.7792497,-1.1932554
CN([C@@H]1C(=O)C(=C([C@@]2([C@H]1C[C@H]1C(=C(O)c3c([C@H]1O)c(Cl)ccc3O)C2=O)O)O)C(=O)N)C.Cl,-0.77120125,-1.8574058
CCOCCOCC,-0.77,0.13409483
CC(C=C)(CC)O,-0.7677025,-0.4938109
FCCCC#N,-0.7668169,-0.2851287
CCNCCC(=O)c1ccccc1O.Cl,-0.7612855,-0.63163865
CCc1cc(c2c1cccc(c2)C(C)C)S(=O)(=O)[O-].[Na+],-0.7586251,-1.620983
[O-]C(=O)[O-].[Li+].[Li+],-0.75463057,1.3279605
OCCN(c1ccccc1)CCO,-0.73,-0.31641477
CCOC(=O)N1CCN(CC1)C(=O)OCC,-0.7287576,-1.0756172
OS(=O)(=O)O.CNC(Cc1ccc(cc1)O)C.CNC(Cc1ccc(cc1)O)C,-0.71977335,-1.8117613
CCCC[N+]1(C)[C@@H]2CC(C[C@H]1[C@H]1[C@@H]2O1)OC(=O)[C@@H](c1ccccc1)CO.[Br-],-0.7145089,-2.0427363
Oc1ccc(cc1)Cl,-0.7,-1.380454
CC1=NS(=O)(=O)c2c(N1C)nccc2,-0.699153,-0.6450672
CN(CCc1c[nH]c2c1cc(O)cc2)C,-0.6717217,-0.9032153
NNCCc1ccccc1,-0.6702777,-0.9427707
OCC[NH2+]CCOc1ccccc1C.[Cl-],-0.65995556,-0.100507826
O=c1nc[nH]c(c1)C,-0.65268433,0.02178803
CC1CN1P(=O)(N1CC1C)N1CC1C,-0.6495096,-0.6196625
Nc1[nH]c(N)nc(=S)n1,-0.63080114,-1.0115856
CC([N+](=O)[O-])C,-0.62,-0.6404669
Cc1ccccc1O,-0.62,-0.99890256
CCOC(C(Cl)(Cl)Cl)O,-0.6120705,-0.508051
CO[C@H]1C=CC2=CC[NH+]3[C@]2(C1)C1=C(CC3)COC(=O)C1.[Cl-],-0.6006464,-0.109803766
OCC(C(=O)NNCc1ccc(c(c1O)O)O)N.Cl,-0.5825487,0.04526791
NC(=O)c1cccs1,-0.57377005,-0.36932358
CNC(=O)Oc1cccc(c1)C[NH+](C)C.[Cl-],-0.5730899,-0.83596313
NCCCCCCF,-0.56433094,-0.6961993
CC(OC(=O)C)C,-0.55,-0.2723922
SCC(CCl)O,-0.530718,0.16560677
N[C@@H](C(=O)O)Cc1c[nH]cn1,-0.53,0.17520836
O[C@H]([C@H]1OC(=O)[C@H]([C@H]1O)O)/C=N/NC(=O)c1ccncc1,-0.52561,-1.056606
CN(CCC(=O)c1ccccc1O)C.Cl,-0.5216905,0.01328519
O=C1OCC(C1)(C)C,-0.51712364,-0.559174
CC[N+](Cc1ccccc1)(CCCNC1=CC(=O)C(=CC1=O)NCCC[N+](Cc1ccccc1)(CC)CC)CC.[Br-].[Br-],-0.5133196,-1.852995
NCC[C@H](C(=O)N[C@@H]1C[C@H](N)[C@H]([C@@H]([C@H]1O[C@H]1O[C@@H](CO)[C@@H]([C@H]([C@@H]1O)N)O)O)O[C@H]1O[C@@H](CN)[C@@H]([C@H]([C@@H]1O)O)O)O,-0.5,-0.09489305
CCC(=O)CC(=O)C,-0.49898452,-0.49119177
OC[C@@H](c1ccccc1)C(=O)O[C@@H]1C[C@@H]2N([C@H](C1)[C@H]1[C@@H]2O1)C,-0.48,-1.2705487
OC(=O)c1ccco1,-0.48,-0.20577846
NCC(c1ccccc1)O,-0.4764317,0.069428325
O=[NH+]/C=c/1\ccccn1COC[n+]1ccc(cc1)C(=O)N.[Cl-].[Cl-],-0.4707685,-0.81911266
NCCc1cc(OC)c(c(c1)OC)OC.Cl,-0.4691633,-0.9246068
NC(=S)[N-]N/C=C/1\C=CC(=O)C=N1.[Na+],-0.4620797,-0.68633366
O=C1OC(C(=O)N1C)(C)C,-0.45679706,-0.20021985
O1CCOCCOCCOCC1,-0.45266426,0.3885745
CSC,-0.45,-0.32223576
CN(CCNC(C(F)(F)F)(C(F)(F)F)O)C,-0.44513968,-1.3971812
OS(=O)(=O)O.O[C@H](c1ccccc1)[C@@H](N)C.O[C@H](c1ccccc1)[C@@H](N)C,-0.4294054,-0.8464266
CC(=O)OC1CN2CCC1CC2,-0.42843258,-0.38305146
CCOC(=O)N1CCN(CC1)CC.Cl,-0.42553928,-0.44086602
CN(c1ccc(cc1)C)C(=O)N,-0.4230026,-1.3501698
COc1ccc(cc1)C1N(C)CCN1C,-0.42126933,-0.73530245
OS(=O)(=O)SCCNCCOc1ccccc1,-0.417727,-0.84226096
COc1ccc(cc1CC[N+](C)(C)C)OC.[Cl-],-0.41459566,0.1175074
OS(=O)(=O)O.OC(c1cc(O)cc(c1)O)CNC(C)(C)C.OC(c1cc(O)cc(c1)O)CNC(C)(C)C,-0.4109142,-0.03835553
CC#C,-0.41,-0.7801032
C=C,-0.4,-0.85321975
CCCOC(=O)CO[NH3+].[Cl-],-0.38063395,0.22018233
Nc1ccc(cc1)N,-0.38,-0.273624
CCC(CC)(O)C,-0.38,-0.5713458
S=c1ccccn1C,-0.36196727,-0.9284376
S=c1nc[nH]c2c1[nH]cn2,-0.34677956,-1.5481737
CC[N+](CCCCCCc1ccc(cc1)[N+](CC)(CC)CC)(CC)CC.[I-].[I-],-0.34119508,-0.4678538
N1CCOC(C1)c1ccccc1,-0.33218843,-0.8197746
Cn1ccn(/c/1=C\[NH+]=O)COC1CCCCC1.[Cl-],-0.32577303,-0.38905263
CC(NCC(=O)c1ccc(c(c1)O)O)C,-0.3163337,-1.0679812
OP(=O)(O)O.OP(=O)(O)O.CCN(CCCC(Nc1ccnc2c1ccc(c2)Cl)C)CC,-0.31459606,-3.744929
O=C(N[C@H](C(=O)NCC(=O)O)CSSC[C@@H](C(=O)NCC(=O)O)NC(=O)CC[C@@H](C(=O)O)N)CC[C@@H](C(=O)O)N,-0.31007415,-1.6413143
OC(=O)C[C@](C(C(=O)O)(C)C)(C(=O)O)C,-0.29,-0.39934805
Nc1ccc(cc1)C(=O)Oc1cccc(c1)[N+](C)(C)C.[Br-],-0.27843717,-1.8668251
OC(=O)C1(N)CCC1,-0.26880437,0.11194
Nc1ncnc2c1cc[nH]2,-0.26127744,-0.99561894
SCC(NCCC#N)(C)C.Cl,-0.25598902,-0.2048389
OCC(COc1ccccc1CO)O,-0.25575042,-0.37039983
CCOC(=O)CCCN(C)C,-0.25409853,-0.25168693
OCC(Cl)(Cl)Cl,-0.25369105,0.29663643
NCCc1ccc(c(c1)OC)OC.Cl,-0.2514846,-0.6539576
CC1(C)NCCS1,-0.2257319,-0.3541211
OC[C@H]1O[C@H]([C@H]([C@@H]1O)O)n1ccc(nc1=O)N.Cl,-0.20114408,-0.45067638
CN(NC(=O)CCC(=O)O)C,-0.2,0.20498767
CCCC(=O)C,-0.19,-0.5504502
COc1ccc2c3c1O[C@@H]1[C@@]43CC[N+]([C@H](C2)[C@@H]4C=C[C@@H]1O)(C)C.[Br-],-0.18086334,-0.38423222
OS(=O)(=O)O.CCN(CCN=C(N)N)CC,-0.15110563,0.6552012
OCCCC=C,-0.15,-0.17275977
CCN(CC)CC,-0.14,0.0036949813
CCC(=O)OC,-0.14,0.09950942
COc1ccc(c(c1)C(C(N)C)O)OC.Cl,-0.12678757,-0.45708656
COc1cc(OC)ccc1C(C([NH3+])C)O.[Cl-],-0.12678757,-0.07743102
CCN1C(=S)SCC1=O,-0.12110488,-0.19437486
S=C1NCCS1,-0.08064106,-0.09900737
FCCNCCCl.Cl,-0.07925901,0.22965041
Oc1noc(c1)C,-0.07,-0.071039975
CC[C@H]1NC(=O)NC1=O,-0.06,-0.7274648
COC(C)C,-0.06,0.14016941
COc1ccc(c(c1)C(C(N)C)O)OC,-0.057647604,-1.1971893
C1CN2CCO[Si](O1)(OCC2)c1ccccc1,-0.040455487,-0.6840073
ON=C(C(=O)N)C(=O)N,-0.03839163,0.036863327
S[C@@H]1CC[C@@H]1C[NH3+].[Cl-],-0.028220948,0.44185534
OCCCN1CCCCC1,-0.022495084,0.35989776
OCCNC(C(F)(F)F)(C(F)(F)F)O,-0.021774856,-0.91547275
NC(=O)CCl,-0.02,0.05916366
ClCCNCC.Cl,-0.015465297,0.4332269
O[C@H](c1ccccc1)[C@H](N)C,-0.006391373,-0.12712093
CCCCO,0.0,0.14081547
O[C@H]([C@H](C(=O)O)O)C(=O)O.CNC[C@@H](c1ccc(c(c1)O)O)O,4.82e-05,0.00966233
CN[C@H]1[C@H](O)[C@H]2O[C@@H]3O[C@H](C)CC(=O)[C@@]3(O[C@@H]2[C@H]([C@H]1O)NC)O.Cl.Cl,0.001851014,0.33716127
CC(C#C)(CC)O,0.003767029,-0.01142323
N/C(=N\CCc1ccccc1)/N=C(N)N,0.010524369,-0.8204462
NCC1CCC(CC1)C(=O)O,0.025447145,-1.0586216
CCOS(=O)(=O)C,0.034761567,0.4452161
OC[C@H]1O[C@H]([C@@H]([C@@H]1O)O)N1CCC(NC1=O)O,0.046046067,0.13379347
SC[C@@H]([C@H](CS)O)O,0.081310295,0.5649971
CN[C@H]1[C@H](O)[C@H]2O[C@@H]3O[C@H](C)CC(=O)[C@@]3(O[C@@H]2[C@H]([C@H]1O)NC)O,0.08799481,-0.00852561
CCOC(=O)N1CCN(CC1)C.Cl,0.09043981,0.023216456
CN[C@H]([C@@H](c1ccccc1)O)C.Cl,0.09324703,0.13442007
NC(=S)N/N=C/c1cccnc1,0.10590316,-1.7110457
NC(=S)N/N=C/c1ccncc1,0.10590316,-1.689807
NC(=S)N/N=C/c1ccccn1,0.10590316,-1.6313909
OCC(c1ccccc1)C(=O)OC1C[C@@H]2CC[C@H](C1)[N+]2(C)C.[Br-],0.1142838,-0.35170248
S=c1nc[nH][nH]1,0.11898452,-1.1982372
Cc1cccc(c1)OCC(=[NH2+])N.[Cl-],0.13527676,0.52942884
OCN1C(=O)N(C(C1=O)(C)C)CO,0.14206012,-0.12548049
Cc1nnc(s1)N,0.15090857,-0.3475862
CC(=O)NCCS,0.15167603,0.19640681
NCCCC(=O)N,0.1521849,0.36360213
OC[C@H]1O[C@H]([C@@H]([C@@H]1O)O)n1ncc(nc1=O)N,0.15382114,-0.45538935
CON=Cc1ccncc1,0.16699956,-0.23207948
CC[N+](CCCCCc1ccc(cc1)[N+](CC)(CC)CC)(CC)CC.[I-].[I-],0.1733712,0.10239574
COC(=O)C1=CCCN(C1)C.Br,0.17589074,0.25677148
OC[C@H]1O[C@H](O[C@@H]2[C@@H](CO)OC([C@@H]([C@H]2O)O)O)[C@@H]([C@H]([C@@H]1O[C@H]1O[C@H](C)[C@H]([C@@H]([C@H]1O)O)N[C@H]1C=C(CO)[C@H]([C@@H]([C@H]1O)O)O)O)O,0.19003111,-0.87653756
N1CCN(CC1)c1ncccn1,0.19011219,0.08024925
CCC(c1ccccn1)C(=S)N.Cl,0.19171686,-1.1968886
OC(=O)C[C@@H](C(=O)O)NC(=O)N,0.19350426,-0.1197125
CC[N+](CCOc1ccc(cc1)OCC[N+](CC)(CC)C)(CC)C.[I-].[I-],0.22742529,0.26754758
S=C1NCCCN1,0.22888625,-0.6524248
CCCC(CN(C)C)(CO)CO,0.2290439,-0.48016953
CN1CCCCC1,0.23,-0.055624157
OS(=O)(=O)O.OC[C@H]1O[C@H](O[C@H]2[C@H](N)C[C@@H]([C@H]([C@@H]2O)O[C@H]2O[C@H](CN)[C@H]([C@@H]([C@H]2O)O)O)N)[C@@H]([C@H]([C@@H]1O)N)O,0.23464815,0.12349939
OC[C@H]1O[C@H]([C@@H]([C@@H]1O)O)c1[nH]nc(c1O)C(=O)N,0.25378782,-0.22933336
NCCCCCCNCCSS(=O)(=O)O.Br,0.25518396,-0.7246194
CC[N+](CCOC(=O)CC1C[N+]2(C)CCC1CC2)(CC)C.[I-].[I-],0.25784066,0.3750339
[O-][N+](=O)C,0.26,0.71998465
CC#N,0.26,0.7064265
CC[N+](CCSSCC[N+](CC)(CC)C)(CC)C.[I-].[I-],0.26092708,0.5906007
[O-]C(=O)[C@@H]([C@H](C(=O)O)O)O.[O-]C(=O)[C@@H]([C@H](C(=O)O)O)O.CC[N+](CCOCC[N+](CC)(CC)CC)(C)C,0.2639264,0.35785964
CCOC(=O)CCN(C)C,0.26777968,0.34303054
OS(=O)(=O)O.CC(NCC(c1ccc(c(c1)O)O)O)C.CC(NCC(c1ccc(c(c1)O)O)O)C,0.2720598,0.038817585
NC(=O)OC[C@@H]([C@H]([C@@H](C(=O)N[C@@H]([C@H]1O[C@H]([C@@H]([C@@H]1O)O)n1cc(C(=O)O)c(=O)[nH]c1=O)C(=O)O)N)O)O,0.2828356,-0.47183698
C[N+](CCCCCc1ccc(cc1)[N+](C)(C)C)(C)C.[I-].[I-],0.2854473,0.5910902
Cc1n(CCC[N+](C)(C)C)ccc2c1nc1c2cccc1.[Br-].Br,0.28584757,-0.20759311
CC[N+](CCSCC[N+](CC)(CC)C)(CC)C.[I-].[I-],0.2870903,0.5173054
C#C,0.29,-0.32529163
OC(COc1cccc2c1c(=O)cc(o2)C(=O)[O-])COc1cccc2c1c(=O)cc(o2)C(=O)[O-].[Na+].[Na+],0.29044685,-2.8587952
OCc1cn(c(=O)[nH]c1=O)[C@@H]1O[C@@H]([C@H]([C@H]1O)O)[C@@H](C(=O)O)NC(=O)[C@H]([C@@H]([C@H](COC(=O)N)O)O)N,0.29464182,-0.3549561
CC1CCC(N1C)CCCCCC[N+](C)(C)C.[I-].I,0.3042907,-0.19904381
CCCCC[N+](CCOCC[N+](CCCCC)(CC)CC)(C)C.[Br-].[Br-],0.30944157,0.5820931
CC[N+](CCSSCC[N+](CC)(CC)CC)(CC)CC.[Br-].[Br-],0.3165729,0.15326318
CC(=O)NCCSC(=O)C,0.31762862,-0.11843997
NC(=S)N,0.32,-0.044706374
OCC([C@H](C(=O)NCCC(=O)[O-])O)(C)C.OCC([C@H](C(=O)NCCC(=O)[O-])O)(C)C.[Ca+2],0.32190427,-0.44331262
C[n+]1ccc(cc1)c1c[nH]c(c1)C.[I-],0.3322315,0.30024824
CC[N+](CCCCCCC[N+](CC)(CC)CC)(CC)CC.[Br-].[Br-],0.3368807,0.59904575
C[N+](CCSCC[N+](C)(C)C)(C)C.[I-].[I-],0.33705246,0.5092505
OC[C@H]1O[C@H]([C@@H]([C@@H]1O)O)O[C@H]1[C@H](O[C@H]2O[C@H](CN)[C@H]([C@@H]([C@H]2N)O)O)[C@@H](N)C[C@H]([C@@H]1O)N,0.3424881,0.13817811
OCCC/N=C(/CSS(=O)(=O)O)\N,0.34396076,0.51777744
NCC1(N)CCCCC1,0.3468925,-0.11240162
C[N+](CCCCC[N+](C)(C)C)(C)C.[I-].[I-],0.3544127,0.55570316
NC(=NCCCCSS(=O)(=O)O)N,0.356056,0.336683
CC[N+](CCS(=O)CC[N+](CC)(CC)CC)(C)C.[Br-].[Br-],0.3582216,0.54659986
O[C@@H]([C@H]([C@@H]([C@H](C(=O)O)O)O)O)COC(=O)C(N(C(C)C)C(C)C)N(C(C)C)C(C)C,0.35997,-1.5660878
CC[N+](CCOCC[N+](CC)(CC)CC)(CC)CC.[Br-].[Br-],0.36220917,0.4795172
CCOC(=O)CC[N+](CCOCC[N+](CCC(=O)OCC)(C)C)(C)C.[Cl-].[Cl-],0.36310005,0.49151084
CC(NCCSS(=O)(=O)O)(C)C,0.36471573,0.4323521
CC(NCC(c1cccc(c1)O)O)C,0.37024778,-0.63217115
CC[N+](CCOCC[N+]1(CC)CCOCC1)(C)C.[Br-].[Br-],0.37651294,0.1775395
CCN/C(=N/CCSS(=O)(=O)O)/N,0.37820613,0.4554747
C[N+](CCCCCCCCCC[N+](C)(C)C)(C)C.[Br-].[Br-],0.37851006,0.60347176
CC[N+](CCCC[N+](CC)(CC)CC)(CC)CC.[Br-].[Br-],0.37851006,0.5967549
CC[N+](CCOCC[N+]1(CC)CCCCC1)(C)C.[Br-].[Br-],0.37855574,0.19761547
C[N+](CCCCC[n+]1ccc2c(c1)cccc2)(C)C.[Br-].[Br-],0.3785983,0.2927501
Cc1ccnc(c1)C,0.38,-0.57358116
OC(=O)C(=O)O,0.38,0.54003644
OC[C@H]([C@H]([C@@H]([C@H](C(=O)[O-])O)O)O)O.OC[C@H]([C@H]([C@@H]([C@H](C(=O)[O-])O)O)O)O.[Mg+2],0.38237175,-0.010635287
NCCCNC(CS)C.Cl.Cl,0.38764003,0.74967253
CC[N+](CC(OC(C[N+](CC)(C)C)C)C)(C)C.[Br-].[Br-],0.3912098,0.5752814
C=CC[N+](CCOCC[N+](CC=C)(C)C)(C)C.[Br-].[Br-],0.39554173,0.81400824
C[N+](CCCN1CC2CCCC(C1)C2)(C)C.[I-],0.40539044,0.4234309
CC[N+](CCOCC[N+](CC)(CC)C)(C)C.[Br-].[Br-],0.40647027,0.5156133
CC[N+](CCN(CC[N+](CC)(C)C)C)(C)C.[Br-].[Br-],0.4075612,0.6125562
NNC(=O)CC#N,0.41926432,0.35715213
CC[C@H](O)C,0.43,0.4890345
CCOP(=O)(OCC)OCC,0.43,-0.07561934
CC(O)C,0.43,0.8471031
[O-]C(=O)C1=C(COC(=O)C)CS[C@H]2N1C(=O)[C@H]2NC(=O)CC#N.[Na+],0.44212723,-0.7208277
O=C(c1ccccc1)Oc1ccc(cc1)[N+](C)(C)C.[Br-],0.4460304,-0.53062344
O=C(c1ccccc1)Oc1cccc(c1)[N+](C)(C)C.[Br-],0.4460304,-0.5309937
OCCc1sc[n+](c1C)Cc1cnc(nc1N)C.[Cl-].Cl,0.4720313,-0.72189975
[O-]C(=O)CN(CC(=O)O)CCN(CC(=O)O)CC(=O)[O-].[Na+].[Na+],0.47339195,-0.32365042
Oc1cc(cc(c1O)S(=O)(=O)[O-])S(=O)(=O)[O-].[Na+].[Na+],0.5028076,-0.9217037
OC(=O)C(CC(=O)O)(CC(=O)O)O,0.51,0.2581738
[O-]S(=O)(=O)c1ccccc1S(=O)(=O)[O-].[Na+].[Na+],0.54945534,-0.9275992
NCCSC(=N)N.Br.Br,0.55127823,0.46667936
Oc1cccc(c1)[N+](C)(C)C.[I-],0.5542075,0.7002642
OC1CC2CCC(C1)N2C,0.5693706,0.3577486
C[n+]1cccc(c1)OC(=O)N(C)C.[Br-],0.58316153,-0.024108142
O=c1[nH]c(=O)[nH]c(c1)C(=O)[O-].OCC[N+](C)(C)C,0.58626115,-0.06665179
SC[C@@H](C(=O)O)N=C(N)N,0.5880102,0.14852014
CC(=O)CC[N+](C)(C)C.[I-],0.5898726,0.8931613
Oc1ccc(c(c1)[N+](C)(C)C)O.[Br-],0.6053382,0.38094357
OCCOCCOCCOCCOCCO,0.6229124,0.81201565
CCC(C(c1ccc(c(c1)O)O)O)N.Cl,0.6313562,0.33942
NCCCNCCCSP(=O)(O)O,0.63985425,0.37698886
[O-]C(=O)C(O)C.O=[NH+]/C=c/1\ccccn1C,0.645446,-0.3185113
CCN(C(=S)[S-])CC.[Na+].O.O.O,0.6472446,0.09259769
N#CCCNC(CSS(=O)(=O)O)C,0.6491843,0.50111973
CNC[C@@H](c1ccc(c(c1)O)O)O.Cl,0.6582391,0.5775939
CC(C(c1ccc(c(c1)O)O)O)N.Cl,0.6582391,0.5133307
CCNCC(c1cccc(c1)O)O.Cl,0.66215557,0.4464428
O=C(c1ccc(cc1)N)NCC(=O)[O-].[Na+],0.66520053,0.17243597
C[N+](c1ccccc1)(C)C.[Br-],0.665301,0.7747394
NCCCNCCSP(=O)(O)O,0.66914,0.58824265
O[C@@H]1CSSC[C@H]1O,0.6724242,0.42767867
O[C@@H]1C[C@H](O[C@H]1C)C[N+](C)(C)C.[Cl-],0.67837256,0.7906679
NCC(c1ccc(c(c1)O)O)O.Cl,0.6868966,0.6458241
C[N+](N)(C)C.[I-],0.6945648,0.6506976
NCc1cc(=O)[nH]o1,0.6963588,0.5538229
CC(NCCSS(=O)(=O)O)C,0.70052975,0.45805046
CN(CC(c1ccc(c(c1)O)O)O)C,0.7050182,-0.60675645
OCC1=CCN2[C@H]1[C@H](O)CC2,0.71160907,0.613659
[O-]P(=O)(SCC(=N)N)O.[Na+],0.71646136,0.94032514
O[C@@H](c1ccccc1)[C@@H](N)C.Cl,0.7266121,0.5429746
CC(C(=O)O)ON.Br,0.73047537,0.53653777
[S-]C(=S)N1CCOCC1.[Na+],0.732277,-0.25419515
NCCc1ccn[nH]1.Cl.Cl,0.7350311,1.066831
C[C@@H]1O[C@@H]1P(=O)([O-])[O-].[Ca+2],0.73691225,1.1350077
CNCC(c1ccc(c(c1)O)O)O,0.7370579,0.22142777
NC(=O)OCC[N+](C)(C)C.[Cl-],0.7383851,0.69522655
CCOC(C[N+](C)(C)C)C.[Cl-],0.7406355,0.8862691
OCC(=O)CO,0.7471219,0.8370062
C[N+](c1ccccc1)(C)C.[OH-],0.7546885,0.8366945
[O-]C(=O)C[C@@H](C(=O)[O-])N.[Ca+2],0.76658505,0.42087778
C[C@@H]([C@@H](c1cccc(c1)O)O)N,0.776743,0.05143085
CNC[C@@H](c1cccc(c1)O)O,0.776743,-0.32782325
CCOC(=O)CN(C)C,0.78902245,0.48752466
CN(CC(Cl)C)C.Cl,0.8011616,0.2958466
C1CN2CCOB(O1)OCC2,0.80416673,0.2352998
O=CCCC(=O)O,0.8065988,0.3471342
C[C@@H]1O[C@@H]1P(=O)(O)O,0.80682945,0.8829868
NCC(c1cccc(c1)O)O,0.8147951,0.36747757
[O-]C(=O)C#CC(=O)O.[K+],0.8177395,0.6898174
OCC(CF)O,0.8292533,0.75643134
NNC(=O)CCC(=O)NN,0.8352012,0.042671353
CN(C(=S)[S-])C.[Na+],0.84406304,0.2626339
NCCOP(=O)(O)O,0.8505869,1.0224489
CC(OP(=O)(F)C)C,0.8535805,-0.003053099
CN(C(=N)N=C(N)N)C,0.88884836,0.6476451
OCCCC(=O)[O-].[Na+],0.89932966,0.93038356
NNC(=O)C(=O)NN,0.92776483,0.18040773
COC(=O)CN(C)C,0.9312651,0.7186452
CCCCN.Cl,0.9602013,0.4931601
COC(=O)N,0.97,0.7563311
OCC(F)(F)F,0.9998263,0.28658333
O=C1CCCN1C,1.0,0.4361799
CN1CCOCC1,1.0,0.7729516
NCCO.Cl,1.0108083,1.457544
[O-]C(=O)CN.[Na+],1.013009,1.0892433
CCCN.Cl,1.0196785,0.9318392
NCC(N)(C)C,1.054758,0.90248716
C1CNCCO1,1.06,0.60742974
c1ccncn1,1.1,0.6868578
NC(=O)NO,1.12,0.607739
