smiles,target,pred
ClCCN(c1ccc(cc1)CC(=O)O[C@H]1CC[C@]2(C(=CC[C@@H]3[C@@H]2CC[C@]2([C@H]3CC[C@@H]2[C@@H](CCCC(C)C)C)C)C1)C)CCCl,-14.523871,-10.447471
C[C@@H](CCC[C@]1(C)CCc2c(O1)c(C)c(c(c2C)OC(=O)C)C)CCC[C@@H](CCCC(C)C)C,-12.5573635,-10.402029
O=C(CCc1cc(c(c(c1)C(C)(C)C)O)C(C)(C)C)OCCSCCOC(=O)CCc1cc(c(c(c1)C(C)(C)C)O)C(C)(C)C,-12.150156,-9.180584
O=C1c2ccccc2c2c3c1ccc(c3ccc2)c1ccc2c3c1cccc3c1c(C2=O)cccc1,-11.531021,-9.568578
C/C(=C\CCC(=O)OC/C=C(/CCC=C(C)C)\C)/CC/C=C(/CCC=C(C)C)\C,-11.475657,-10.565295
CC[C@@H]1/C=C/C=C/C[C@H](C)[C@@H](O)[C@](C)(O)C(=O)[C@H](C)[C@@H](O)[C@H](C)C(=O)[C@@H]([C@H]([C@@H](/C=C/C(=O)O[C@H]2[C@H]([C@@H](CC1)O[C@@]1(CC[C@H]([C@H](O1)C[C@@H](O)C)C)[C@H]2C)C)C)O)C,-10.92141,-8.545861
O=C/C(=C\C[C@]12OC([C@H]3[C@]42Oc2c(C(=O)C4=C[C@@H](C1=O)C3)c(O)c1c(c2CC=C(C)C)OC(C=C1)(C)C)(C)C)/C,-10.050371,-7.04179
CC(c1cc(Cc2cc(cc(c2O)C(C)(C)C)C(C)C)c(c(c1)C(C)(C)C)O)C,-9.868395,-8.2539
O=C(O[C@H]1CC[C@]2(C(C1(C)C)CC[C@@]1([C@@H]2C(=O)C=C2[C@@]1(C)CC[C@@]1([C@@H]2C[C@@](C)(CC1)C(=O)O)C)C)C)CCC(=O)O,-9.68976,-7.8702974
CCOc1cc(C[N+]2(CCCCC2)CCOCCC2CCC3CC2C3(C)C)c(cc1OCC)Br.[Br-],-9.498385,-8.997146
CCCCCCC[NH+](C(=N)c1ccc(c2c1cccc2)OC)CCCCCCC.[Cl-],-9.454721,-10.484358
CCCCCOc1ccc(c2c1cccc2)C(=N)[NH+](CCCCC)CCCCC.[Cl-],-9.454721,-9.900255
c1cc2ccc3c4c2c2c1ccc1c2c2c4c(cc3)ccc2cc1,-9.33,-8.611473
c1cc2ccc3c4c2c(c1)c1cccc2c1c4c(cc3)cc2,-9.03,-8.360658
Clc1cc(Cl)cc(c1c1c(Cl)cc(cc1Cl)Cl)Cl,-8.71,-7.7578382
OC(=O)c1cc2ccccc2c(c1O)Cc1c(O)c(cc2c1cccc2)C(=O)O.CCN(CCCC(Nc1cc(OC)cc2c1nccc2)C)CC,-8.686104,-8.553803
CCC(=O)[C@H]([C@H]([C@@H](C[C@H]([C@H]1OC(=O)C[C@@]2(O)CC=C([C@H](O2)/C(=C/CCC[C@H](/C=C/[C@@H](C[C@H]1C)C)O[C@@H]1O[C@H](C)[C@H]([C@@H](C1)OC(=O)N)O)/C)C)C)C)O)C,-8.526747,-8.322626
CCCCCOc1ccc(c2c1cccc2)C(=N)[NH+](CCCC)CCCC.[Cl-],-8.414355,-8.63937
CCCCCCCOc1ccc(c2c1cccc2)C(=N)[NH+](CCC)CCC.[Cl-],-8.414355,-8.593111
Fc1ccc(cc1)C(c1ccc(cc1)F)CCCN1CCC(CC1)(O)c1ccc(c(c1)C(F)(F)F)Cl,-8.385257,-7.4633894
CCOC(=O)CCCCCCCCC(c1ccc(cc1)I)C,-8.376413,-7.255854
COc1cc2CCN([C@@H]3c2cc1Oc1cc(ccc1O)C[C@@H]1c2c(CC[N+]1(C)C)cc(c(c2Oc1ccc(C3)cc1)O)OC)C,-8.327265,-5.4593463
CN(c1ccc2c(c1)cccc2)C(=S)Oc1ccc2c(c1)cccc2,-8.31314,-7.5893936
CC(CC(C)(C)C)(NCC1CCC(CC1)CNC(CC(C)(C)C)(C)C)C.Cl.Cl,-8.144741,-7.26987
C1CCC(CC1)CCNCC1CCC(=CC1)CNCCC1CCCCC1.CC(=O)O.CC(=O)O,-8.135363,-7.652953
CCCCCCCCC=C([NH2+]Cc1ccccc1Cl)[NH2+]Cc1ccccc1Cl.[Cl-].[Cl-],-8.118242,-7.536344
Clc1c(ccc(c1Cl)Cl)c1ccc(c(c1Cl)Cl)Cl,-8.01,-7.8149424
CCC1=C[C@@H]2CN(C1)Cc1c3ccccc3[nH]c1[C@@](C2)(C(=O)OC)c1cc2c(cc1OC)N([C@@H]1[C@@]32CCN2[C@H]3[C@@](CC)(C=CC2)[C@H]([C@]1(O)C(=O)OC)OC(=O)C)C,-7.9687824,-7.2007093
FC(c1ccccc1C[NH2+]CC12CCC(CC1)(CC2)C[NH2+]Cc1ccccc1C(F)(F)F)(F)F.[Cl-].[Cl-],-7.901726,-5.184923
Brc1ccccc1CNCC1CCC(CC1)CNCc1ccccc1Br.Cl.Cl,-7.8996525,-7.5910573
Clc1ccc(cc1Cl)c1cc(Cl)c(c(c1Cl)Cl)Cl,-7.82,-7.656797
Clc1ccc(c(c1)Cl)c1ccc(c(c1Cl)Cl)Cl,-7.8,-7.131753
C#CC(c1ccc(cc1)F)(c1ccc(cc1)F)OC(=O)NC1CCCCCC1,-7.659417,-6.729467
CCCCCCCCCCCCC,-7.5935855,-6.504421
OS(=O)(=O)O.Clc1ccc2c(c1)/C(=C\CCN1CCCCC1)/c1c(S2)cccc1,-7.5566816,-7.4635134
CCCCCCCCCCC,-7.5505424,-5.958993
C[N+]1(CCCCCCCCCC[N+]2(C)CCCCC2)CCCCC1.[I-].[I-],-7.514961,-7.0263286
CCCCOc1ccc(cc1)OCC(=O)N(c1cc(OCC)ccc1OCC)CCN(CC)CC.Cl,-7.514474,-7.341278
Clc1ccc(cc1)C1CCc2c(N(C1=O)CCCN(C(C)C)C(C)C)cccc2,-7.451599,-7.05317
CO[C@@H]1[C@@H](OC(=O)c2ccc([nH]2)C)[C@@H](O)[C@@H](OC1(C)C)Oc1ccc2c(c1Cl)oc(=O)c(c2O)NC(=O)c1ccc(c(c1)CC=C(C)C)O,-7.39153,-8.243568
Clc1cccc(c1c1c(Cl)cccc1Cl)Cl,-7.39,-6.7816744
Clc1ccc2c(c1)C1(CCC(CC1)N(C)C)c1ccccc1C=C2.Cl,-7.369157,-6.6365714
N#C[C@@H](c1ccc(c(c1)Oc1ccccc1)F)OC(=O)[C@H]1[C@@H](C1(C)C)C=C(Cl)Cl,-7.34,-6.793341
ClC1=C(Cl)[C@@]2(C([C@@]1(Cl)[C@H]1[C@@H]2[C@H]2C[C@@H]1C=C2)(Cl)Cl)Cl,-7.33,-6.307373
O=C([C@@H]1[C@H](C1(C)C)/C=C(/C(F)(F)F)\Cl)OCc1c(F)c(F)c(c(c1F)F)C,-7.32,-5.63027
CCCCCCCCCCCCCCCCCC[N+](Cc1ccccc1)(C)C.[Cl-],-7.309043,-7.8781843
BrCCN(c1ccc(cc1)OC(=O)c1cccc(c1)Cl)CCBr,-7.291333,-7.237667
CCCCCCCCCCCCCCCCO,-7.26,-6.424355
CCOc1nc(ncc1C(=O)O)N1CCN(CC1)CCC(c1ccccc1)(c1ccccc1)c1ccccc1,-7.222666,-6.9109154
OC(=O)CCCCCCCCCCCC[C@@H]1C=CCC1,-7.1795144,-6.7856054
ClC(C(c1ccc(cc1)Cl)c1ccc(cc1)Cl)(Cl)Cl,-7.15,-7.6461954
C1CCCCC(C1)NCC1CCC(CC1)CNC1CCCCCC1.Cl.Cl,-7.141789,-6.4729705
OC(=O)CCCCCCNC1c2ccccc2CCc2c1cccc2,-7.113587,-5.9318557
N/C(=N\CCCCCC/N=C(/N=C(/Nc1ccc(cc1)Cl)\N)\N)/N=C(/Nc1ccc(cc1)Cl)\N.Cl.Cl,-7.0855107,-4.655648
OS(=O)(=O)O.Clc1ccc2c(c1)/C(=C/CCN1CCCC1)/c1c(S2)cccc1,-7.0402775,-7.4708433
CSc1ccccc1CNCC1CCC(CC1)CNCc1ccccc1SC.Cl.Cl,-6.9367723,-6.333666
CCSc1ccc2c(c1)N(CCCN1CCN(CC1)C)c1c(S2)cccc1,-6.8353777,-6.353201
ClCCN(c1ccc(cc1)OC(=O)c1c(C)cccc1C)CCCl,-6.8298163,-6.631364
CC(=O)O.CCCCCCCCCCCCCCCCCCN,-6.8295264,-5.963453
CCCCCCCCCCCCCCCC(=O)O,-6.81,-5.8399396
CC(OC(=O)N1c2ccccc2Sc2c1nccc2)CN(C(C)C)C(C)C.Cl,-6.79987,-6.3571043
CCN(c1c(cc(cc1[N+](=O)[O-])C(F)(F)F)[N+](=O)[O-])Cc1c(F)cccc1Cl,-6.78,-5.4771624
CCCCOc1ccc(cc1)OCC(=O)N(c1cccc(c1)OC)CCC[NH+](CC)CC.[Cl-],-6.708185,-5.59766
CCCCOc1ccc(cc1)OCC(=O)N(c1cccc(c1)OCC)CC[NH+](CC)CC.[Cl-],-6.708185,-5.7038894
Oc1ccc(c(c1)C)O[P@@](=O)(Oc1c(C)cccc1O)Oc1cc(O)ccc1C,-6.7,-4.0805497
c1ccc2c(c1)c1ccc3c(c1C2)cccc3,-6.68,-6.7878656
CCOCOC(=O)c1ccccc1Nc1c(Cl)ccc(c1Cl)C,-6.6657906,-5.699193
C[N+]1(CCCCCCCCCCCC[N+]2(C)CCOCC2)CCOCC1.[I-].[I-],-6.6524696,-6.084185
CCCCC[N+]12CCC(C(C1)C=C)C[C@@H]2[C@H](c1ccnc2c1cc(OC)cc2)O.[Cl-],-6.625894,-6.3008633
OC(=O)/C=C\C(=O)O.OC(=O)/C=C\C(=O)O.CCCC(=O)c1ccc2c(c1)N(CCCN1CCN(CC1)C)c1c(S2)cccc1,-6.5898724,-5.992172
Nc1ccc(nn1)N1CCN(CC1)CCC(c1ccccc1)(c1ccccc1)c1ccccc1,-6.573647,-6.963854
CN(CC/C=C\1/c2ccccc2Sc2c1cc(Br)cc2)C.Cl,-6.573234,-6.2296047
CN(CC/C=C\1/c2ccccc2Sc2c1c(ccc2)C(F)(F)F)C.Cl,-6.5570607,-5.8511467
CC(=CCN(CC=C(C)C)CCC(c1cccc2c1cccc2)C(=O)N)C,-6.5086584,-6.5318937
OC(=O)/C=C\C(=O)O.CCCC(=O)c1ccc2c(c1)N(CCCN(C)C)c1c(S2)cccc1,-6.47124,-5.660968
Clc1ccc(c(c1)c1cccc(c1Cl)Cl)Cl,-6.47,-6.6681967
O=C(N1c2ccccc2Sc2c1nccc2)OCCOCCN1CCCCC1.Cl,-6.4662676,-6.5895543
CCN(CCOC(=O)N1c2ccccc2Sc2c1cccc2)CC.Cl,-6.435527,-6.0547028
CCCCCCCCCCCCCCCCCCN(C)C.Cl,-6.433879,-5.875325
CN(CCCC1c2ccccc2Sc2c1cc(Cl)cc2)C.Br,-6.430479,-5.617323
OC(=O)/C=C\C(=O)O.CCN(CC1COC2(O1)c1ccccc1CCc1c2cccc1)CC,-6.4086375,-5.8171053
CCCC(=O)c1ccc2c(c1)N(CCCN1CCN(CC1)C)c1c(S2)cccc1,-6.3948674,-6.076333
C/C(=C\C=C\C(=C\C(=O)O)\C)/C=C/C1=C(C)CCCC1(C)C,-6.376357,-7.43248
OC(=O)C(=O)O.CCN(CC1COC2(O1)c1cc(Cl)ccc1OCc1c2cccc1)CC,-6.3719683,-5.872984
CCN(CCSCCOC(=O)N1c2ccccc2Sc2c1nccc2)CC.Cl,-6.353435,-6.4967194
CC/C(=C(\c1ccccc1)/c1ccc(cc1)OCCN(C)C)/c1ccccc1,-6.348312,-6.525626
CCCCCCCCOc1ccccc1C(=O)Nc1ccc(cc1)C(=O)OCC[N+](CC)(CC)C.[Br-],-6.3427134,-7.5177546
N#CC(c1ccccc1)(c1ccccc1)CCN1CCC(CC1)(C(=O)O)c1ccccc1,-6.3316965,-6.1107373
Clc1ccccc1C[NH2+]C12CCC(CC1)(CC2)[NH2+]Cc1ccccc1Cl.[Cl-].[Cl-],-6.318552,-6.4597054
CCCCCCC(=O)OCN1C(=O)NC(C1=O)(c1ccccc1)c1ccccc1,-6.3,-5.87722
OC(=O)C(=O)[O-].CC[NH+](CCn1c2cc(Cl)ccc2c2c1cc(OC)cc2)CC,-6.297833,-6.2487974
CNCC1CCC2(C1)c1ccccc1C=Cc1c2cccc1.Cl,-6.2929497,-5.5392065
ClC(=C[C@@H]1[C@H](C1(C)C)C(=O)OCc1cccc(c1)Oc1ccccc1)Cl,-6.29,-6.5329976
SCCNCCCCCCCCCCOc1ccc(cn1)Br.Cl,-6.2619047,-6.185011
c1ccc(cc1)Nc1c2ccccc2nc2c1cccc2,-6.225076,-6.71869
[O-]C(=O)c1ccccc1Nc1cccc(c1)C(F)(F)F.[O-]C(=O)c1ccccc1Nc1cccc(c1)C(F)(F)F.[O-]C(=O)c1ccccc1Nc1cccc(c1)C(F)(F)F.[Al+3],-6.22402,-6.761881
Clc1ccc(cc1)c1ccc(cc1Cl)Cl,-6.21,-6.117442
CCCCCCCCCCSCCCCCN1CSCC1.Cl,-6.193029,-6.129633
CN1CCCC(C1)CN1c2ccccc2Sc2c1cccc2.Cl,-6.188043,-5.512392
CCCCOc1ccc(cc1)OCC(=O)N(c1cccc(c1)OC)CCN(CC)CC.Cl,-6.187475,-6.2059054
Oc1cc(C)c(cc1[C@@H]1C[C@@H]2C([C@@]1(C)CC2)(C)C)C,-6.174255,-5.7755165
C1CCC(CC1)[NH2+]CC12CCC(CC1)(CC2)C[NH2+]C1CCCCC1.[Cl-].[Cl-],-6.135226,-6.048587
O[C@H]([C@H](C(=O)O)O)C(=O)O.Oc1ccc2c(c1)[C@]13CCCC[C@H]3[C@@H](C2)N(CC1)CCCCc1ccccc1,-6.1218996,-5.808189
CN(Cc1ccccc1)CCC(c1cccc2c1cccc2)(C(=O)N)C(C)C,-6.120166,-6.0492477
C1CCN(C1)CC1COC2(O1)c1ccccc1C=Cc1c2cccc1.OC(=O)/C=C\C(=O)O,-6.1012826,-6.330958
O=C(C1c2ccccc2c2c1cccc2)OC1CC(C)[NH+](C(C1)C)C.[Cl-],-6.10061,-5.637454
CCCCCCCCCCCCCCCC(=O)OCCO,-6.089541,-6.3756027
CCCCCCCCC(C(=O)O)CCCCCC,-6.0753202,-5.744768
C1CCC(CC1)NCC1CCC(=CC1)CNC1CCCCC1.CC(=O)O.CC(=O)O,-6.069298,-6.0714626
O[C@@H]1C[C@@H]2[C@]([C@H]1O)(C)CC[C@H]1[C@H]2CCc2c1ccc(c2)OC1CCCC1,-6.0518303,-5.406878
CC(N1CCC(CC1)N(c1ccc(cc1)Cl)C(=O)Cc1ccccc1)C,-6.0461855,-5.774044
COC1(CCC(CC1)NCCCC(=O)c1ccc(cc1)F)c1ccc(cc1)C.COC1(CCC(CC1)NCCCC(=O)c1ccc(cc1)F)c1ccc(cc1)C.Cl.Cl.O,-6.034187,-8.219718
Fc1ccc2c(c1)N(C(=O)SCCN(C(C)C)C(C)C)c1c(S2)cccn1.Fc1ccc2c(c1)N(C(=O)SCCN(C(C)C)C(C)C)c1c(S2)cccn1.OC(=O)/C=C\C(=O)O,-6.018259,-7.485697
C1CCN(CC1)CC1COC2(O1)c1ccccc1OCc1c2cccc1.OC(=O)/C=C/C(=O)O,-6.011787,-5.9016933
Clc1ccc(c(c1)c1cccc(c1)Cl)Cl,-6.01,-6.1166573
CC[C@H](C(=O)O[C@@H]1C[C@H](C)C=C2[C@H]1[C@@H](CC[C@H]1C[C@@H](O)CC(=O)O1)[C@@H](C=C2)C)C,-6.01,-5.8573694
CC(=O)O[C@H]1C[C@]2([C@H](/C/1=C(/C(=O)[O-])\CCC=C(C)C)C[C@H]([C@@H]1[C@]2(C)CC[C@@H]2[C@]1(C)CC[C@H]([C@H]2C)O)O)C.[Na+],-5.990985,-6.7578187
O=C(C(c1ccsc1)C1CCCCC1)OCCN1CCCCCC1,-5.982029,-4.9032946
C1Cc2ccc3c4c2c(C1)ccc4CCC3,-5.96,-5.557584
OC(=O)/C=C\C(=O)O.CSc1ccc2c(c1)C(Cc1c(S2)cccc1)N1CCN(CC1)C,-5.944536,-5.5340147
CO[C@@H]1/C=C/C=C(\C)/Cc2cc(OC)c(c(c2)N(C(=O)C[C@@H]([C@]2([C@H]([C@@H]([C@@H]3C[C@@]1(O)NC(=O)O3)C)O2)C)OC(=O)[C@@H](N(C(=O)C)C)C)C)Cl,-5.9427714,-7.3249598
CC(CCc1ccc(cc1)C(=O)OCCCN1CCCCC1C)C,-5.9327726,-5.222575
Clc1ccc(cc1)CN(C(=O)Nc1ccccc1)C1CCCC1,-5.91,-5.5265894
OC(=O)C(=O)[O-].Clc1ccc2c(c1)n(CC[NH+]1CCCC1)c1c2cccc1,-5.908539,-6.001343
OCCN1CCN(CC1)CCCN1c2ccccc2Sc2c1cc(Cl)cc2.Cl.Cl,-5.906092,-6.2958393
O[C@H]([C@H](C(=O)O)O)C(=O)O.CN(CC(CN1c2ccccc2Sc2c1cccc2)C)C.CN(CC(CN1c2ccccc2Sc2c1cccc2)C)C,-5.899259,-7.614938
CCCCCCCOc1ccc(cc1)NC(=O)OCC[NH+]1CCCCC1.[Cl-],-5.8897257,-5.974537
COc1cc2Sc3ccc(cc3N(c2cc1O)CCCN(C)C)Cl,-5.84783,-5.165071
Clc1ccc2c(c1)n(CC[NH+]1CCCC1)c1c2cccc1.[Cl-],-5.8441563,-5.488144
CCC(=O)O[C@@]1([C@@H](C)C[C@@H]2[C@]1(C)C[C@H](O)[C@]1([C@H]2CCC2=CC(=O)C=C[C@]12C)F)C(=O)COC(=O)CC,-5.8432646,-5.719995
Nc1ccnc(n1)N1CCN(CC1)CCC(c1ccccc1)(c1ccccc1)c1ccccc1,-5.8425956,-7.09304
Nc1c2cccc(c2nc2c1cccc2)c1ccccc1,-5.8397255,-6.1274724
ClCCSCC[NH+](c1ccccc1)CCSCCCl.[Cl-],-5.824845,-4.076132
Clc1ccccc1CNC1CCC(CC1)NCc1ccccc1Cl.Cl.Cl,-5.8078575,-5.985427
Clc1cccc(c1)c1cccc(c1)Cl,-5.8,-5.6700063
COc1cc(O)cc2c1N(CCCN(C)C)c1c(S2)ccc(c1)Cl,-5.7662797,-5.644742
CCCC(c1ccccc1)(c1ccccc1)C(=O)OCCN(CC)CC,-5.7483673,-5.48457
CCC(C(C(C[NH+](C)C)C)(c1ccccc1)c1ccccc1)OC(=O)CC.[Cl-],-5.745435,-5.228321
OC(=O)[C@H]1CCc2c1cc(Cl)c(c2)C1CCCCC1,-5.742825,-5.2164087
CCCCCCCCCCCCCCCC[n+]1ccccc1.[Cl-].O,-5.7252316,-5.8757873
CCC(=O)O[C@H]1[C@@H](O[C@@H](C[C@@H]1N(C)C)C)O[C@@H]1[C@@H](C)[C@H](O[C@@H]2O[C@@H](C)[C@@H]([C@](C2)(C)OC)O)[C@@H](C)C(=O)O[C@H](CC)[C@@]([C@@H]([C@H](C(=O)[C@@H](C[C@@]1(C)O)C)C)O)(C)O,-5.7192264,-6.327136
CN(C(CC12CC3CC(C2)CC(C1)C3)C)Cc1ccccc1.Cl,-5.7181726,-5.1736426
Ic1ccc(nc1)SCCCCCCCN1CCSC1.Cl,-5.7088737,-5.5343647
CCC1(CC)OC(c2c1cccc2)(CCCN(C)C)c1ccccc1.Cl,-5.6920176,-5.533698
OC(=O)C(c1ccc2c(c1)CCc1c2cccc1)C,-5.677664,-5.60561
CCCCCCCOc1ccccc1NC(=O)OCCN1CCCCC1.Cl,-5.676198,-5.924283
NCCCN1c2ccc(cc2Sc2c1cc(Cl)cc2)O,-5.6594973,-3.4596217
OC(=O)C(=O)O.CN(CCCC1(OC(c2c1cccc2)(C)C)C1CCCCC1)C,-5.656205,-5.6649914
CCN(C(CN1c2ccccc2Sc2c1cccc2)C)CC,-5.6543956,-6.0805793
CCC1=C(C[C@H]2NCCc3c2cc(OC)c(c3)OC)C[C@@H]2N(C1)CCc1c2cc(c(c1)OC)OC,-5.6457753,-5.5678544
OC(=O)C(c1ccc2c(c1)nc(o2)c1ccc(cc1)C(C)(C)C)C,-5.642262,-5.9552746
CCCCOC(=O)c1ccccc1C(=O)OCc1ccccc1,-5.64,-5.074551
Clc1ccc2c(c1)[nH]c(=O)n2C1CCN(CC1)CCCn1c(=O)[nH]c2c1cccc2,-5.635316,-4.5854177
N#CC(c1cccc2c1cccc2)(CC[NH+](CC)C)CC=C(C)C.[Cl-],-5.6262503,-5.389735
CN(CC/C=C\1/c2ccccc2Sc2c1cc(F)cc2)C.Br,-5.603798,-5.236496
CCCCCCCOc1cccc(c1)NC(=O)OCC[NH+]1CCCCC1.[Cl-],-5.599209,-5.786918
Brc1ccc(cc1)C(c1ccccc1)OCC[NH2+]N1CCCC1.[Cl-],-5.589347,-2.3766649
CCCCCCCOc1ccc(cc1)C(=O)CCN1CCCCC1.Cl,-5.572803,-5.5283337
C#CC(c1ccccc1)(c1ccc(cc1)Cl)OC(=O)N,-5.5717225,-3.9681816
CC(=O)Oc1ccc(cc1)C1(Oc2ccccc2NC1=O)c1ccc(cc1)OC(=O)C,-5.555738,-5.329647
COc1ccc2c(c1)c(CC(=O)O)c(n2C(=O)/C=C/c1ccccc1)C,-5.54,-4.755705
COc1ccc2c(c1)/C(=C/CCN(C)C)/c1c(S2)cccc1.Cl,-5.5328555,-5.1007094
C=CC1C[N+]2(CCC1C[C@@H]2[C@H](c1ccnc2c1cc(OC)cc2)O)C(C)C.[Cl-],-5.518905,-4.831703
[O-]C(=O)/C=C\C(=O)O.C[NH+](CCOC1C=CC2=C(Cc3c1cccc3)CCC=C2)C,-5.510564,-4.7649007
CC(=O)O[C@@]1(CC[C@@H]2[C@]1(C)C[C@H](O)[C@]1([C@H]2C[C@H](C2=CC(=O)C(=C[C@]12C)Br)F)F)C(=O)COC(=O)C,-5.506426,-5.841901
CCCOCCOC(=O)C1=C(C)NC(=C(C1c1cccc(c1)[N+](=O)[O-])C(=O)OCCOCCC)C,-5.5003543,-5.301267
C[S+](Cc1ccccc1)Cc1ccccc1.[O-][N+](=O)[O-],-5.4978266,-3.8875947
CCN(CCOC(=O)C(c1cccc2c1cccc2)Cc1ccco1)CC,-5.4946694,-6.05445
Brc1ccc2c(c1)c(=O)n(c(n2)C)c1ccccc1,-5.489945,-4.817235
CCC(=CCN1CC[C@@]23[C@H]([C@H]1Cc1c3cc(cc1)O)CCCC2)CC.Br,-5.4714108,-5.1270227
CN(/C=N/c1ccc(cc1C)C)/C=N/c1ccc(cc1C)C,-5.47,-5.8989096
CCCCOC(=O)c1ccc(cc1)C(=O)OCCCC,-5.4668646,-4.425089
C[N+]1(CCCCCC[N+]2(C)CCCCC2)CCCCC1.[I-].[I-],-5.4622564,-4.75023
Clc1ccc(c(c1)Cl)Oc1ccc(cc1)[N+](=O)[O-],-5.46,-5.2342343
CN1CCC(=C2c3ccccc3C=Cc3c2cccc3)CC1.Cl,-5.453458,-5.9188614
OC(=O)C(CC(=O)O)(CC(=O)O)O.CN(CC1COC2(O1)c1ccccc1CCc1c2cccc1)C,-5.4474454,-4.95398
Oc1c(O)ccc2c1c1cccc3c1[C@@H](C2)N(CCc1ccccc1)CC3.Cl,-5.43403,-5.563248
OC(=O)C(=O)[O-].Fc1ccc2c(c1)c1ccccc1n2CC[NH+]1CCCC1,-5.415669,-5.4159155
OS(=O)(=O)SCCNCCCCCCCCCCCc1ccccc1,-5.392481,-4.8429637
OC(=O)/C=C\C(=O)O.COc1ccc2c(c1)C(Cc1c(S2)cccc1)N1CCN(CC1)C,-5.3876534,-4.7809877
O=C1CC2C(C1(CC2)CS(=O)(=O)O)(C)C.Oc1ccc2c(c1)[C@]13CCCC[C@H]3[C@@H](C2)N(CC1)CCCOc1ccccc1,-5.380369,-6.4260607
CCOP(=S)(Oc1ccc2c(c1)c(C)c(c(=O)o2)Cl)OCC,-5.38,-5.790674
CCCCCCCCCCCCCCCC(=O)OC(COC(=O)CCCCCCCCCCCCCCC)COC(=O)CCCCCCCCCCCCCCC,-5.373538,-11.258675
OCCOCCOC(=O)c1ccccc1Nc1cccc(c1)C(F)(F)F,-5.3633065,-4.3644786
CCCC[NH+](CCC1(c2ccccc2)C(=O)Oc2c1cccc2)CCCC.[Cl-],-5.3465204,-5.812072
CN(c1ccc(cc1)/C=C/c1ccnc2c1cccc2)C,-5.34491,-5.119303
Oc1ccc2c(c1)[C@]13CCCC[C@H]3[C@@H](C2)N(CC1)CCc1ccc(cc1)[N+](=O)[O-].Cl,-5.344612,-4.7263365
O=C(N1c2ccccc2Sc2c1cccc2)CNC(C)(C)C.Cl,-5.3385673,-5.022615
O=C(c1cccc2c1oc(c1ccccc1)c(c2=O)C)OCCN1CCCCC1.Cl,-5.3112216,-4.7303834
[O-][N+](=O)c1cc([N+](=O)[O-])c(c(c1)[N+](=O)[O-])O.CCCCOc1ccc(cc1)OCC(=O)N(c1ccc(cc1)OC)CCN(C)C,-5.304926,-5.6675305
O=C1OCC(=C1)[C@H]1CC[C@]2([C@]1(C)CC[C@H]1[C@H]2CC[C@H]2[C@]1(C)CC[C@@H](C2)O[C@H]1C[C@H](O)[C@@H]([C@H](O1)C)O[C@H]1C[C@H](O)[C@@H]([C@H](O1)C)O[C@H]1C[C@H](O)[C@@H]([C@H](O1)C)O)O,-5.2925687,-5.283904
C[C@@H](C(C(=O)N1CCCC1)(c1ccccc1)c1ccccc1)CN1CCOCC1.O[C@H]([C@H](C(=O)O)O)C(=O)O,-5.2857966,-4.34651
O=C1CC[C@]2(C(=C1)CC[C@@H]1[C@@H]2CC[C@]2([C@H]1CC[C@]2(C)OC(=O)C)C)C,-5.28,-5.559935
Oc1ccc2c(c1)CC=C1[C@@H]2CC[C@]2([C@H]1CCC2=O)C	,-5.28,-4.5572405
O[C@H]1CC[C@]2([C@H](C1)CC[C@@H]1[C@@H]2CC[C@]2([C@H]1CC[C@@H]2C(=O)C)C)C,-5.258092,-5.2087784
Clc1ccc(c(c1)Cl)c1ccccc1,-5.25,-5.5608244
Oc1ccc2c(c1)ccc1c2CC[C@@]2([C@@H]1CCC2=O)C,-5.24,-5.0364394
Cc1c(C)c(C)c(c(c1C)C)C,-5.23,-4.2216406
CN(CCCC1(OC(c2c1cccc2)(C)C)c1ccc(cc1)C)C.Cl,-5.219768,-4.9807615
CCN(CCCN1c2ccccc2NCc2c1cccc2)CC,-5.2164426,-5.1536994
OC(=O)[C@H](Cc1cc(I)c(c(c1)I)Oc1ccc(c(c1)I)O)N,-5.2160897,-6.376485
OC(=O)C(c1ccc2c(c1)nc(o2)c1ccc(cc1Cl)Cl)C,-5.20641,-5.366534
CN(CCC12CC3CC(C2c2ccccc2)CC(C1)C3)C.Cl,-5.199686,-4.7625923
Clc1cc2NC(NS(=O)(=O)c2cc1S(=O)(=O)N)C1CC2CC1C=C2,-5.191072,-4.3069615
CN(C(CN1c2ccccc2Sc2c1cccc2)C)C.Cl,-5.186195,-4.7669764
CC(N(C)C)CN1c2cc(ccc2Sc2c1cccc2)S(=O)(=O)N(C)C,-5.1808286,-4.696502
CN(C(CC12CC3(C)CC(C2)(CC(C1)(C3)C)C)C)C.Cl,-5.1803503,-5.077007
CC(=O)Nc1c(I)c(N(C(=O)C)C)c(c(c1I)C(=O)O)I,-5.158434,-4.599879
CCOc1ccc2c(c1)c(N)c1c(n2)cc(cc1)[N+](=O)[O-],-5.1490307,-3.9760022
CCN(CCCNc1nc(c(o1)c1ccccc1)c1ccccc1)CC,-5.1472206,-5.964295
CCN(CC(=O)N1c2ccccc2Sc2c1cccc2)CC,-5.146449,-5.279684
O=C(c1ccc(c(c1)I)F)OCCCN1CCCCC1.Cl,-5.1355777,-4.5754375
C[NH+]1C2CCC1CC(C2)OC(=O)C(=C)c1ccc(cc1)C(C)(C)C.[Cl-],-5.131261,-5.3503075
Clc1ccc(cc1)Cn1c(C)nc2c1cccc2.Cl,-5.128694,-4.380967
OC/C=C(/CC/C=C(/CCC=C(C)C)\C)\C,-5.1173983,-5.3221445
CN(CC(CC1(OC(c2c1cccc2)(C)C)c1ccccc1)C)C.Cl,-5.10907,-4.844225
O[C@H]([C@H](C(=O)O)O)C(=O)O.CCC(CCN1CC[C@@]23[C@H]([C@H]1Cc1c3cc(cc1)O)CCCC2)C,-5.1073537,-5.1072993
ClCCN(c1cc(ccc1C)C(=O)OC)CCCl,-5.1066475,-4.667574
Nc1ccc(cc1)C(c1ccccc1)(C(=O)OC1CC2CCC(C1)[N+]2(C)Cc1ccccc1)O.[Br-],-5.094893,-5.5088735
COc1ccc(cc1C(=O)NCCc1ccc(cc1)S(=O)(=O)NC(=O)NC1CCCCC1)Cl,-5.09,-6.2215257
CC[NH+](CCOC(=O)n1c2ccc(cc2c2c1cccc2)N)CC.[Cl-],-5.075679,-4.860179
COc1cccc(c1)CCN1CC[C@@]23[C@H]([C@H]1Cc1c3cc(cc1)O)CCCC2.Cl,-5.070443,-4.942331
COc1ccc(cc1)CCN1CC[C@@]23[C@H]([C@H]1Cc1c3cc(cc1)O)CCCC2.Cl,-5.070443,-4.958315
CN(CCC(c1ccc2c(c1)cccc2)(C(=O)N)CC=C(C)C)C,-5.064014,-5.0765586
O=C(N1c2ccccc2Sc2c1cccc2)CN1CCN(CC1)Cc1ccc2c(c1)OCO2,-5.055642,-5.882125
Brc1c(Br)cccc1Br,-5.04,-5.45042
CCC(C(=O)OC(C(Cl)(Cl)Cl)C)CC,-5.0373716,-4.503416
CCCC[NH+]1CCCC(C1)OC(=O)Nc1c(C)cccc1C.[Cl-],-5.027467,-4.7003236
C[NH2+]CCCn1c2ccccc2[nH]c(=O)c2c1cccc2.[Cl-],-5.026506,-4.440123
CC(=O)OCC(=O)[C@@]12OC(O[C@@H]1C[C@@H]1[C@]2(C)C[C@H](O)[C@]2([C@H]1C[C@@H](C1=CC(=O)C=C[C@]21C)F)F)(C)C,-5.0185075,-5.027613
COc1ccc(cc1OC)CCN(CCCC(c1ccc(c(c1)OC)OC)(C(C)C)C#N)C,-5.007235,-6.126189
CCOC(=O)C1(CCN(CC1)CCc1ccc(cc1)N)c1ccccc1.Cl.Cl,-4.9993815,-4.3009033
[O-][N+](=O)CC(c1ccc(cc1)NC(=O)C)Sc1ccc(cc1)C,-4.9914126,-4.1853
OC(=O)C(=O)[O-].COc1ccc2c(c1)n(CCC[NH+](C)C)c1c2cccc1,-4.990109,-4.872837
SCCNCCCCCOc1ncc(cc1Br)Br.Cl,-4.9877973,-4.867507
C=CCc1ccc(c(c1)OC)Oc1ccccc1,-4.9526224,-4.545991
O=C1C=C[C@]2(C(=C1)C(=C[C@@H]1[C@@H]2CC[C@]2([C@H]1CC[C@@]2(OC(=O)C)C(=O)C)C)Cl)C,-4.95,-5.9122124
CCCCCCCCCCCCCCNCCSS(=O)(=O)O,-4.9453435,-4.9690385
OCCN1CCN(CC1)CCCN1c2ccccc2C=Cc2c1cccc2.Cl.Cl,-4.940068,-5.410431
CCN1CC(C(C1=O)(c1ccccc1)c1ccccc1)CCN1CCOCC1.Cl.O,-4.9366393,-4.0337496
Cc1ccc(c2c1cccc2C)C,-4.92,-4.902195
CC(=O)O[C@H]1CC[C@]2([C@@H](C1)CC[C@@H]1[C@@H]2CC[C@]2([C@]1(O)CC[C@@H]2C1=CC(=O)OC1)C)C,-4.919838,-4.2509227
COc1cc2c(cc1OC)CC[NH+](C2CCc1cccc(c1)Cl)C.[Cl-],-4.9121866,-4.9597154
COc1c(OC)ccc2c1CC[NH+](C2CCc1ccc(cc1)Cl)C.[Cl-],-4.9121866,-4.9102163
CN(C(CN1c2ccccc2Sc2c1nccc2)C)C.Cl,-4.9121804,-3.7900093
ClC(=C(Cl)Cl)C(=C(Cl)Cl)Cl,-4.91,-5.0306835
OCC(=O)[C@]1(OC(=O)C)[C@H](C)C[C@@H]2[C@]1(C)C[C@@H](O)[C@]1([C@H]2CCC2=CC(=O)C=C[C@]12C)F,-4.9,-4.6391463
CC[N+](CCOc1ccc(cc1)/C=C/c1ccccc1)(CC)CC.[I-],-4.8859158,-3.9611187
Brc1c(C)c(Br)c(c(c1O)O)Br,-4.880605,-4.7787886
CCCCNC(=O)n1c(NC(=O)OC)nc2c1cccc2,-4.88,-3.9326346
OS(=O)(=O)NC1CCCCC1.CN(CC/C=C/1\c2ccccc2CN(c2c1cccc2)C)C,-4.8770547,-5.267391
CCOC(=O)c1c(C)ccc(c1OCCN(CC)CC)C(C)C,-4.8767004,-4.5140085
CC1CCCCN1CCCOC(=O)c1ccc(cc1)C(C)C,-4.8714213,-4.499777
Clc1c(Cl)c(C(=O)O)c(c(c1Cl)Cl)Cl,-4.865803,-4.8079386
CCOP(=S)(O/N=C(/c1ccccc1)\C#N)OCC,-4.86,-3.115889
CCN(CCOc1ccc2c(c1)sc(n2)N(C)C)CC.Cl.Cl,-4.8552995,-3.9120598
CCN(CCN1c2ccccc2NCc2c1cccc2)CC,-4.8289804,-4.721186
CCCCCCCCc1ccccc1O,-4.8217998,-4.7267823
CC(NC(CC12CC3CC(C1)CC(C2Cl)C3)C)C.Cl,-4.8131475,-5.0098934
Cc1ccc2c(c1)c(C)cc(n2)OCCCCCN1CSCC1,-4.801488,-4.6859875
COC(=O)c1c(C)ccc(c1OCC(=O)OCCN1CCCCC1)C(C)C,-4.796578,-4.7109847
CN(CC(CN1c2ccccc2CCc2c1cccc2)C)C,-4.787216,-4.8650417
Cc1nc2ccccc2c(=O)n1c1ccccc1[N+](=O)[O-].Cl,-4.7688594,-3.9943547
CCCCN1CCC(CC1)(OC(=O)CC)c1cccc(c1)C.Cl,-4.765688,-4.270809
[O-]C(=O)C.CCCCCCCCCCCCCC[NH3+],-4.7638745,-4.4229774
CN1CCN(CC1)C1=Nc2ccccc2Oc2c1cc(Cl)cc2,-4.7635765,-4.3008075
O=C(c1c(C)c(C)cc(c1C)C)Nc1ccncc1.Cl,-4.752618,-4.029651
CN1CCCC(C1)CN1c2ccccc2Sc2c1cccc2,-4.7447476,-5.2269635
O=C1CN2CC(OC2(c2c(N1)ccc(c2)Cl)c1ccccc1)C,-4.7446046,-3.6379232
CCC(c1ccc(c(c1)C(CC)C)O)C,-4.744017,-4.3724785
Cc1cccc2c1cccc2C,-4.74,-4.502128
O=C1CC[C@]2([C@H](C1)CC[C@@H]1[C@@H]2CC[C@]2([C@H]1CC[C@@H]2O)C)C,-4.74,-4.54645
OC(=O)C(=O)O.CCCCOc1c(OC)cccc1C(=O)NCCCN(CC)CC,-4.739508,-4.075758
C1CCN(CC1)CCC12CC3CC(C2)CC(C1)C3.Cl,-4.710416,-4.6280994
CCCCC(=O)O[C@]1([C@H](C)C[C@@H]2[C@]1(C)C[C@@H](O)[C@]1([C@H]2CCC2=CC(=O)C=C[C@]12C)F)C(=O)CO,-4.71,-5.4929233
O=C1CC[C@]2(C(=C1)CC[C@@H]1[C@@H]2CC[C@]2([C@H]1CC[C@]2(O)C(=O)C)C)C,-4.71,-4.356747
Clc1cc2NC(=NS(=O)(=O)c2cc1S(=O)(=O)N)CSCc1ccccc1,-4.685676,-5.2602262
CCCCCCCCCCCCO,-4.67,-4.4554906
C[NH+](CCOC(c1ccc(cc1)I)c1ccccc1)C.[Cl-],-4.6608853,-4.26485
CCOP(=S)(Oc1ccc(cc1)[N+](=O)[O-])OCC,-4.66,-3.5914755
CN1CCC2=C(C1CCc1ccccc1)CCCC2,-4.6598177,-3.8862255
OCC(=O)O[C@@H]1C[C@@](C)(C=C)[C@@H](O)[C@@H](C23[C@H](C1(C)[C@H](C)CC2)C(=O)CC3)C,-4.6473308,-4.405807
Cc1ccc(c(c1)C(c1ccccc1)(C(=O)OCCCN1CCCC1)O)C.Cl,-4.640652,-4.9004927
CCCCCc1ccccc1,-4.64,-4.0781527
NC(=O)C1c2ccccc2CCc2c1cccc2,-4.638029,-4.153136
ClC(C(c1ccc(cc1)N)c1ccc(cc1)N)(Cl)Cl,-4.637036,-5.0316796
CCOC(=O)Nc1cccc(c1)OC(=O)Nc1ccccc1,-4.63,-3.8758588
C#C[C@]1(O)CC[C@@H]2[C@]1(C)CC[C@H]1[C@H]2CCC2=CC(=O)CC[C@H]12	,-4.63,-4.354356
COc1cc2c(cc1OC)CCN(C2CCc1ccc(cc1)[N+](=O)[O-])C,-4.629239,-4.310293
O=C(Nc1c(C)cccc1Cl)OC1CCN(CC1)C(C)C,-4.6262245,-4.357822
CCCCCCCCCCCC(=O)O,-4.62,-4.392639
CC1(C)C2CCC(C1C2)CCOCC[N+]1(CCOCC1)Cc1ccccc1.[Br-],-4.61817,-6.2235126
CN(CC(=O)N1C(C)(C)CC(=CC1(C)C)c1ccccc1)C,-4.6132555,-4.456159
C[NH2+]CCOc1ccc(cc1)CNC(=O)c1ccc(c(c1)OCC)OCC.[Cl-],-4.6073203,-4.0303583
Clc1ccc(nc1)SCCCCCCCN1CCSC1.Cl,-4.606087,-4.640403
CC[N+]1(CCCCCC[N+]2(CC)CCOCC2)CCOCC1.[I-].[I-],-4.596233,-3.7883704
OP(=O)(O)O.CCN(CCCC(Nc1ccnc2c1ccc(c2)Cl)C)CC,-4.5957365,-2.1432648
CCN(CCCC(Nc1cc(OC)cc2c1nccc2)C)CC.Cl,-4.582183,-4.4636707
NC(=O)C(c1cccc2c1cccc2)(CCN1CCCCC1)C,-4.5818887,-4.646644
Nc1ccc2c(c1)cc1c(n2)ccc(c1)Cl,-4.580352,-4.4455028
CN(CCOC(c1ccc(cc1)Br)(c1ccccc1)C)C.Cl,-4.5765696,-4.169218
CCOC(=O)[C@@H](N[C@H](C(=O)N1[C@H]2CCC[C@H]2C[C@H]1C(=O)O)C)CCc1ccccc1,-4.572359,-3.7826982
Clc1c(Cl)ccc(c1Cl)Cl,-4.57,-4.81287
CSc1ccc(cc1C)OP(=S)(OC)OC,-4.57,-3.5450432
NC(=O)OCC(c1ccccc1)(COC(=O)Nc1ccccc1)C,-4.5655093,-3.7524629
COc1cc(/C=C/C(=O)CCN2CCN(CC2)c2ccc(cc2)Cl)cc(c1OC)OC.Cl.O,-4.5649347,-4.312463
CCn1c2nc(C)cc(c2[nH]c(=O)c2c1nccc2)C,-4.55,-3.8036096
CCC(=O)c1ccc2c(c1OCC(CN1CCN(CC1)c1ccccc1)O)cccc2.Cl.Cl,-4.548467,-4.6314445
O=C(c1ccccc1)CCC[NH+]1CCC(=CC1)c1ccccc1.[Cl-],-4.543534,-4.72715
CC(Cc1ccccc1)NNC(=O)C(c1ccccc1)(c1ccccc1)O,-4.53982,-4.5875297
CCCCOc1nc(OCCCC)cc(c1)C(=O)N[NH2+]C.[Cl-],-4.5395646,-3.1510131
c1ccc(cc1)C(c1ccccc1)CCN1CCN(CC1)c1cccnn1,-4.5374427,-4.1404505
CCN(CCC(c1ccccc1)(C1CCCCC1)O)CC.Cl,-4.535846,-4.12054
CCCCCCC,-4.53,-4.030722
FC1=C(OCC(F)(F)F)C(F)(F)C(C(C1(F)F)(F)F)(F)F,-4.5212955,-4.521895
Cl[C@@H]1[C@@H](Cl)[C@H](Cl)[C@H]([C@@H]([C@H]1Cl)Cl)Cl,-4.51,-5.223874
CCN(C(=O)[C@H]1CN(C)[C@H]2C(=C1)c1cccc3c1c(C2)c([nH]3)Br)CC,-4.504908,-5.1110873
O=C1C=C[C@]2([C@H](N1)CC[C@@H]1[C@@H]2CC[C@]2([C@H]1CC[C@@H]2C(=O)NC(C)(C)C)C)C,-4.503745,-6.22919
CCC(=O)c1ccc(cc1)OCC(CN1CCN(CC1)c1cccc(c1)C(F)(F)F)O.Cl.Cl,-4.4948635,-3.8364341
O=C[C@@]12CC[C@@H](C[C@@]2(O)CC[C@@H]2[C@@H]1CC[C@]1([C@]2(O)CC[C@@H]1C1=CC(=O)OC1)C)OC(=O)C(C)C.[H][H],-4.4906425,-3.817917
CCCOc1ccc2c(c1)[nH]c(n2)NC(=O)OC,-4.4869537,-3.232719
C=C1CCC[C@]2([C@H]1C[C@@H](CC2)C(O)(C)C)C,-4.4843526,-4.301235
CCCc1cc(OCCCCCNCCSS(=O)(=O)O)nc2c1cccc2,-4.481951,-3.8199508
C[C@@H]1CCC(C1)(C)C,-4.48,-3.8371375
Clc1cc(Cl)cc(c1)Cl,-4.48,-3.6628551
CN(C(=O)[C@]1(CC[C@H](c2c1cccc2)[NH+](C)C)c1ccccc1)C.[Cl-],-4.4758043,-3.6901016
CCCCOc1nc(OCCCC)cc(c1)C(=O)N[NH+](C)C.[Cl-],-4.4744525,-3.594188
C[C@@H]1CC[C@H](CC1)C,-4.47,-4.2562695
O=C(C(C)C)Nc1ccc(c(c1)C(F)(F)F)[N+](=O)[O-],-4.4657693,-4.3809943
COc1ccc2c(c1)N(CCN(C(C)C)C(C)C)C(=O)CCC2,-4.4656296,-3.9602022
CN(CCC=C1c2ccccc2CCc2c1cccc2)C.Cl,-4.4633245,-4.724939
CCCN1CCCC(C1)OC(=O)Nc1c(C)cccc1C,-4.458686,-4.2378354
CCCc1nc(NC(C)C)nc(n1)NC(C)C,-4.450595,-4.4500465
ClCCN(c1cc(C=O)ccc1C)CCCl,-4.4500356,-4.0522504
c1ccc(cc1)/N=N/c1ccccc1,-4.45,-4.184652
CCC1(OCCc2c1[nH]c1c2cccc1CC)CC(=O)O,-4.4464316,-4.049147
C(=C/C=[N+]/1\CCC(CC1)c1ccccc1)C=CN1CCC(CC1)c1ccccc1.[Cl-],-4.4396167,-4.9006767
CCCCCCCBr,-4.43,-4.596338
CC(Nc1nc(NC(C)C)nc(n1)Cl)C,-4.43,-3.8555224
O=C1CC[C@]2(C(=C1)CC[C@@H]1[C@@H]2CC[C@]2([C@H]1CC[C@@H]2C(=O)C)C)C,-4.43,-5.1482587
CCCCCCCCCCCCCNCCSS(=O)(=O)O,-4.4236975,-4.5508556
CC(=O)OCC(=O)[C@@]1(O)CC[C@@H]2[C@]1(C)C[C@H](O)[C@H]1[C@H]2C[C@@H](C2=CC(=O)C=C[C@]12C)C,-4.4209723,-4.415159
CCCN(C(C(=O)Nc1c(C)cccc1C)CC)CC.Cl,-4.4198337,-3.8484547
C[NH2+]CCCn1c(=O)c2ccccc2[nH]c2c1cccc2.[Cl-],-4.412272,-4.442639
OCCN1CCN(CC1)CC(=O)N1c2ccccc2Sc2c1cc(Cl)cc2.Cl.Cl,-4.411202,-4.515834
COc1ccc2c(c1)c1ccccc1n2CC[NH+](C)C.[Cl-],-4.4048595,-3.726678
CNCCC1(CC(c2c1cccc2)C)c1ccccc1.Cl,-4.404256,-4.0460353
OC(=O)C(c1ccc2c(c1)nc(o2)c1ccccc1Cl)C,-4.4040656,-4.585171
Brc1ccc2c(c1)cccc2,-4.4,-4.7680907
CCCCOC(=O)c1ccccc1C(=O)OCCCC,-4.4,-4.499929
OCCN(c1nc(c(o1)c1ccccc1)c1ccccc1)C,-4.3896885,-3.7944295
CC(C1(OC(=O)C(C)C)C(=O)NC(=O)NC1=O)c1ccccc1,-4.385605,-3.4976861
c1ccc2c(c1)sc1c2cccc1,-4.38,-4.8201776
Nc1ccc(cc1)S(=O)(=O)NC(=O)c1ccc(c(c1)C)C,-4.3744903,-3.5766127
ClCCN(c1cc(ccc1C)S(=O)(=O)O)CCCl,-4.373866,-3.7258117
Oc1ccc2c(c1)[C@]13CCCC[C@H]3[C@@H](C2)N(CC1)CCc1ccco1.Cl,-4.365954,-3.351079
Clc1cnc(c(c1)Cl)SCCCCCN1CSCC1.Cl,-4.3631,-4.443144
CCCCOc1nc(OCCCC)cc(c1)C(=O)N1CCOCC1,-4.3625445,-3.891476
CCN(CCOc1c(ccc(c1C(=O)O)C)C(C)C)CC,-4.3602605,-4.319477
CCCOC(=O)c1c(C)ccc(c1OCCN(C)C)C(C)C,-4.3542128,-4.010258
O[C@H]1CC[C@]2(C(=CC[C@@H]3[C@@H]2CC[C@]2([C@H]3CC[C@@H]2O)C)C1)C,-4.3501267,-5.1031685
C[n+]1cccc(c1)OC(=O)N(CCCCCCN(C(=O)Oc1ccc[n+](c1)C)C)C.[Br-].[Br-],-4.342204,-1.7666626
[O-][N+](=O)c1ccc2c(c1)nc1c(c2N)cccc1,-4.3413963,-3.5930154
CCCOC(=O)N1C(OC)C=Cc2c1cccc2,-4.336309,-4.0049996
OC(=O)/C=C/C(=O)O.OC(=O)/C=C/C(=O)O.OCC(CN1CCN(CC1)CC1COC2(O1)c1ccccc1C=Cc1c2cccc1)O,-4.334579,-5.805722
O=C(c1ccc(cc1)c1ccc(cc1)C(=O)C[n+]1ccccc1C)C[n+]1ccccc1C.[Br-].[Br-],-4.3242645,-4.0435266
Ic1ccc(nc1)OCCCCCCCNCCSS(=O)(=O)O,-4.3181844,-4.1368165
OCC(=O)[C@@]12OC(O[C@@H]1C[C@@H]1[C@]2(C)C[C@H](O)[C@]2([C@H]1CCC1=CC(=O)C=C[C@]21C)F)(C)C,-4.3157744,-4.4069953
C(CCN1CSCC1)CCSc1ccc2c(n1)cccc2.Cl.Cl,-4.3138814,-4.285092
CN1CCN(CC1)CC(=O)n1c2ccccc2c(=O)[nH]c2c1nccc2,-4.3110437,-3.0295868
O=C(c1ccccc1O)Nc1cccc(c1)C(F)(F)F,-4.309189,-4.242816
CCCCN(CCOCCCOC(=O)c1ccc(cc1)N)CCCC,-4.3066454,-4.33096
CC(=O)OCC(=O)[C@@]1(O)CC[C@@H]2[C@]1(C)C[C@@H](O)[C@H]1[C@H]2CCC2=CC(=O)CC[C@]12C,-4.3,-4.0267997
N#CC(=NNc1ccc(cc1C)[N+](=O)[O-])C#N,-4.2942595,-3.3139553
CN(CCOc1c(ccc(c1C(=O)OC(C)C)C)C(C)C)C,-4.291852,-4.175264
c1ccc(cc1)CCN1CCN2C(C1)CCc1c2cccc1.Cl,-4.2917333,-3.9015903
O=C(NS(=O)(=O)c1ccc(cc1)C)NN1CC2C(C1)CCC2	,-4.29,-3.4972422
CC1CCN(CC1)CC(COC(=O)c1ccccc1)(C)C,-4.2883406,-3.9780428
CCCCN1CCC(CC1)(CCCC)OC(=O)CC.Cl,-4.276046,-3.612149
C[C@@H]1CCCC[C@H]1C,-4.27,-4.2069974
CCCCN1CCCC[C@@H]1C(=O)Nc1c(C)cccc1C.Cl,-4.2687025,-4.245211
OC(=O)C1CCc2c1cc(N)c(c2)C1CCCCC1,-4.2677565,-3.3584564
CC(CC(C)C)C,-4.26,-3.538006
CN([C@H](CN1c2ccccc2Sc2c1cccc2)C)C,-4.26,-4.6936955
CC1CCN(CC1)CC(C(OC(=O)c1ccccc1)C)C,-4.257407,-4.0643897
O=C1CC2(CCCC2)CC(=O)N1CCCCN1CCN(CC1)c1ncccn1,-4.25664,-2.6415286
Clc1ccc(c(c1)C(=O)c1ccccc1)N,-4.255308,-3.3493016
Oc1cc(cc2c1c(/N=N/c1ccc(c3c1cccc3S(=O)(=O)[O-])Nc1ccccc1)cc(c2)S(=O)(=O)[O-])S(=O)(=O)[O-].[Na+].[Na+].[Na+],-4.2547445,-3.7396712
COC(=O)c1nc(C)c2c(c1)c1ccccc1[nH]2,-4.25358,-3.7217546
Nc1ccc2c(c1)cc1c(n2)cc(cc1)N(C)C,-4.244975,-3.49742
CCc1sc2c(c1)C(=NCC(=O)N2C)c1ccccc1Cl,-4.2408557,-4.555422
Cc1cc(OCCCCCNCCSS(=O)(=O)O)nc2c1cccc2Cl,-4.240146,-4.033485
[O-]C(=O)C(c1cccc(c1)Oc1ccccc1)C.[O-]C(=O)C(c1cccc(c1)Oc1ccccc1)C.[Ca+2],-4.239611,-7.5031466
Fc1ccc(c(c1)F)c1ccc(c(c1)C(=O)O)O,-4.237221,-3.6191945
CN1CCN(CC1)C1Cc2ccccc2S(=O)c2c1cccc2.OC(=O)/C=C\C(=O)O,-4.232643,-4.8052406
CCC(=O)N1C2CCC1CN(C2)C/C(=C/c1ccccc1)/C,-4.2244225,-4.064783
OC(=O)C(=O)O.CCCOc1c(OC)cccc1C(=O)NCCCN(CC)CC,-4.2209544,-3.520285
CCC(=O)N1C2CCC1CN(C2)C/C=C/c1ccccc1[N+](=O)[O-],-4.2188706,-3.791061
OC(=O)C(=O)[O-].CCCCOc1c(OC)cccc1C(=O)NCCO/[NH+]=C(/CC)\C,-4.2182646,-3.9267747
CCN(CCNc1nc(NCCN(CC)CC)nc(n1)NCCN(CC)CC)CC.Cl.Cl.Cl,-4.1965504,-3.6889768
CN(CCCN1c2ccccc2CCc2c1cccc2)C,-4.19,-4.4310665
O=CN[C@H](C(Cl)(Cl)Cl)n1ccn(cc1)[C@H](C(Cl)(Cl)Cl)NC=O,-4.19,-3.3442616
BrCc1onc(c1)c1ccc(cc1)Cl,-4.189895,-4.76605
C[NH+](CCCC1(c2ccccc2)c2ccccc2N(C1=O)C)C.[Cl-],-4.185489,-3.903768
N#CC(=NNc1ccc(c(c1)Cl)Cl)C#N,-4.1853805,-4.304546
CC(NC(=O)c1cc(Br)cc(c1O)C)C,-4.1834006,-3.7618318
O=C(CCc1ccccc1)OCCCN1CCCCC1C,-4.178226,-3.4071186
CCC(=O)N1C2CCC1CN(C2)CC/C=C/c1ccccc1,-4.1781774,-3.9767718
OC(=O)C(c1ccc2c(c1)nc(o2)c1cccc(c1)C)C,-4.1727247,-4.151939
OC(=O)C(c1ccc2c(c1)nc(o2)c1ccc(cc1)[N+](=O)[O-])C,-4.166166,-4.143621
O=c1[nH]nc(c(n1)c1ccccc1)c1ccccc1,-4.1611466,-3.0331526
OC(=O)[C@@H]1N2C(=O)[C@H]([C@H]2SC1(C)C)NC(=O)c1c(C)onc1c1ccccc1,-4.158948,-3.8401039
Cc1cccc2c1[nH]cc2C1CCCN1Cc1ccccc1,-4.1555157,-4.4894595
COc1ccccc1N1CCN(CC1)CCC(=O)c1ccc(cc1)N1CCOCC1.Cl.Cl,-4.153249,-4.247765
O=C(c1cccnc1)OCC(COC(=O)c1cccnc1)(COC(=O)c1cccnc1)COC(=O)c1cccnc1,-4.1529794,-5.1920676
NC(=O)N1c2ccccc2CCc2c1cccc2,-4.1517963,-3.7320054
CCC(c1ccccc1)(C)C,-4.15,-3.6008623
CCN(CCOC(=O)C1(CCCC1)c1ccccc1)CC,-4.147028,-3.9282162
OC(C1CC2CC1C=C2)(c1ccccc1)CCN1CCCCC1.Cl,-4.141814,-4.35817
Cc1ccc(c2c1cccc2)C,-4.14,-4.502924
CCC(=O)OC1(CCN(CC1)C(CC)C)c1ccccc1.Cl,-4.136477,-3.5798986
CCC(=O)OC1(CCN(CC1)CC(C)C)c1ccccc1.Cl,-4.136477,-3.6308832
CC(=O)c1ccc2c(c1)nc(s2)c1ccccc1,-4.134155,-4.3711686
CN(CCC1(OC(c2c1cccc2)(C)C)c1ccccc1)C.Cl,-4.1335964,-3.9504344
C[NH2+]CCCN1c2ccccc2[NH2+]Cc2c1cccc2.[Cl-].[Cl-],-4.130451,-3.1502244
BrCCN(c1ccc(cc1)O)CCBr,-4.125425,-4.4683247
Cc1cc(ccc1N/N=C\1/C(=O)c2c(N)cc(cc2C=C1S(=O)(=O)[O-])S(=O)(=O)[O-])c1ccc(c(c1)C)N/N=C\1/C(=O)c2c(N)cc(cc2C=C1S(=O)(=O)[O-])S(=O)(=O)[O-].[Na+].[Na+].[Na+].[Na+],-4.1219926,-4.133905
CCOC(=O)N1C(OCC)C=Cc2c1cccc2,-4.1181326,-3.9636447
CCCCCCCSCCCCN1CCSC1.Cl,-4.1157165,-4.0227323
O=C1CN=C(c2c(N1)ccc(c2)Cl)c1ccccc1Cl,-4.11568,-4.2098374
Cc1ccc2c(c1)n(C(C)C)c(=O)nc2c1ccccc1,-4.1154046,-5.4660187
CCCN1CCc2c(C1)cccc2NC(=O)c1ccc(c(c1)OC)OC,-4.114986,-4.3304906
COc1c(OC)ccc2c1C(=O)O[C@@H]2[C@@H]1N(C)CCc2c1cc1OCOc1c2,-4.11,-3.4725223
CCSCSP(=S)(OCC)OCC,-4.11,-4.194518
Ic1ccc(nc1)OCCCCCN1CSCC1.Cl,-4.108563,-3.8871453
CCOc1ccc2c(c1)c(ccn2)[C@H]([C@@H]1C[C@@H]2CCN1C[C@@H]2CC)O.Cl.Cl,-4.1084967,-3.6156526
Nc1ccc2c(c1)cc1c(n2)cccc1,-4.09354,-3.7664225
Clc1ccc2c(c1)C(=Nc1c(O2)cccc1)N1CCNCC1,-4.088562,-3.8930857
Clc1ccc(nc1)SCCCCCCN1CSCC1.Cl,-4.0858245,-4.089186
CCC(=O)c1ccc(cc1)OCC(CC1CN=CC=C1c1ccccc1)O,-4.0847816,-4.103931
O=C1OCC(=C1)[C@H]1CC[C@]2([C@]1(C)[C@H](O)C[C@H]1[C@H]2CC[C@H]2[C@]1(C)CC[C@@H](C2)O[C@H]1C[C@H](O)[C@@H]([C@H](O1)C)O[C@H]1C[C@H](O)[C@@H]([C@H](O1)C)O[C@H]1C[C@H](O)[C@@H]([C@H](O1)C)O)O,-4.0810475,-4.7711
OC(=O)C(=O)[O-].CCCC/C=[NH+]/CCNC(=O)c1cccc(c1OCC)OC,-4.0705476,-3.7402127
C[C@H]1CCCC(=O)CCC/C=C/c2c(C(=O)O1)c(O)cc(c2)O,-4.0680428,-3.5107288
CCCCc1ccccc1,-4.06,-3.5422428
ClC(=C(c1cc(N)c(cc1S(=O)(=O)N)S(=O)(=O)N)Cl)Cl,-4.054303,-4.097249
COc1ccc2c(c1)[C@@]13CCCC[C@@H]3[C@H](C2)N(CC1)C.Br,-4.0513883,-3.4184585
CN(CCCOc1nn(c2c1cccc2)Cc1ccccc1)C,-4.047119,-3.6311662
COc1nnc(c(n1)c1ccccc1)c1ccccc1,-4.04024,-3.8093514
CCC(=O)OC1(CCN(CC1C)C)C1CCCCC1.Cl,-4.0402093,-3.4791923
COP(=S)(Oc1ccc(c(c1)C)[N+](=O)[O-])OC,-4.04,-3.895243
CCOC(=O)C1(CCN(CC1)CCc1ccc(cc1)N)c1ccccc1,-4.033116,-4.401811
Brc1cnc(c(c1)Br)OCCCCCNCCSS(=O)(=O)O,-4.0312624,-4.2030873
CCCC/C=N/CCOC(=O)c1cccc(c1OC)OC.Cl,-4.02832,-3.6088588
COc1c(O)c(Cl)c(c(c1Cl)Cl)Cl,-4.02,-4.2335615
CC[NH+](CCOC(=O)C=C(c1ccccc1)c1ccccc1)CC.[Cl-],-4.0108676,-5.0169926
OC(CN1CCN(CC1)c1ccc(c(c1)C)C)COc1ccccc1C(O)C.Cl.Cl,-4.0100226,-4.056421
CC[NH2+]C(c1ccc(cc1)OC)Cc1ccc(cc1)OC.[Cl-],-4.009336,-3.8897736
CC1=CC[C@@H](CC1)C(=C)C,-4.0,-4.44188
CC(=O)OCC(=O)[C@@]1(O)CC[C@@H]2[C@]1(C)CC(=O)[C@H]1[C@H]2CCC2=CC(=O)CC[C@]12C,-4.0,-4.1823153
C[NH2+]CCC[NH+]1Cc2ccccc2Nc2c1cccc2.[Cl-].[Cl-],-3.9952934,-3.0715714
CC(Cc1ccccc1)NCc1ccccc1Cl,-3.9929967,-4.302806
CN1CCCN(CC1)C(c1ccc(cc1)Cl)c1ccccc1,-3.9905274,-3.8377829
COc1ccc(cc1)S(=O)(=O)Nc1nnc(s1)CC(C)C,-3.9874713,-3.8041384
COc1ccc(cc1)C(=O)N1CC=Cc2c1cccc2,-3.9689121,-3.9653418
CCCNC(c1ccccc1)Cc1ccccc1.Cl,-3.9649546,-3.612856
ClCCN(Cc1ccccc1)CCOc1ccccc1.Cl,-3.964562,-3.7007036
O=c1n(C)c2ccccc2[nH]c2c1cccc2,-3.9633677,-4.1041017
c1cc2cccc3c2c(c1)C=C3,-3.96,-5.198125
OC(=O)C(=O)O.CNCCCC1(OC(c2c1cccc2)C)c1ccccc1,-3.9528801,-4.135955
CCC(Oc1ccc(cc1)C(=O)CCN1CCCCC1)C.Cl,-3.9519525,-3.7742598
O[C@H]1CC[C@]2([C@H](C1)CC[C@@H]1[C@@H]2C[C@@H](O)[C@]2([C@H]1CC[C@@H]2[C@H](CCC(=O)O)C)C)C,-3.95,-4.199085
O=C1Nc2ccc(cc2C(=N[C@@H]1O)c1ccccc1)Cl,-3.95,-3.157286
CCCCCCOC(=O)c1ccc(cc1)O,-3.9489682,-4.0353165
C[NH2+]CCCC1(OCCc2c1cccc2)c1ccccc1.[Cl-],-3.9483488,-4.3768888
ClCCN(c1cc(ccc1C)C(=O)NCC(=O)[O-])CCCl.[Na+],-3.9408677,-2.9004538
CCCN1CCC(C1)OC(=O)Nc1c(C)cccc1C,-3.9363565,-3.8580434
CCN1CCCC(C1)OC(=O)Nc1c(C)cccc1C,-3.9363565,-3.725135
CCCC[NH2+]CCOC(=O)c1cccc(c1OCCCC)OC.[Cl-],-3.9329216,-3.7862947
SCCNCCCCCOc1ncc(cc1Cl)Cl.Cl,-3.9312532,-3.8063781
COc1cc(ccc1OCc1ccccc1)Cc1cnc(nc1N)N,-3.9245725,-3.000683
BrCCN(c1ccc(cc1)S(=O)(=O)N)CCBr,-3.9081836,-4.465056
Nc1ccc(cc1C(=O)c1ccccc1)[N+](=O)[O-],-3.9042282,-3.2120726
C[C@H](N(C(=O)Nc1ccc(cc1)Cl)C)C#C,-3.9,-3.7574108
C[NH+](CCOC(c1ccc(cc1)C)c1ccc(cc1)C)C.[Cl-],-3.8996725,-3.9738219
CC(=O)C[C@H](c1c(=O)oc2c(c1O)cccc2)c1ccccc1,-3.89,-4.0123253
C1CSC(SC1)c1ccccc1,-3.888144,-3.723672
CC(N(C(C)C)CCC(c1ccccn1)(c1ccccc1)C(=O)N)C,-3.878765,-3.9108994
Clc1cc2NC(Cc3ccccc3)NS(=O)(=O)c2cc1S(=O)(=O)N,-3.8728309,-4.2797804
Clc1ccc2c(c1)C(=NC(C(=O)N2)[n+]1ccc(cc1)C(=O)N)c1ccccc1Cl.[Cl-],-3.8726947,-3.453621
CCOC(=O)c1c(C)ccc(c1OCC(=O)OCCN(C)C)C(C)C,-3.86371,-3.860712
CCC(=O)OC1(C(=O)NC(=O)NC1=O)C(c1ccccc1)C,-3.8631687,-3.1368191
CC1CCCCN1CCCCOC(=O)c1ccccc1,-3.8613122,-3.8430822
CCC(=O)C(c1ccccc1)(c1ccccc1)C[C@H]([NH+](C)C)C.[Cl-],-3.8532226,-4.411462
CCC(=O)C(c1ccccc1)(c1ccccc1)C[C@@H](N(C)C)C.Cl,-3.8532226,-3.9758453
O=C1c2ccccc2c2c1cccc2,-3.852477,-4.8772726
CCC[C@@H](C1(CC=C)C(=O)NC(=NC1=O)[S-])C.[Na+],-3.8503635,-3.3763483
CC1CCCCC1,-3.85,-3.5287845
O=C1OC(CN(C1=O)C1CCCCC1)c1ccccc1,-3.846741,-3.4495022
CCOC(=O)N1CC=Cc2c1cccc2,-3.8426285,-3.2415926
OCC(CN(C(=O)c1c(I)c(C(=O)N(CC(CO)O)C)c(c(c1I)NC(=O)C)I)C)O,-3.842482,-4.5292463
O=C(C(c1ccccc1)O)OC1CC2CCC(C1)[N+]2(C)Cc1ccc(cc1)Cl.[Br-],-3.840004,-2.6862764
CCCCOc1ccc(cc1)C(=O)OCCN(CC)CC,-3.84,-3.6046796
CCCCCOc1ccc(cc1Cl)CC(=O)NO,-3.8397627,-3.8443494
CCOC(=O)c1c(C)ccc(c1OCCN(C)C)C(C)C,-3.834002,-3.6092591
OC(=O)C(=C)CC(=O)c1ccc(cc1)c1ccccc1Cl,-3.8336513,-4.809699
CC(=O)OC(CN1CCN(CC1)c1ccccc1)COc1ccccc1C(=O)C.Cl.Cl,-3.8258278,-3.8729706
CCC1CCC(C21C(=O)[N-]C(=S)NC2=O)CC.[Na+],-3.8069508,-3.4559157
OCc1c(CSSCc2cnc(c(c2CO)O)C)cnc(c1O)C,-3.8016238,-2.5065417
C=CC[N+](CCOCCC1CCC2CC1C2(C)C)(CC)CC.[Br-],-3.7997365,-3.4043138
CCOCC(Oc1ccccc1)(OC(=O)CCC(=O)[O-])C.[Na+],-3.7826786,-1.9595728
NC1c2ccccc2C=Cc2c1cccc2,-3.77873,-4.1211243
ONC(=O)Cc1ccc(c(c1)Cl)OCCC(C)C,-3.7770994,-3.7189038
CCOC1=C(F)C(F)(F)C(C(C1(F)F)(F)F)(F)F,-3.7756157,-4.007356
Cc1ccc(cc1)C(C)C,-3.77,-3.863795
COC(=O)[C@@H](Cc1ccc(cc1)Cl)Cl,-3.77,-3.220621
O[C@H]1CC[C@]2([C@](C1)(O)CC[C@@H]1[C@@H]2CC[C@]2([C@]1(O)CC[C@@H]2c1ccc(=O)oc1)C)C,-3.7684753,-4.5324306
C[NH+](CCN(c1ccccn1)Cc1ccc(cc1)Br)C.[Cl-],-3.7649055,-1.3642132
Cc1ccc2c(c1)c(C)cc(n2)OCCCN1CSCC1,-3.758823,-3.6029131
C1CN1P1(=NP(=NP(=N1)(N1CC1)N1CC1)(N1CC1)N1CC1)N1CC1,-3.7543995,-0.87022054
O=C1OCCN1/N=C/c1ccc(o1)[N+](=O)[O-],-3.7504313,-2.9827592
Oc1ccc2c(c1)[nH]c1c2cccc1,-3.7484014,-3.1898127
N/C(=N\CCCC1CCCCC1)/CSS(=O)(=O)O,-3.7463453,-3.7337759
N/C(=N\CC1CCCCCCC1)/CSS(=O)(=O)O,-3.7463453,-3.7003284
CCCC(C)C,-3.74,-2.9056022
Nc1ccc(cc1)S(=O)(=O)Nc1nnc(s1)C(C)(C)C,-3.74,-3.5664752
Brc1ccc(nc1)OCCCCCCCNCCSS(=O)(=O)O,-3.7398264,-3.5765498
CCCCC1C(=O)N(N(C1=O)c1ccc(cc1)O)c1ccccc1,-3.7329028,-4.0181465
Clc1ccc(c(c1)Cl)C1(OC1(Cl)Cl)C(=O)N,-3.7302976,-4.178448
[O-]C(=O)c1ccc(cc1)NS(=O)(=O)Cc1ccccc1.[Na+],-3.728067,-2.932625
OC(CN1CCN(CC1)c1ccc(c(c1)C)C)COc1cccc(c1)C(=O)C,-3.7271168,-3.646561
CC[NH+](CC(C1(c2ccccc2)C(=O)Oc2c1cccc2)C)CC.[Cl-],-3.7230275,-4.471419
CC[NH+](C(CC1(c2ccccc2)C(=O)Oc2c1cccc2)C)CC.[Cl-],-3.7230275,-4.495621
OC(=O)C(=O)[O-].CC[NH+]1CCCC(C1)OC(=O)Nc1ccccc1Cl,-3.7183888,-3.6056216
Brc1ccc2c(c1)c(nc(=O)[nH]2)c1ccccc1,-3.7106528,-4.315717
CNCCC(c1ccccc1)Oc1ccc(cc1)C(F)(F)F,-3.7101076,-4.231811
CCC(c1ccc(cc1)CC(C)C)C(=O)O,-3.7099738,-3.7759898
Cl/N=C/1\C=C(Br)C(=O)C(=C1)Br,-3.7067962,-3.642607
OC(=O)C(=O)O.CCOc1c(OC)cccc1C(=O)NCCCN(CC)CC,-3.7044055,-3.1715589
C=CCN(c1c(C)n(c2ccccc2)c(=O)n(c1=O)C)CC=C,-3.700206,-3.0835853
CCCCOc1nc2ccccc2c(c1)C(=O)NCCN(CC)CC,-3.7,-4.919668
Nc1ccc(cc1)S(=O)(=O)Nc1cnccn1,-3.7,-2.4004269
OC(=O)C(=O)[O-].CCCOc1c(OC)cccc1C(=O)NCCO/[NH+]=C(/CC)\C,-3.69996,-3.5725896
O=C1CC[C@]2(C(=C1)CC[C@@H]1[C@]2(F)[C@@H](O)C[C@]2([C@H]1CC[C@]2(C)O)C)C,-3.6979346,-4.321942
CCCNC(=O)OCC(COC(=O)N)(CCCC)C,-3.6963832,-3.6623156
CCCCCCOc1ccc(cc1)N,-3.6962597,-4.006365
CCC(=O)N(c1ccccc1)CC(N(CCc1ccccc1)C)C,-3.6944005,-4.4184084
CCOC(=O)C(Br)(Br)Br,-3.693514,-3.6743414
CCCCOc1c(OC)cccc1C(=O)OCC[NH+](CC)CC.[Cl-],-3.6934435,-3.2792764
OCC(=O)[C@@]1(O)[C@H](O)C[C@@H]2[C@]1(C)C[C@@H](O)[C@]1([C@H]2CCC2=CC(=O)C=C[C@]12C)F,-3.69,-3.2852523
CO/N=C(/c1ccco1)\C(=O)N[C@@H]1C(=O)N2[C@@H]1SCC(=C2C(=O)OC(OC(=O)C)C)COC(=O)N,-3.6802163,-3.344051
CCC(CC)C,-3.68,-2.944046
NC(=O)CCCN/C(=C\1/C=C(F)C=CC1=O)/c1ccc(cc1)Cl,-3.6744132,-3.8606107
O=C1C[C@@H]2OCC=C3[C@H]4[C@@H]2[C@@H]2N1c1ccccc1[C@]12CCN([C@H]1C4)C3.[O-][N+](=O)O,-3.6717887,-3.690955
Clc1ccc2c(c1)nccc2OCCCCCNCCSS(=O)(=O)O,-3.6708598,-4.0148306
COc1ccc2c(c1CN(C)C)oc(c(c2=O)C)c1ccccc1,-3.667432,-4.3396735
CCC(C1CCCC(C1)C)CNC(CSS(=O)(=O)O)C,-3.6654105,-3.3308265
CCn1cc(C(=O)O)c(=O)c2c1nc(nc2)N1CCCC1,-3.6641142,-2.7649357
O=C(c1ccc(cc1)F)CCCN1CCC(CC1)(N1CCCCC1)C(=O)N,-3.6626399,-3.6085222
CCCCCOc1cc(/C=C/C(=O)NO)ccc1OC,-3.6622233,-3.6619318
Fc1ccc(cc1)[C@@H]1CCNC[C@H]1COc1ccc2c(c1)OCO2.Cl,-3.6607313,-3.574476
CCOC(=O)C(c1c(=O)oc2c(c1O)cccc2)c1c(=O)oc2c(c1O)cccc2,-3.66,-4.8433537
CCOP(=S)(Oc1nn(c(n1)Cl)C(C)C)OCC,-3.66,-3.4315212
O=C(Cc1ccccc1)OCCCN1CCCCC1C,-3.6574788,-3.1693175
O=C(c1ccc(c(c1)I)F)OCCC[NH+]1CCOCC1.[Cl-],-3.65677,-3.0188465
SCCNCCCCCCOc1ccc(cn1)Cl.Cl,-3.6555445,-3.6128762
CCN(CCOC(=O)C1(CCCC1)c1ccccc1)CC.Cl,-3.6545165,-3.734337
NNc1c2ccccc2nc2c1cccc2,-3.6476488,-3.2022586
O=P(c1ccccc1)(c1ccccc1)c1ccccc1,-3.6468163,-4.314728
OC(=O)Cc1ccc2c(c1)nc(s2)c1ccccc1,-3.6463618,-4.0114694
CN1CCCC(C1)OC(=O)Nc1c(C)cccc1Cl,-3.6459293,-3.6187208
CCC(C1(CC)C(=O)NC(=S)NC1=O)C,-3.6368792,-2.7476509
CC(c1ccc2c(c1)nc(o2)c1ccc(cc1)C(=O)C)C(=O)O,-3.6367111,-4.1097817
CCOC(=S)c1ccc(cc1)Cl,-3.6331873,-3.3626997
OC[C@H]1O[C@@H](Oc2cc3CC[C@@H](c4c(c3c(c2OC)OC)ccc(c(=O)c4)SC)NC(=O)C)[C@@H]([C@H]([C@@H]1O)O)O,-3.630411,-3.4346216
COc1ccc(cc1)C(=O)OCCCN1CCCCC1C,-3.6275194,-3.4532876
O=C1C=C[C@]2(C(=C1)CC[C@@H]1[C@]2(F)[C@@H](O)C[C@]2([C@H]1C[C@H]([C@]2(O)C(=O)COC(=O)c1cccc(c1)S(=O)(=O)[O-])C)C)C.[Na+],-3.6187844,-5.239328
CCN(CCOC(=O)CC(c1ccccc1)(c1ccccc1)O)CC.Cl,-3.615018,-3.5911767
COc1ccc(cc1)C1CCC2N(C1)CCCC2.Cl,-3.6117587,-2.8026655
CCN1CCCC(C1)OC(=O)C(c1ccccc1)(C1CCCC1)O,-3.6060827,-3.8560948
CCCCCCCSCCCN1CCSC1.Cl,-3.5961876,-3.6282308
FCCCCCCCC#C,-3.5954442,-3.579352
N#CC(c1ccccc1)CC(=O)c1ccccc1,-3.5912788,-3.3320115
CC(=O)C1C(=O)C=C2C(C1=O)(C)c1c(O)c(C)c(c(c1O2)C(=O)C)O,-3.590214,-3.578171
Clc1ccc(c(c1)Cl)Cl,-3.59,-3.794462
O=S1(=O)N[C@@H](Cc2ccccc2)Nc2c1cc(c(c2)C(F)(F)F)S(=O)(=O)N,-3.59,-4.373451
Nc1ccc(cc1)S(=O)(=O)N(c1onc(c1C)C)C(=O)C,-3.59,-3.3312747
CCCC[C@H](/C=C(/C=C/C=C/C(=O)N1CCCC1=O)\C)O,-3.5842342,-3.4272485
CCC(=O)OC1(CCN(CC1)C)C1CCCCC1.Cl,-3.5842173,-3.095137
CC(=O)Nc1ccc(cc1)S(=O)(=O)c1ccc(cc1)NC(=O)C,-3.576257,-2.9487343
CCCc1cc(Cl)ccc1OCC(CO)O,-3.5757473,-3.3190725
Cc1ccc(cc1)/C(=C\CN1CCCC1)/c1ccccn1,-3.570418,-3.2834902
CCC(=O)c1ccc(cc1)OCC(CN1CCN(C(C1)C)c1ccccc1)O,-3.5697987,-3.4408965
OCC(COc1c(Cl)cc(cc1Cl)Cl)O,-3.5657423,-2.9536974
CN1CCN(CC1)C(c1ccc(cc1)Cl)c1ccccc1.Cl.Cl,-3.5639763,-3.623117
CCCNCC(COc1ccccc1C(=O)CCc1ccccc1)O,-3.5635397,-3.4438055
CN(CCOC(c1ccc(cc1)Cl)c1ccccc1)C.Cl,-3.560289,-3.5660381
CN(C(c1ccc(cc1)Oc1ccccc1)C)C,-3.5571923,-3.8270462
COc1c(OC)cc2c(c1OC)c1ccc(cc1[C@H](CC2)NC(=O)C)O,-3.5531619,-3.511555
CC([N+](C(C)C)(CCC(c1ccccc1)(c1ccccc1)C(=O)N)C)C.[I-],-3.547138,-3.6445658
CCC1CC[Si](CC21C(=O)NC(=O)NC2=O)(C)C,-3.5456698,-3.6769385
CCOC(=O)C(Oc1ccc(cc1)Cl)(C)C,-3.5454643,-3.5338025
Brc1cccc(c1)Br,-3.54,-4.128126
O=C(N[C@@H]1C(=O)N2[C@@H]1SC([C@@H]2C(=O)O)(C)C)COc1ccccc1,-3.5397992,-2.4217045
O=CN(/C(=C(\SC(=O)c1ccccc1)/CCOP(=O)(O)O)/C)Cc1cnc(nc1N)C,-3.5391142,-3.3124535
Brc1ccc(nc1)OCCCCCN1CSCC1.Cl,-3.5361452,-3.1907628
Brc1cccc(n1)OCCCCCN1CSCC1.Cl,-3.5361452,-3.4585264
O[C@H]([C@H](C(=O)O)O)C(=O)O.CC(=O)Oc1ccc2c(c1)[C@]13CCCC[C@H]3[C@@H](C2)N(CC1)C,-3.528878,-3.3802345
C=CCNC(=O)/C(=C(\c1ccccc1)/C)/C,-3.5282154,-3.1298776
Clc1ccc(nc1)OCCCCCCN1CSCC1.Cl,-3.5280201,-3.436367
Nc1oc2c(n1)cc(c(c2)Br)Cl,-3.527837,-3.396393
OCC[N+]1(CCOCC1)C1N=C(c2c(NC1=O)ccc(c2)Cl)c1ccccc1Cl.[Cl-],-3.5174773,-3.4699867
c1ccc(cc1)Nc1ccccc1,-3.51,-3.6359298
CNCCCC12CC3CC(C2)CC(C1)C3.Cl,-3.505683,-3.6621845
Clc1ccc2c(c1)C(=NC(C(=O)N2C)[n+]1ccc(cc1)C(=O)N)c1ccccc1.[Cl-],-3.5048666,-3.2246168
c1ccc(cc1)CCNCC1CCc2c(N1)cccc2,-3.498658,-3.4030755
CC1=NN(C(=O)C1)CCOc1ccc2c(c1)cccc2,-3.4972904,-4.30725
ClCCN(C(=O)NC1CCCCC1Cl)N=O,-3.4874933,-3.9602406
CCCCCCCCN1CCCC1=O,-3.4856157,-3.1426976
O=C(C(c1ccccc1)CN1CCCC1)c1cccs1.Cl,-3.4823651,-3.489228
CCOC(=O)/C=C/c1ccc(cc1)[N+](=O)[O-],-3.4808912,-3.159376
CCCCCCCC1(C)OC(=O)[N-]C1=O.[Na+],-3.470088,-3.4387608
Nc1ccc2c(c1)cc1c(n2)ccc(c1)[NH3+].[Cl-],-3.4697778,-2.3827152
O=C(N1CCCCC1)/C=C/C=C/c1ccc2c(c1)OCO2,-3.46,-3.589148
O=C(N(C)C)Nc1ccc(c(c1)Cl)C,-3.46,-3.3867548
C=CCc1cc(Cl)ccc1OCC(CO)O,-3.4450498,-2.9353456
CC[N+](CCn1c2ccccc2n(c(=O)c2c1cccc2)C)(CC)C.[I-],-3.4424975,-4.3308372
CCC[C@H](C1(CC)C(=O)[N-]C(=S)NC1=O)C.[Na+],-3.4398572,-3.2898884
COc1ccccc1N1CCN(CC1)CCCC(=O)c1ccc(cc1)F,-3.439718,-3.9136693
CCN(CCn1cc(c2c1cccc2)C1CCCN1C)CC.Cl.Cl,-3.4374452,-3.9294608
CCCCC(COC(=O)N)(COC(=O)NNC(C)C)C,-3.4320788,-2.8438454
CC(=O)Nc1ccc(cc1)/C=N/NC(=S)N,-3.4289682,-2.6201563
O=Cc1cc(Br)cc(c1O)Br,-3.4217203,-3.2252839
ClCCN(C(=O)N[C@H]1[C@@H](OC(=O)C)O[C@@H]([C@H]([C@@H]1OC(=O)C)OC(=O)C)C)N=O,-3.416578,-2.7602723
CN1CCCC(C1)OC(=O)Nc1c(C)cccc1C,-3.4145646,-3.3140914
CN(C1CN(C(=O)C1)c1ccccc1)CCc1ccccc1,-3.408237,-3.5226068
CCCC(C1(CC)C(=O)NC(=S)NC1=O)C,-3.4021032,-3.145081
Oc1ccc(cc1)Cc1ccccc1,-3.4008682,-3.010926
CN[C@@H]1CC[C@H](c2c1cccc2)c1ccccc1.Cl,-3.4000132,-3.6106288
Cc1cc(C)cc(c1)C,-3.4,-3.5417283
CCN(C(=O)SCC)C1CCCCC1,-3.4,-3.9160774
CCN1CCCC(C1)OC(=O)C(c1ccccc1)(c1ccccc1)O,-3.3972178,-3.6718125
O=C1NCC(O1)COc1cc(C)cc(c1)C,-3.387192,-2.4711454
c1ccc(cc1)c1nc2c([nH]1)cccc2,-3.3850248,-3.4124377
CC[C@H](c1cc(cc(c1O)[N+](=O)[O-])[N+](=O)[O-])C,-3.38,-3.1580746
CCOC(=O)c1ncn2c1CN(C)C(=O)c1c2ccc(c1)F,-3.3760116,-2.9641342
CC(=O)OC(COc1ccccc1C)COC(=O)C,-3.3722813,-2.525734
CC[NH+](CCOC(=O)c1cccc2c1cccc2)CC.[Cl-],-3.3710227,-4.459867
CCOC(=O)C[C@@H](C(=O)OCC)SP(=S)(OC)OC,-3.37,-2.4443088
Clc1cc(Cl)c(c(c1Cl)O)Cl,-3.37,-3.5947106
CCN1CCCC(C1)OC(=O)Nc1cccc(c1)C,-3.3658075,-3.2587454
CCN1CCCC(C1)OC(=O)Nc1ccccc1C,-3.3658075,-3.2562926
Clc1ccc(cc1)SCC/N=C(/CSS(=O)(=O)O)\N,-3.362308,-3.8498333
CCCCN(C(=O)SCCC)CC,-3.35,-3.3124347
CCOP(=S)(N1C(=O)c2c(C1=O)cccc2)OCC,-3.35,-3.969714
O=c1[nH]c2c3c1cccc3ccc2,-3.3492608,-3.2933736
CCN(C(C(=O)Nc1c(C)cccc1C)C)CC,-3.3435607,-3.2504978
COC(=O)c1c(C)ccc(c1OCC(=O)OCCN(C)C)C(C)C,-3.3434741,-3.5723627
OC(=O)C(CC(=O)O)(CC(=O)O)O.CCOC(=O)C1(CCCN(CC1)C)c1ccccc1,-3.3426986,-3.2405927
CCCc1cccc(c1OCC(CO)O)C,-3.3422291,-3.1285403
Oc1ccc(cc1)/C=C/C(=O)c1ccccc1O,-3.3392851,-3.359038
OCC(COc1ccccc1C(=O)NC1CCCCC1)O,-3.3370717,-2.6234374
C1CCN2C(C1)CCC(C2)c1ccccc1.Cl,-3.3328664,-2.4190893
CC(CC1(OC(=O)[N-]C1=O)c1ccccc1)C.[Na+],-3.331417,-3.0963476
N#Cc1cc(Br)c(c(c1)Br)O,-3.33,-3.472061
COc1cccc(c1)NC(=O)CN1CCCCC1,-3.3260946,-2.5206275
COc1cc(/C=C/C(=O)CCN2CCN(CC2)c2ccccn2)cc(c1OC)OC.Cl.Cl,-3.3253849,-4.005013
CCCCCCCCNCCCNCCSP(=O)(O)O.CCCCCCCCNCCCNCCSP(=O)(O)O.O.O.O,-3.3243237,-4.4727697
CCN(CC#CCOC(=O)C(c1ccccc1)(C1CCCCC1)O)CC.Cl,-3.323834,-4.499178
ClCCN(C(=O)NC1CCCCC1)N=O,-3.3221562,-3.3783555
COc1ccc(cc1)C1CCN(C1=O)N1CCCCC1.Cl,-3.3193254,-2.2166824
Ic1cc(I)c(c(c1)C(=O)O)O,-3.31,-4.411836
Clc1ccc(cc1)C(=O)Nc1ncccc1C,-3.3057988,-3.5865839
Ic1ccc2c(c1)nc(o2)N,-3.3044405,-3.1357918
CCCCCCCCCCCCN(C)C.Cl,-3.3042872,-4.2696414
CCCCCCCCOC(=O)N,-3.3,-2.85083
CCCCc1cccc(c1)OCC(CO)O,-3.2977507,-3.01373
ClCCC(=O)NCc1ccccc1,-3.2959232,-2.401023
CC(c1ccc(c(c1O)C(=O)O)C)C,-3.2883162,-2.967381
COc1ccc(nn1)NS(=O)(=O)c1ccc(cc1)N,-3.28,-2.5054173
CCCCNC(=O)OCC(CCC)(CO)C,-3.2778833,-3.5070755
CC(OC(=O)c1ccccc1)CN1CCCCC1C,-3.2773683,-3.1159909
SC/C(=N\CCCC12CC3CC(C2)CC(C1)C3)/N.Cl,-3.2771864,-3.4310806
Ic1ccc(nc1)OCCCCCNCCSS(=O)(=O)O,-3.2767324,-3.1855385
Oc1cccc(c1)C(C1CCCCN1C)c1ccccc1.Cl,-3.2717829,-3.2960184
CC1=CCCCC1,-3.27,-2.8639777
CC(=O)CCC1C(=O)N(N(C1=O)c1ccccc1)c1ccccc1,-3.27,-3.513713
C[NH2+]CC=C(c1cccc(c1)F)c1cccc(c1)F.[Cl-],-3.2695394,-3.4701574
C/C(=C\C(=O)O)/C1CCCCC1,-3.265924,-2.6060894
Clc1ccc2c(c1)C(=NC(C(=O)N2C)O)c1ccccc1,-3.2636151,-3.2929637
CCCN(CCC)CCOCCCOC(=O)c1ccc(cc1)N,-3.2629483,-3.265782
CCC(C(c1ccccc1)(C(=O)N)CCN(C)C)C,-3.2605963,-2.95706
CCCCCOC(=O)c1ccc(cc1)N,-3.26,-3.0587378
OC(=O)/C=C/c1ccc(c(c1)Cl)Cl,-3.2573686,-3.2319942
CN(CC=C(c1ccccc1)c1ccc(cc1)F)C.Cl,-3.2528887,-3.4843695
CC(=O)Nc1ccc(cc1)I,-3.25,-3.1164947
COC1=CC(=O)C[C@H]([C@@]21Oc1c(C2=O)c(OC)cc(c1Cl)OC)C	,-3.25,-3.4878612
CC1N(C)C(=N)SC1c1ccccc1.SC#N,-3.2477982,-2.9686248
Nc1ccc(c(c1)Cl)Cl,-3.24,-2.5994585
CC(=O)Nc1cc(NS(=O)(=O)C(F)(F)F)c(cc1C)C,-3.24,-3.9358468
CCNc1nc(OC)nc(n1)NC(C)(C)C,-3.24,-3.104777
OCC(=O)[C@H]1CC[C@@H]2[C@]1(C)C[C@H](O)[C@H]1[C@H]2CCC2=CC(=O)CC[C@]12C	,-3.24,-3.664479
Cc1n(C)c(=O)n(c(=O)c1Br)C1CCCC1,-3.2380114,-2.8878596
NC(=O)C(c1cccc2c1cccc2)(CCN1CCOCC1)CCN1CCOCC1,-3.2360206,-3.9715326
CCC(C(c1ccccc1)(C(=O)N)CCN1CCOCC1)C,-3.23552,-2.926562
OCC(COc1cccc2c1CCCC2)O,-3.2329648,-2.4875045
CCOC(=O)c1c(C)ccc(c1OCC(CNCC#C)O)C(C)C,-3.230746,-3.1390326
O=C1C=CC=CC1=c1sc2c([nH]1)cccc2,-3.2271955,-3.6519804
CN(C/C=C(\c1cccnc1)/c1ccc(cc1)Br)C,-3.2185256,-3.205891
CCCC(COC(=O)NCC(C)C)(CO)C,-3.215024,-3.2093914
C=CCc1cc(C)ccc1OCC(CO)O,-3.2133694,-2.514261
CCc1ccccc1C,-3.21,-3.3504927
OCC(=O)[C@@]1(O)CC[C@@H]2[C@]1(C)C[C@@H](O)[C@H]1[C@H]2CCC2=CC(=O)C=C[C@]12C,-3.21,-3.413531
Clc1ccc2c(c1)N(C(=O)CC(=O)N2C)c1ccccc1,-3.2038052,-3.8818257
CCCC(COC(=O)NCC(=C)C)(CO)C,-3.196089,-3.0946038
CC(C(c1ccccc1)(C#N)CC(N(C)C)C)C,-3.1921697,-2.8427866
Cc1ccnc2c1[nH]c(=O)c1c(n2C2CC2)nccc1,-3.19,-3.8915155
NC(=O)C(c1ccccc1)(CCN1CCOCC1)CCN1CCOCC1,-3.1778803,-2.486944
CCCCC(COC(=O)N)(COC(=O)NC)CC,-3.1749816,-3.206949
CCOC(=O)CCn1c(=N)oc2c1cccc2,-3.1737893,-1.7558019
CCCOc1c(OC)cccc1C(=O)OCC[NH+](CC)CC.[Cl-],-3.1734173,-2.8675535
O=C1NC(=O)NC(=O)C21CCCCCC2,-3.17,-2.4170315
COc1cc(OCCCCCNCCSS(=O)(=O)O)nc2c1cccc2,-3.157007,-3.2172682
CN1C2CCC1CC(C2)Oc1ccc(cc1)Cl.Cl,-3.156516,-3.246159
C=CCOc1ccccc1C(=O)N(CC)CC,-3.1557477,-2.8427918
COc1ccc(cc1OC)CCNCc1ccc2c(n1)cccc2.Cl.Cl,-3.151349,-4.084218
Clc1c(O)cc(c(c1Cl)Cl)Cl,-3.15,-3.9159946
CN(CCn1nnnc1SCC1=C(C(=O)O)N2[C@H](SC1)[C@@H](C2=O)NC(=O)Cc1csc(n1)N)C,-3.1488473,-1.6389349
O=Cc1csc(n1)c1ccc(s1)[N+](=O)[O-],-3.147669,-3.2529204
Cc1ccc(cc1C)[NH2+]C(=O)c1ccncc1.[Cl-],-3.1407676,-2.236941
SCCNCCCCCOc1ccc(cn1)Cl.Cl,-3.1371045,-3.0864525
S=C=NCc1ccccc1,-3.1363742,-3.1720786
CC1Oc2ccc(cc2N(C1=O)CC[NH+]1CCCC1)Cl.[Cl-],-3.1363235,-3.8928478
CCCC(C(=O)Nc1ncccn1)CCC,-3.1301453,-3.216543
C=CCOC(=O)c1ccccc1C(=O)OCC=C,-3.13,-2.5933268
Cc1ccc(cc1)SCC/N=C(/CSS(=O)(=O)O)\N,-3.1291697,-3.3738072
CCCC(C1(CC)C(=O)N(C)C(=O)N(C1=O)C)C,-3.1289358,-2.9062083
CCCCN(CCCC)CCCC,-3.12,-4.5963383
O=C(c1ccccc1)c1ccccc1,-3.12,-3.0595376
CCCNC(=O)OCC(C(C)C)(COC(=O)N)C,-3.112335,-3.1216996
COc1cc(cc(c1OC)OC)C(=O)N(C(C)C)C(C)C,-3.1105442,-3.2304554
OC(CN1CCCCC1)COc1cccc2c1cccc2.Cl,-3.1097066,-3.3014448
COC/C=C/1\CN2[C@@H]3[C@@H]4[C@@H]1CC2C1(C3)C(=Nc2c1c(OC)c(OC)cc2OC)OC4,-3.1075532,-3.3232615
CCC1CN(C)CCC1(OC(=O)C)c1ccccc1.Cl,-3.0973814,-2.6138048
O[C@@H]1CC[C@@H](O)[C@H](O)C[C@H](O)C[C@]2(O)C[C@H](O)[C@H]([C@@H](O2)C[C@H](/C=C/C=C/C=C/C=C/C=C/C=C/C=C/[C@@H]([C@H]([C@H]([C@@H](OC(=O)C[C@@H](C1)O)C)C)O)C)O[C@@H]1O[C@H](C)[C@H]([C@@H]([C@@H]1O)N)O)C(=O)O,-3.0906534,-4.1396165
C[C@H]1C(=O)O[C@@H]2[C@@H]1CC[C@]1(C2=C(C)C(=O)C=C1)C,-3.09,-3.3713963
CCCCOC(=O)c1ccc(cc1)N,-3.08,-2.6904817
Cc1c2OC(C)(CCc2c(c(c1C)O)C)C(=O)O,-3.078304,-2.760039
N#Cc1cc([N+](=O)[O-])c(c(c1)[N+](=O)[O-])Cl,-3.0692942,-3.6867034
CCN(C(=O)C1C2C=CC(C1C(=O)N(CC)CC)C2)CC,-3.0680716,-3.867115
OC(=O)Cc1ccc(n1C)C(=O)c1ccc(cc1)C,-3.0646555,-2.3448415
CN1CC2CC1N(CC2)C(=O)/C=C/c1ccc(s1)[N+](=O)[O-],-3.0644128,-2.494782
CN1CCC2CC1N(C2)C(=O)/C=C/c1ccc(s1)[N+](=O)[O-],-3.0644128,-2.4993389
Cc1ccc(c(c1)Cl)C1(OC1Cl)C(=O)N,-3.0586503,-2.9643133
Clc1ccc(nc1)OCCCCCN1CSCC1.Cl.Cl,-3.0549223,-3.1947606
CCCCCCOc1ccccc1C(=O)N,-3.0547242,-3.3343801
CCOc1ccc(cc1Cl)/C=C/C(=O)NO,-3.0528107,-3.0092561
CC(C(COC(=O)N)(COC(=O)NC(C)C)C)C,-3.0500429,-3.049413
O=C(c1ccncc1)N/N=C/C=C/c1ccccc1,-3.047991,-3.3175762
COc1ccc2c(c1)[C@]13CCCC[C@H]3[C@@H](C2O)N(CC1)C.Cl,-3.0479608,-2.5337892
CC(=O)O[C@@H]1[C@H](OC(=O)C)[C@H](O[C@H]1n1ncc(=O)[nH]c1=O)COC(=O)C,-3.046241,-2.0645442
CCCC(C1(CC)C(=O)NC(=O)N(C1=O)C)C,-3.0457027,-2.728262
Nc1nnc(c(n1)c1ccccc1)c1ccccc1,-3.0447094,-3.1960645
FCCCCCCSC#N,-3.0431147,-3.1939714
C=CCNC(=O)OCC(COC(=O)N)(CC)CC,-3.0429387,-3.0190837
CCC(C(COC(=O)N)(COC(=O)N(C)C)C)C,-3.042619,-2.809245
CCNc1nc(NC(C)C)nc(n1)SC,-3.04,-3.3437645
Cc1cc(C)c(c(c1C)C(=O)O)C,-3.0334992,-3.1110003
OC(=O)CNC(=O)c1cccc(c1)I,-3.0304713,-3.0197098
CS(=O)(=O)c1ccc(cc1)c1nc2n(c1)cccc2.Cl,-3.0302567,-2.4844635
CCCC(=C)C,-3.03,-2.7416928
O=C(Nc1ncco1)Nc1ccc(cc1)Cl,-3.02762,-3.2867
CC(N(C(C)C)CC(=O)N/N=C/c1ccc(o1)[N+](=O)[O-])C,-3.0246131,-3.1585712
Oc1ccc(cc1)C(=O)OCCCN1CCCCC1C,-3.0198042,-3.2273986
CC[NH+](CCN1C(=O)C(C)Oc2c1cc(C)cc2)CC.[Cl-],-3.0196483,-3.5348794
ClCCN(C(=O)N[C@@H]1CCCC[C@@H]1OC(=O)C)N=O,-3.0187576,-3.0161605
Clc1ccc2c(c1)CN(OC2)CCc1cc[nH+]cc1.[Cl-],-3.0159266,-2.9557908
COc1nc2c(o1)ccc(c2)Cl,-3.0158782,-2.7036712
CCCCC(COC(=O)NNC(C)C)(CO)C,-3.0149775,-2.3768244
CCC(=O)N1Cc2cc(Cl)ccc2CO1,-3.0130336,-2.9984386
CCCCCCCCCO,-3.01,-2.5712676
Cn1cnc(c1Sc1ncnc2c1[nH]cn2)[N+](=O)[O-],-3.0078428,-2.189324
CCN(CCC1(CCC(=O)NC1=O)c1ccccc1)CC.Cl,-2.999798,-2.7441282
OC(=O)/C=C/c1cccc(c1)[N+](=O)[O-],-2.998111,-2.5105922
[O-][N+](=O)c1ccc(o1)c1nnc(s1)N,-2.9942722,-1.4628254
Clc1ccc(cc1)Nc1ncnc(n1)N,-2.985449,-3.0288513
OCCOCCN1CCN(CC1)C(c1ccc(cc1)Cl)c1ccccc1.Cl,-2.9827857,-3.2078574
CCn1cc(C(=O)O)c(=O)c2c1nc(nc2)N1CCNCC1,-2.98,-0.5458496
CN(C(=O)C(c1ccccc1)c1ccccc1)C,-2.98,-2.972121
OC(=O)C(=O)[O-].CC[NH+]1CCC(C1)OC(=O)Nc1ccccc1C,-2.9791505,-3.4186077
CCOc1ccc(cc1)C(=O)CCN1CCCCC1.Cl,-2.9770286,-2.9267385
OCC(=O)[C@@]1(O)CC[C@@H]2[C@]1(C)C[C@@H](O)[C@H]1[C@H]2CCC2=CC(=O)CC[C@]12C,-2.97,-3.4140573
CN1CCN(CC1)CC(=O)N/N=C/c1ccc(o1)[N+](=O)[O-],-2.9683814,-2.6352243
Cc1ccc2c(c1)c(C)cc(n2)OCCCNCCSS(=O)(=O)O,-2.9656227,-3.0068777
O=c1[nH]c2c([nH]1)[nH]cnc2=O,-2.95945,-0.9689922
CCN(CCC1(CCC(=O)NC1=O)c1ccccc1)CC,-2.9563272,-2.9314244
OC[C@H]1O[C@@H](Oc2cc3CC[C@@H](c4c(c3c(c2OC)OC)ccc(c(=O)c4)OC)NC(=O)C)[C@@H]([C@H]([C@@H]1O)O)O,-2.9552407,-2.7101722
CN(CC=C(c1ccccc1)c1ccccc1)C.Cl,-2.9545662,-2.9804733
O=C1[N-]C(=O)C(C(=O)N1)(c1ccccc1)c1ccccc1.[Na+],-2.951471,-3.2491212
COc1cccc(c1)N1CCN(CC1)CC(COc1ccccc1C(=O)C)O.Cl.Cl,-2.9510186,-3.2210853
CCCCN1C(=NC(=O)C(C1=O)(CC)CC)[O-].[Na+],-2.946017,-2.7773287
CCCOc1ccc(cc1N)C(=O)OCCN(CC)CC,-2.9431086,-3.094776
CN1CCc2c(C1)cccc2NC(=O)c1ccccc1,-2.9383044,-3.683983
O=C(Cc1ccc(cc1)C)OC1C[C@@H]2CC[C@H](C1)N2C.Cl,-2.9360347,-2.7783823
C/C(=C\c1ccccc1)/[N+](=O)[O-],-2.9339027,-2.5034676
O=C(NC(C)(C)C)Oc1cccc(c1)NC(=O)N(C)C,-2.93,-3.4654229
CC(NC12CC3CC(C2)CC(C1)C3)C.Cl,-2.926766,-3.5967758
Cc1nc2ccccc2c(=O)n1c1ccccc1C,-2.92,-3.4904842
CCOC(=O)c1cc(=O)c2c(o1)ccc(c2)[N+](=O)[O-],-2.9192348,-3.206816
O=C1NC(=O)NC(=O)C1(c1ccccc1)c1ccccc1,-2.9182947,-3.131855
CCNc1nc(CC)nc(n1)OC,-2.9142597,-2.6353862
O=C1C(CCN1c1ccc(cc1)C)N1CCCC1,-2.907984,-2.9616864
Oc1ccc2c(c1)c(N)c1c(n2)cccc1,-2.9060667,-3.15788
Oc1cccc2c1nc1ccccc1c2N,-2.9060667,-3.1619494
Cc1ccc2c(c1)c(nc(=O)[nH]2)c1ccccc1,-2.905364,-3.5482075
N[C@@H]1CC[C@@H](c2c1cccc2)c1ccccc1.Cl,-2.9027174,-3.5504508
Clc1ccc2c(c1)n(C)c(=N)o2,-2.901682,-2.0623622
OCCN1CCN(CC1)CCSC(=O)N1c2ccccc2Sc2c1cccn2.Cl.Cl,-2.9001489,-3.696623
C1CCC2(CC1)OCCS2,-2.8983383,-2.4792094
CN(C(=O)/C(=C(/c1ccccc1)\C)/C)C,-2.8981721,-2.635952
O=C1C(CCc2c1cccc2)C[NH+]1CCCCC1.[Cl-],-2.894192,-3.629163
OC(=O)c1ccc(nc1)SSc1ccc(cn1)C(=O)O,-2.893514,-2.2795024
CN1[C@@H]2CC[C@H]1CC(C2)OC(=O)C(=C)c1ccccc1,-2.892841,-2.8647263
O=C(N1CC(=O)N2C(C1)c1ccccc1CC2)C1CCCCC1,-2.8926692,-3.9448826
[O-][N+](=O)c1cc(cc(c1)[N+](=O)[O-])[N+](=O)[O-],-2.89,-2.8550751
Nc1ccc(cc1)C(=O)Nc1ccc(c(n1)C)C,-2.8814874,-2.826338
CN1CCN(CC1)C(c1ccc(cc1)Cl)c1ccccc1,-2.8792026,-3.171694
CC(C(=O)c1ccccc1)CN1CCCCC1,-2.8776767,-2.6378129
CCCCC1(CCCC)C(=O)NC(=O)NC1=O,-2.8756092,-3.1568987
COc1ccccc1N1CCN(CC1)CC(COc1ccccc1C(=O)C)O,-2.8755994,-3.017626
COc1ccccc1N1CCN(CC1)CC(COc1cccc(c1)C(=O)C)O,-2.8755994,-2.90116
OCC/C(=C(\N(Cc1cnc(nc1N)C)C=O)/C)/SSCC1CCCO1,-2.8736632,-2.9912093
COc1ccoc2c1c(=O)c1c(c2OCC(C[NH2+]C(C)C)O)oc(c1)C.[Cl-],-2.8721802,-3.1962197
CCOC(=O)C(C(=O)C)/N=N/c1ccccc1,-2.8658981,-2.7357726
CNC(=O)Oc1ccccc1C(C)C,-2.86,-2.979011
CCCCCCCCCCNCCSS(=O)(=O)O,-2.8585489,-2.914181
O=C(C(c1ccccc1)(c1ccccc1)O)OCCN1CCCCC1.Cl,-2.8573937,-3.2130716
COC1=CC(=O)O[C@H](C1)/C=C/c1ccc2c(c1)OCO2,-2.8539634,-2.911498
CCCC([NH+](CC)CC)CCC.[Cl-],-2.8522334,-3.1614892
CN1CCN(CC1)CN1C(=O)NC(C1=O)(c1ccccc1)c1ccccc1,-2.8506737,-3.660402
O=C(c1ccccc1)Oc1ccccc1,-2.85,-3.1548083
Nc1ccc(cc1)S(=O)(=O)Nc1nccc(n1)C,-2.85,-2.524801
CCC(=O)N1CCN(CC1)CC=Cc1ccccc1,-2.8487525,-2.615808
FC(Oc1cccc(c1)NC(=O)c1cccnc1)F.Cl,-2.8487093,-3.0239294
CN1CCCC(C1)OC(=O)Nc1ccccc1C,-2.8447938,-2.8289812
OC(COc1ccc(cc1)CCOCC1CC1)CNC(C)C,-2.8338642,-2.765514
CC[C@H]1[C@@H]2C[C@@H]3N([C@@H]1O)[C@@H]1[C@H]2[C@@H](O)[C@]2([C@H]3N(C)c3c2cccc3)C1,-2.8238733,-2.571016
Cc1cccc(c1)C,-2.82,-3.1332943
COc1cc(cc(c1)[N+](=O)[O-])[N+](=O)[O-],-2.8137999,-2.7430713
NC1=NCC(O1)CN1CCN(CC1)c1ccc(cc1)Cl,-2.810347,-2.7017646
C=C[C@H]1CN2CC[C@H]1C[C@@H]2[C@H](c1ccnc2c1cc(OC)cc2)O	,-2.81,-2.7633464
Cn1c(=O)n(c2ccccc2)c(c(c1=O)N1CCCC1)C,-2.8089695,-2.713891
S=C(Nc1nccs1)Nc1ccccc1,-2.8069983,-2.973901
COC(=O)C1=CO[C@H]([C@H]2[C@@H]1C[C@H]1N(C2)CCc2c1[nH]c1c2cc(c(c1)OC)OC)C,-2.8026295,-3.7226803
OC(=O)c1ccc(cc1)[N+](=O)[O-],-2.8,-2.0307117
S=c1ccc2c([nH]1)cccc2,-2.7991843,-2.3962595
CCCCCCCCC(NCCSS(=O)(=O)O)C,-2.795839,-2.7539701
CCC(=O)O[C@]12C=CC(=O)[C@H]3[C@]42CCN([C@@H]1Cc1c4c(O3)c(cc1)OC)C,-2.7915425,-2.8840451
CCOC(=O)N1C(=O)c2c(C1=O)cccc2,-2.7868283,-2.19899
OP(=O)(O)O.OP(=O)(O)O.OP(=O)(O)O.CCN(CCCC(NCC1CC2CCN1CC2)C)CC,-2.785971,-1.4955161
Nc1cc(c(c2c1C(=O)c1c(C2=O)c(N)cc(c1O)S(=O)(=O)[O-])O)S(=O)(=O)[O-].[Na+].[Na+],-2.7839787,-2.0205019
[O-][N+](=O)c1ccc(o1)c1n[nH]c(=O)[nH]c1=O,-2.7823021,-1.7811685
CN(S(=O)(=O)c1ccc(cc1)Br)C,-2.7813478,-2.3723867
CCOc1ccc2c(c1C(=O)N[C@@H]1C(=O)N3[C@@H]1SC([C@@H]3C(=O)[O-])(C)C)cccc2.[Na+],-2.7752535,-4.4603615
CCCc1ccccc1OCC(CO)O,-2.7750087,-2.5808942
CC(CCn1c(=O)c2n(C)cnc2n(c1=O)C)C,-2.7741823,-2.1432965
CCCOc1ccc(cc1)/C=C/C(=O)NO,-2.7731862,-2.4066927
OC(=O)Cc1ccc2c(c1)[nH]/c(=C/1\C=CC=CC1=O)/s2,-2.7722807,-3.4539275
Clc1cccc(c1)[N+](=O)[O-],-2.77,-2.547989
CC#CC#CC(=O)c1ccccc1,-2.769447,-3.473364
CN1CCCC(C1)OC(=O)C(c1cccs1)(c1ccccc1)O,-2.7660434,-2.743553
OC(=O)C(=O)O.CN(CCCC1OC(c2c1cccc2)(C)C)C,-2.7654324,-3.0284579
[O-]S(=O)(=O)c1cccc(c1)/N=N/c1ccc(cc1)Nc1ccccc1.[Na+],-2.7653806,-3.857289
CC[NH+](CCOC(=O)C(=C)c1ccccc1)CC.[Cl-],-2.7645864,-2.519155
OC(=O)Cc1cccc(c1)C(=O)c1ccccc1,-2.7636776,-3.0466044
OC(=O)Cc1ccccc1C(=O)c1ccccc1,-2.7636776,-3.0921013
CCC(C(=O)NC(=O)NC(=O)C)(CC)Br,-2.7589977,-2.854189
CN(c1c(=O)n(Cc2ccccc2)c(=O)n(c1C)C)C,-2.7500606,-2.5342457
CCCCCCCCC(=O)O,-2.75,-2.6319141
COc1cc(Cc2cnc(nc2N)N)cc(c1SC)OC,-2.7496307,-3.028612
CCNC(Cc1cccc(c1)C(F)(F)F)C,-2.7489963,-2.9312842
CN1CCN(CC1)CC(C(=O)c1ccccc1)c1ccccc1.Cl.Cl,-2.7449894,-2.78639
O=C1NC(=O)[C@@](C(=O)N1C)(C)C1=CCCCC1,-2.74,-2.4459155
CC(=O)c1c(O)cc(c(c1O)C(=O)C)O,-2.7348907,-2.3238559
OC(COc1cc(C)c(c(c1C)C)OC(=O)C)CNC(C)C,-2.7201185,-3.205958
C[NH+](CCN(c1ccccc1)Cc1cccs1)C.[Cl-],-2.7128794,-2.169281
COc1cc(/C=C/C(=O)N2CCN(CC2)CC(=O)N2CCCC2)cc(c1OC)OC,-2.7106256,-2.38902
CCC1=NCCS1,-2.7073214,-1.3629792
CN1CCOC(c2c(C1)cccc2)c1ccccc1.Cl,-2.703191,-2.6604044
CCC1(C(=O)NC(=O)NC1=O)C1=CC[C@H]2C[C@@H]1CC2,-2.7,-2.9370542
OCc1ccccc1OCc1ccccc1,-2.6995056,-2.9485044
Brc1cccc(n1)OCCCCCNCCSS(=O)(=O)O,-2.6971445,-2.4389095
CC[C@H](NC(=O)[C@H]1CN(C)[C@H]2C(=C1)c1cccc3c1c(C2)c[nH]3)CO,-2.6912837,-2.659512
N/C(=N\CCSCc1ccccc1)/CSS(=O)(=O)O,-2.6908336,-3.1650836
CCC[C@H](C1(CC)C(=O)[N-]C(=O)NC1=O)C.[Na+],-2.6847858,-2.9052622
COc1ccc2c(c1)c(C)cc(n2)OCCCNCCSS(=O)(=O)O,-2.6840382,-2.8506958
COC(C(=O)c1ccccc1)c1ccccc1,-2.683649,-2.9773061
ClCCN(C(=O)NC1CCCC1)N=O,-2.6820426,-2.9002655
ClC([C@H]1Nc2cc(Cl)c(cc2S(=O)(=O)N1)S(=O)(=O)N)Cl,-2.68,-3.9984286
CN(c1c(C)n(c2ccc(cc2)Cl)c(=O)n(c1=O)C)C,-2.6776943,-2.941366
ClC(C1Nc2cc(Cl)c(cc2S(=O)(=O)N1)S(=O)(=O)N)Cl,-2.6774232,-3.9984286
CCCCN1CCN(CC1)CC(=O)N/N=C\c1ccc(o1)[N+](=O)[O-],-2.6756394,-3.1840055
CN(CCCC1=CC(N(C(C1)(C)C)C)(C)C)C,-2.6749103,-1.6441776
ClCCN(CCC(Cl)C)CCCl.Cl,-2.6701345,-3.0040848
Fc1cccc(c1)Br,-2.67,-2.7964747
Clc1cc(O)c(c(c1)Cl)Cl,-2.67,-2.868309
CNC(c1ccccc1)CC(=O)c1ccc(cc1)OC.Cl,-2.6672144,-2.982692
CCCC(COC(=O)NC(=O)C)(COC(=O)NC(=O)C)CC,-2.6670263,-3.0379994
FCCCCCCl,-2.665868,-2.2980893
CN(CC(C(=O)c1ccccc1)c1ccccc1)C.Cl,-2.6648355,-2.706503
Cn1c2nc([nH]c2c(=O)n(c1=O)C)C1CCCC1,-2.66417,-2.20597
CCC[C@@H](C1(CC=C)C(=O)NC(=NC1=O)[O-])C.[Na+],-2.6595476,-2.9455059
NC(=O)OCCCOc1ccccc1C,-2.6578972,-2.2774243
CCCCCC1(C)OCC(O1)CO,-2.6567261,-2.1925805
C[NH+](CCOC(c1cccs1)c1ccccc1)C.[Cl-],-2.6550992,-2.7344298
CCCCOc1c(OC)cccc1C(=O)OCC[NH+](C)C.[Cl-],-2.6546376,-1.9185197
CCCCOc1ccc(cc1)N,-2.6534386,-2.6801898
CCCCCCCCCCCC[n+]1ccccc1.[I-],-2.6506605,-4.398206
CN1CCOC(c2c(C1)cccc2)c1ccccc1,-2.645179,-2.7711346
CCCOC(=O)Cc1ccc(c(c1)OC)OCC(=O)N(CC)CC,-2.6443906,-3.2747886
C=CCc1ccccc1OCC(CO)O,-2.6437385,-2.0628362
C1CCCC1,-2.64,-2.362396
O=C1OC(CN1/N=C/c1ccc(o1)[N+](=O)[O-])CN1CCOCC1,-2.6358764,-3.0700533
CCCCCCCCn1sccc1=O,-2.6301003,-3.2888634
O=C(c1ccccc1)CC(=O)C,-2.6268198,-1.9633186
CCC(C1CCCC1)CNCCCSS(=O)(=O)O,-2.62292,-2.981045
C#CC(OC(=O)Nc1cccc(c1)Cl)C,-2.6171868,-3.1481922
CN1C2CCC1CN(C2)C(=O)/C=C/c1ccccc1,-2.6129515,-2.413366
CCCCOc1ccc(cc1)CC(=O)NO,-2.6057167,-2.417388
COc1ccc(c(c1)C(=O)CC)OC,-2.6043692,-2.3497233
CN1CCN(CC1)CCC(=O)NN=Cc1ccc(o1)[N+](=O)[O-],-2.6011147,-2.7361321
OC(=O)c1ccc(cc1)C,-2.6,-2.1745548
C(=CC=[N+]1CCN(CC1)c1ccccc1)C=CN1CCN(CC1)c1ccccc1.C(=CC=[N+]1CCN(CC1)c1ccccc1)C=CN1CCN(CC1)c1ccccc1.[Cl-].[Cl-].O.O.O,-2.5982394,-5.29382
O=S1(=O)CCCCN1c1ccc(cc1)S(=O)(=O)N,-2.5972288,-2.7358716
CCCCNc1ccccc1C(=O)N,-2.5935202,-2.6365688
CCC(COC(=O)N)(COC(=O)NC(C)C)C,-2.5907598,-2.612179
CCCCCCc1ccc(cc1O)O,-2.59,-3.5858872
OC(CN1CCN(CC1)c1ccccc1)COc1ccc(cc1)C(=O)C,-2.5881338,-2.598451
Cc1cc([N+](=O)[O-])c(c(c1)[N+](=O)[O-])O,-2.5877738,-3.3628476
CCCC(COC(=O)N)(COC(=O)N(C)C)C,-2.5839417,-2.3686287
CN([C@H](Cc1ccccc1)C)Cc1ccccc1.Cl,-2.5743384,-3.041598
CCC1(C(=O)NC(=O)N(C1=O)C)c1ccccc1,-2.568191,-2.365978
CCC(c1ccc(cc1)[N+](=O)[O-])C(=O)O,-2.5624092,-2.7897766
N/C(=N\CCSc1ccccc1)/CSS(=O)(=O)O,-2.5604796,-2.8919485
COc1ccc(cc1Cl)NC(=O)N(C)C,-2.56,-2.9158585
CCSCCCCCCN1CSCC1.Cl,-2.559614,-2.7126517
CCCC(COC(=O)N)(COC(=O)N1CCOCC1)C,-2.5595438,-2.7385306
CCN(CCOC(=O)C(c1ccccc1)(c1ccccc1)O)CC.Cl,-2.5566392,-3.0549188
[O-][N+](=O)c1ccc(o1)/C=N/NC(=S)N,-2.5538986,-2.0596757
[O-][N+](=O)c1ccccc1Cl,-2.55,-2.7699113
[O-][N+](=O)c1ccc(o1)COC(=O)CC,-2.54639,-2.5659347
OC(=O)C1=CC(=O)C(O1)(C)c1ccccc1,-2.540911,-1.8516045
S=c1[nH][nH]c(n1)c1ccccc1,-2.5401042,-1.6267025
CN1CC2CCC(C1)N2C(=O)c1ccc(cc1)CC(=O)O,-2.539792,-2.7294893
Cc1sc(c(c1)C(=O)C)C,-2.5368824,-2.4459145
Clc1ccc2c(c1)n(C)c(=O)o2,-2.5354977,-2.2998235
CCCC(C1(CC)C(=O)NC(=O)NC1=O)C,-2.5228968,-2.6311111
CN([C@@H]1C(=C(C(=O)N)C(=O)[C@]2([C@H]1C[C@H]1C(=C2O)C(=O)c2c([C@@H]1O)c(Cl)ccc2O)O)O)C,-2.52,-2.3915675
CCC[C@H](C1(CC)C(=O)NC(=O)NC1=O)C,-2.52,-2.6311111
Oc1ccc(cc1O)CCNCC1CCc2c(N1)cccc2.Br.Br,-2.5199413,-2.9672692
O=C1CC(CN1c1ccccc1)N1CCCCC1,-2.5187593,-2.4547966
CC1CCCCN1CCCOC(=O)c1ccco1,-2.516576,-1.6866369
CCC(=O)O[C@@]1(CCN(C[C@H]1C)C)c1ccccc1,-2.515789,-2.832225
CC(C(c1ccccc1)(c1ccccc1)O)CN(C)C.Cl,-2.5133,-2.8741114
COc1cc(ccc1O)C(C(NC(COc1ccccc1)C)C)O.Cl,-2.512616,-1.9866982
CC(OC(=O)c1ccccc1)CNC1CCCCC1.Cl,-2.5115416,-3.5414908
O=C1C2CC3CC1CC(C2)C3,-2.5111496,-2.4023821
CC(N1C(=O)c2ccccc2CS1(=O)=O)C,-2.5108664,-2.5665646
OC(=O)COc1ccc(cc1Cl)Cl,-2.51,-2.5733318
CCCCOc1ccccc1NC(=O)C,-2.4983168,-2.8381135
Brc1ccc(nc1)OCCCN1CSCC1.Cl,-2.497641,-2.1214335
CCCC(COC(=O)N)(COC(=O)NCC#C)C,-2.4865458,-2.5211673
CON(C(=O)OCC(CO)(CC)CC)C,-2.4836686,-1.6897995
ClCC(=O)N(c1ccccc1)C(C)C,-2.48,-2.8365583
CC/C=C(/C1(CC)C(=O)NC(=O)NC1=O)\C,-2.4756906,-2.4723976
CNN1C(C)(C)CCCC1(C)C,-2.4730601,-1.1247416
CC(Cc1c(C)cc(cc1C)C)N.Cl,-2.4689674,-2.323391
OC(=O)CN(CC(=O)O)CCN(CC(=O)O)CC(=O)O,-2.4657457,0.06354624
C1CCN(CC1)C1=CCCCC1,-2.4600656,-2.2483535
CCCCCCOC(=O)C,-2.46,-2.1843662
Cc1onc(c1)C(=O)NNCc1ccccc1,-2.46,-2.4303026
OC/C=C(/CCC=C(C)C)\C,-2.46,-2.8474417
O=C1Nc2cc(Cl)ccc2OC1C,-2.4588697,-2.598841
OC(=O)/C=C/c1ccc(cc1)Cl,-2.4573684,-2.678566
Clc1ccc2c(c1)CNOC2,-2.4527452,-2.3723288
O=C1CC[C@@H]2[C@]1(C)CC[C@H]1[C@H]2CC=C2[C@]1(C)CC[C@@H](C2)OS(=O)(=O)[O-].[Na+],-2.4517086,-3.581245
COc1ccc(cc1)SCC1CN=C(O1)N,-2.4513056,-2.4500272
[O-]S(=O)(=O)C.[NH3+]C1=Nc2ccc(cc2N(C(=O)C1)c1ccccc1)[N+](=O)[O-],-2.4506986,-3.5304687
OCC(COc1cc(C)cc(c1)C)(O)C,-2.449463,-2.2599766
CCC1(C(C)C)C(=O)NC(=S)N(C1=O)C.[Na+],-2.449341,-1.5663452
CC(=O)CN1CC[C@@]23[C@H]([C@H]1Cc1c3cc(cc1)O)CCCC2,-2.4428484,-2.9699655
OC(=O)COc1ccccc1C,-2.442417,-1.8359387
ClCCn1c(C)cnc1[N+](=O)[O-],-2.439617,-2.3255694
Oc1cc(O)cc(c1)C(CNCCCn1cnc2c1c(=O)n(C)c(=O)n2C)O,-2.4368994,-1.4687585
COc1ccc2c(c1C[NH+](C)C)oc(c(c2=O)C)C.[Cl-],-2.4364676,-3.1653101
Oc1c(Br)ccccc1=O,-2.4351807,-1.1505986
Oc1cccc2c1nccc2,-2.42,-1.4338048
OC(=O)/C=C/c1ccc(cc1)[N+](=O)[O-],-2.4155087,-2.4783285
COc1ccc(cc1)C(=O)OC,-2.41,-1.6758897
COc1ccccc1OCC1CNC(=O)O1,-2.4062445,-1.9458914
CN[C@@H](CC1CCCCC1)C.Cl,-2.4041977,-2.3409817
CC(=C)C(=C)C,-2.4,-2.9679637
O=c1oc2ccccc2cc1C,-2.394825,-2.3610184
C[C@@H]1C[C@H]2CC(=O)[C@@H]3[C@@]4(C1)[C@@H]2CCCN4CCC3,-2.3925004,-3.0643518
CC[C@H](C1(CC)C(=O)NC(=O)NC1=O)C,-2.39,-2.2193434
OC(COc1cccc(c1)C(=O)C)C[NH2+]CCc1ccccc1.[Cl-],-2.3765707,-2.3678374
O/N=C(/c1ccccc1)\C,-2.3756025,-2.023259
O=C1C=CC(=O)c2c1cccc2,-2.3744392,-2.0980227
CCOP(=O)(OC=C(Cl)Cl)OCC,-2.3709354,-2.2250817
CC(C[NH2+]CC(=O)N/N=C/c1ccc(o1)[N+](=O)[O-])C.[O-]C(=O)C,-2.3701758,-2.7360334
CCCCBr,-2.37,-2.137663
Nc1ccc(cc1)[N+](=O)[O-],-2.37,-1.9279268
Clc1ccccc1OCCNC1CC1.Cl,-2.3694031,-2.7884812
CCCCN1CC2CCC(C1)N2C(=O)CC,-2.363256,-2.501102
CN(CCN(c1ccccn1)Cc1ccccc1)C.Cl,-2.3613157,-2.1835732
Clc1ccc2c(c1)ccc(=O)o2,-2.3590593,-2.8172686
COc1ccc2c(c1CN1CCOCC1)oc(c(c2=O)C)C,-2.3581038,-2.6193464
CCCCC(Cc1ccccc1)N,-2.3561468,-2.379623
CC[N+](CCOC(=O)C(c1ccccc1)(C1CCCCC1)O)(CC)C.[Br-],-2.3517377,-2.2343295
N#Cc1cccc(c1)Cl,-2.3452797,-2.4106221
O[C@H]([C@H](C(=O)O)O)C(=O)O.Oc1ccc2c(c1)[C@]13CCCC[C@H]3[C@@H](C2)N(CC1)C,-2.3452704,-2.1974277
O=C1N(OCC1(C)C)Cc1ccccc1Cl,-2.34,-3.0655804
OP(=O)(c1ccccc1)c1ccccc1,-2.3345175,-2.7748396
[O-][N+](=O)c1ccccc1C,-2.33,-2.743158
CCOc1ccccc1,-2.33,-2.2977955
C=CCOc1ccc(cc1)NC(=O)C,-2.3268313,-2.3759196
COc1ccc(c2c1cccc2)C(=O)CCC(=O)O,-2.3264318,-3.5391018
CN1C2CCC1CN(C2)C(=O)c1ccccc1[N+](=O)[O-],-2.3258755,-2.6694725
O=C1CC[C@@]2([C@@]34[C@H]1Oc1c4c(C[C@H]2N(CC3)CC2CC2)ccc1O)O,-2.3210847,-2.4107697
CCOC(=O)c1ccc(c(c1)OC)O,-2.3180535,-2.1309443
COc1ccc(cc1)CN(c1ncccn1)CCN(C)C.Cl,-2.3130836,-2.4937606
c1cnc(nc1)N1CCN(CC1)Cc1ccc2c(c1)OCO2,-2.313053,-2.019269
OC(=O)C(Oc1ccccc1Cl)C,-2.310701,-2.356719
CCc1cccc(c1O)CC,-2.305216,-2.324098
ClCc1cc(ccc1O)[N+](=O)[O-],-2.3033025,-2.3104634
CCN(C(C(C)(C)C)(C)C)C.Br,-2.3014185,-2.5305111
BrC1CCCCC1,-2.3,-3.1853988
CCCCCCCC(=O)O,-2.3,-2.1657841
CO[C@]12[C@H]3N[C@H]3CN1C1=C([C@H]2COC(=O)N)C(=O)C(=C(C1=O)C)Nc1ccccc1,-2.294133,-2.8156176
CN1CCCN=C1COC(=O)C(c1ccccc1)(C1CCCCC1)O.Cl,-2.2907913,-3.8177874
NNC(Cc1cccc(c1)Cl)C,-2.2877524,-2.0307994
CCCN(CCC)CCC,-2.28,-2.5794222
OC(=O)c1ccccc1c1ccccc1C(=O)O,-2.28,-3.7903428
[O-]S(=O)O.CCCCCCC=O.[Na+],-2.2707546,-0.059948564
Nc1ccc(cc1)C(=O)Nc1ccccc1,-2.269947,-2.6904616
CCS(=O)c1ccc(cc1)OCC(CN1CCN(CC1)c1ccccc1)O.Cl.Cl,-2.2679179,-3.5162022
OS(=O)(=O)SCCNCCCCCc1ccccc1,-2.2645817,-2.2095478
CCC(c1ccccc1)(C(=O)N)CCN1CCOCC1,-2.2568152,-1.9357316
CCOc1ccc(cc1)/C=C/C(=O)NO,-2.2519925,-1.934488
CCC1(CC=C(C)C)C(=O)NC(=O)NC1=O,-2.25,-2.4088173
CCCCOC(=O)C(=C)C,-2.2498035,-1.9675238
c1cc[n+](cc1)CCC[n+]1ccc2c(c1)cccc2.[Br-].[Br-],-2.2400339,-1.1698079
Nc1ccc(cc1)S(=O)(=O)Nc1cc(C)nc(n1)C,-2.24,-2.8966968
[O-]S(=O)(=O)[O-].C/N=C(/NCc1ccccc1)\[NH2+]C.C/N=C(/NCc1ccccc1)\[NH2+]C,-2.230808,-1.7614226
CC(=O)Oc1c(cccc1c1ccccc1)C(=O)N,-2.2280278,-3.2986157
O=C1C(=C/C(=N/c2ccc(c(c2)Cl)[O-])/C=C1Cl)Cl.[Na+],-2.2279363,-3.770401
ClCCN(CC(C)C)CCCl.Cl,-2.211945,-2.7615998
Nc1ccc2c(c1)[C@]13CCN4[C@H]1C[C@@H]1[C@@H]5[C@@H]3N2C(=O)C[C@@H]5OCC=C1C4,-2.2091124,-2.9640806
CC(=O)Oc1c[nH]c2c1cccc2,-2.1958377,-2.1736567
Clc1[nH]c2c(n1)n(C)c(=O)n(c2=O)C.CN(CCOC(c1ccccc1)c1ccccc1)C,-2.194949,-4.139746
Nc1nc2c(o1)c(Cl)ccc2,-2.1933823,-2.2946792
CNNCc1ccc(cc1)C(=O)NC(C)C,-2.1933131,-1.9651849
OC(=O)C(=O)O.CN(CCCC1(O)OC(c2c1cccc2)(C)C)C,-2.19224,-2.359385
CCCN1C(=O)Cc2c(S1(=O)=O)cccc2,-2.183023,-2.1791198
CCCCSc1ncnc2c1[nH]cn2,-2.1819332,-2.6470263
CC(=C)[C@H]1CC[C@@H](C(=O)C1)C,-2.18,-2.5946407
CCCCNC(=O)NS(=O)(=O)c1ccc(cc1)N,-2.18,-2.6635401
CC(=O)c1cc2c(o1)cccc2,-2.1719677,-2.7077308
ClCC[N+]1(C)CC[N+](CC1)(C)CCCl.[Cl-].[Cl-],-2.1700113,-0.06735474
O=C(N[C@@H]1C(=O)N2[C@@H]1SCC(=C2C(=O)[O-])C[n+]1ccccc1)Cc1cccs1,-2.1678414,-2.6256437
CCCC(COC(=O)N(C)C)(CO)C,-2.1650841,-1.9447567
CCC(=O)c1ccc(c(c1)OC)OC,-2.1644647,-2.3092206
NC(=O)c1ccc(cc1)Br,-2.1634355,-1.8554974
NC1=NCC(O1)CSc1ccccc1,-2.1633096,-2.2003288
Clc1ccc2c(c1)CON(C2)C(=O)N,-2.1632779,-2.1323225
CN1CC[C@@]23[C@H]([C@H]1Cc1c3c(O)c(cc1)O)CCCC2.Cl,-2.1607153,-2.2320151
CN1[C@@H]2CC[C@H]1CC(C2)OC(=O)c1ccccc1,-2.1592877,-2.488542
O=C1O[C@@H]2C[C@H]3C(=CC(=O)[C@H]([C@@]3([C@@H]3[C@@]42[C@@H](C1)C(=C)[C@H]([C@@]3(OC4)O)O)C)O)C,-2.1540515,-2.4140966
CN(C12CC3CC(C2)CC(C1)C3)C,-2.1532266,-2.408978
C1=CC=CC=CC1,-2.15,-3.0533087
OC[C@H]([C@@H](c1ccc(cc1)S(=O)(=O)C)O)NC(=O)C(Cl)Cl	,-2.15,-2.0322888
CC1=NCCS1,-2.1492774,-0.86093235
Oc1ccc2c(c1)[C@@]13CCCC[C@@H]3[C@H](C2)N(CC1)C,-2.145752,-2.718606
OCCOCCN1CCN(CC1)C(c1ccccc1)c1ccccc1,-2.14114,-2.3412704
ClCCN(C(=O)NC1CS(=O)(=O)CS(=O)(=O)C1)N=O,-2.1410544,-2.116083
CC(c1cccc(c(=O)c1)O)C,-2.1362026,-1.5345136
CCCCC1(C)OCC(O1)CO,-2.1339378,-1.6479604
Brc1ccc(cc1)P(=O)(O)O,-2.13169,-2.0565026
CCCC[C@H](C=O)CC,-2.13,-2.2269156
Nc1ccc(cc1)S(=O)(=O)Nc1scc(n1)C,-2.129266,-2.8111556
CCCC(C(CO)(CO)C)C,-2.1256359,-2.1022608
C=CCC1(CC(C)C)C(=O)NC(=O)NC1=O,-2.1192822,-2.2640626
[O-]C(=O)Cc1ccccc1Nc1c(Cl)cccc1Cl.[Na+],-2.1178916,-3.6492593
C/C=C/Cn1c(=O)c2n(C)cnc2n(c1=O)C,-2.1168432,-2.0246902
[O]N(C(C)(C)C)C(C)(C)C,-2.1137567,-1.754632
COc1cc(OC)cc(c1)C#N,-2.1088526,-2.011653
CCC(=O)N1CC2CCC(C1)N2C,-2.1084197,-1.1762257
CCC(=O)c1cc(OC)ccc1O,-2.1065428,-2.1378648
CN1CC[C@@]23[C@H]([C@H]1Cc1c3c(O)c(cc1)O)CCCC2,-2.1063466,-2.3245473
OC1C2CC(C(C2C2(C31OC3C(=O)C12CO1)C)O)(C)C,-2.1032617,-0.95801294
OCc1c(Cl)cccc1Cl,-2.1,-2.3286293
COCCOc1c(OC)cc(cc1OC)Cc1cnc(nc1N)N,-2.1,-2.4049096
CCOc1ccc(cc1OC)/C=C/C(=O)NO,-2.0987535,-2.0178614
Clc1ccc2=NC(=N)CN(C(=c2c1)c1ccccc1)O,-2.0951746,-2.3870115
CCN(CCOC(=O)c1ccc(cc1O)N)CC,-2.0901875,-1.4630337
COc1cc2c(cc1OC)N1[C@H]3[C@]42CCN2[C@H]4C[C@@H]4[C@@H]3[C@H](CC1=O)OCC=C4C2,-2.09,-3.3397403
Brc1ccc(cc1)S(=O)(=O)N,-2.084145,-1.9813983
COc1cc(cc(c1OC)OC)C(=O)N1CCCC1,-2.0833077,-2.25756
CN1CC2CCC(C1)N2C(=O)c1ccncc1,-2.0831404,-1.4183788
S=C1NC(C(=O)N1c1ccccc1)C,-2.0814252,-1.6793776
Cc1nn(c(c1)C)c1nc2c([nH]1)cccc2,-2.0813472,-2.771353
CC(c1ccc(c(c1)O)C)C,-2.08,-2.630008
CN[C@H]1CCc2c(c3c1cc(=O)c(cc3)OC)c(OC)c(c(c2)OC)OC,-2.070056,-2.9478018
CC(=O)Nc1ncc(s1)[N+](=O)[O-],-2.0667682,-1.6739166
NNc1nc2c(o1)ccc(c2)Cl,-2.0624638,-2.1201422
CSc1c(Cl)nc(nc1N1CCN(CC1)C)N1CCOCC1,-2.0621831,-2.796409
COc1cccc(c1)N1CCN(CC1)CC1CN=C(O1)N,-2.060858,-1.7396493
COc1cc(ccc1OC(=O)C)C(=O)O,-2.0601506,-2.1483634
CN([C@H]1C(=O)C(=C([C@@]2([C@H]1C[C@H]1C(=C(O)c3c([C@@]1(C)O)cccc3O)C2=O)O)O)C(=O)N)C,-2.0589814,-2.2880855
CCOC(=O)Cc1ccc(cc1)C(=O)N1CCC2CC1N(C)C2,-2.0546336,-2.7243109
C=CCN1C(=O)Cc2c(S1(=O)=O)cccc2,-2.053029,-1.9778869
[O-][N+](=O)c1ccc(s1)c1scc(n1)CN1CCOCC1,-2.0523732,-2.316435
C/C=C/C1=C(C(=O)O)N2[C@H](SC1)[C@@H](C2=O)NC(=O)[C@@H](c1ccc(cc1)O)N,-2.0500956,-2.3811266
Nc1ccc(cc1)S(=O)(=O)[N-]c1onc(c1C)C.[Na+],-2.0463526,-2.18534
FC(c1ccc(cc1)N)(F)F,-2.0422208,-1.8030992
OC(COc1cccc2c1oc(c2)C(=O)C)CNC(C)C,-2.042149,-2.4621005
CN1C(=O)CCS(=O)(=O)C1c1ccc(cc1)Cl,-2.039384,-1.2451625
OCC(COc1cccc2c1NCCC2)O,-2.0392041,-1.7578924
O=C(N1CCNCC1)Nc1ccccc1C.Cl.Cl,-2.0391748,-2.390704
O=C1NCC2(O1)CCN(CC2)CCc1ccccc1,-2.0346014,-2.4661977
CNC(=O)N1CC=Cc2c1cccc2,-2.0341396,-2.2140834
O=C(c1ccc(cc1)Cl)/C=N/N1CC[NH+](CC1)C.[Cl-],-2.0300438,-1.8408885
O=C1NC(=O)C(N1)(c1ccc(cc1)O)c1ccccc1,-2.0289016,-2.8232353
OC(=O)[C@H]1CCCC[C@]1(O)c1ccccc1,-2.026981,-2.0651033
Cc1ccccc1S(=O)(=O)N,-2.02,-1.5419552
CC[C@@H](C1(CC=C)C(=O)NC(=O)NC1=O)C,-2.02,-2.3104775
CC(=O)Nc1ccc(c(c1)O)C(=O)O,-2.008253,-1.8768103
FCCCCSC#N,-2.0006003,-2.030936
Fc1cccc(c1)F,-2.0,-2.0991726
CCC1(CC)COCOC1,-1.9946545,-2.0985308
O=c1[nH]c2ccccc2c(c1)C(=O)O,-1.993551,-1.9415209
OC(COc1cccc2c1cccc2)CNC(C)C.Cl,-1.992442,-3.0081387
O=C1NC(=O)NC(=O)C1(O)C1(O)C(=O)NC(=O)NC1=O,-1.99,-1.343343
CC(NC(=O)c1ccccc1O)C,-1.9862123,-1.5655029
CCCCCCCCCCCC[n+]1ccccc1.[Cl-],-1.9847935,-4.1008716
FC(c1ccc(cc1)S(=O)(=O)N)(F)F,-1.9814715,-2.5385718
CCCOC(=O)c1ccco1,-1.9757981,-1.9079885
CCCCN1CCC(CC1)(O)C1CN(CCCC)CCC1=O.Cl.Cl,-1.9729897,-3.1872182
O=C1CCC2(O1)CCCCC2,-1.9706258,-2.2609508
CC1Cc2cccc(c2C(=O)O1)O,-1.9698427,-1.5118856
OC(=O)CCS(=O)(=O)CCC(=O)O,-1.9666069,0.119861245
C#CCNC(=O)OCC(COC(=O)N)(CC)C,-1.9643528,-2.0205803
Cc1ccc2c(c1)nc(o2)N,-1.9612306,-1.8632896
CC[C@H](Cl)C,-1.96,-1.6042621
COc1ccccc1[N+](=O)[O-],-1.96,-2.351323
OC(=O)/C=C/c1ccccc1F,-1.9580519,-2.1798298
O/N=C/c1ccc(cc1)F,-1.9505715,-1.9286673
OC[C@@H]1O[C@@H]([C@H]([C@H]1O)O)n1ccc2c1ncnc2N,-1.95,-1.0644009
Oc1ncc2c(n1)nccn2,-1.95,-0.44481555
CCC1(CC)C(=O)NC(=S)NC1=O,-1.9428895,-2.129668
Cc1cc(C)c2c(n1)cccc2,-1.94,-2.4630518
CCC,-1.94,-1.4287417
OC(=O)C1CCc2c1cccc2,-1.9381771,-2.4220488
CN(CCOC(=O)C(C1(O)CCCC1)c1ccccc1)C.Cl,-1.9358903,-2.4293807
NC(=O)c1ccc(o1)C(C)(C)C,-1.9332224,-2.2719636
CN1OCc2c(C1)cccc2,-1.9331992,-1.1895754
COc1cc(/C=C/C(=O)N2COCC2)cc(c1OC)OC,-1.9207976,-2.0147421
COc1ccc(c(c1OC)C(=O)O)C=O,-1.92,-2.2056305
COc1ccc(cc1)Cn1cc(F)c(=O)[nH]c1=O,-1.9138955,-2.208006
CNC(CCC=C(C)C)C.Cl,-1.9132668,-2.0850115
CN1CCC(CC1)(O)C1CCCCC1.Cl,-1.9124414,-1.595264
OC[C@H]([C@@H](c1ccc(cc1)[N+](=O)[O-])O)N,-1.9117823,-0.987605
CCOC1(OCCN(C1C)C)c1ccccc1.Cl,-1.910349,-1.0659257
C/C=C/CC1(CC)C(=O)NC(=O)NC1=O,-1.9060603,-2.125345
O=C(c1ccc(cc1)Cl)C=NN1CCOCC1,-1.9029148,-2.1973698
COC1=C(OC)C=C[C@@H]2[C@@H]1C(=O)OC2,-1.9,-1.3931847
COc1ccc(cc1)N1CCN(CC1)CC1CN=C(O1)N,-1.8986363,-1.6958599
CN(CCN(c1ncccn1)Cc1ccccc1)C.Cl,-1.8960445,-2.35172
COc1c(ccc(c1C)OC)CC(N)C.Cl,-1.8935585,-1.8439085
C1CC[C@H]2N(C1)C[C@@H]1C[C@H]2CN2[C@@H]1CCCC2,-1.89,-2.417887
O=c1ccc2c(o1)cccc2,-1.89,-1.9871409
CCCCCOC(=O)C,-1.89,-1.6429069
O[C@H]([C@H](C(=O)O)O)C(=O)O.COc1c(OC)cc2c(c1OC)c1ccc(c(=O)cc1[C@H](CC2)N)OC,-1.8898515,-2.4546278
CCN(C(CC)(CC)C)C.Br,-1.8882105,-2.05193
OCC(COc1cccc(c1)C)(O)C,-1.8795011,-1.8205812
OCC(COc1ccccc1C)(O)C,-1.8795011,-1.9691181
CCOP(=O)(Oc1ccc(cc1)[N+](=O)[O-])OCC,-1.8785423,-3.274494
CN1CCCC1c1c[nH]c2c1cc(F)cc2,-1.876606,-2.3794928
ClCCN(C(=O)NC1CCC(CC1)O)N=O,-1.8757489,-2.4975328
CN1CC2CCC(C1)N2C(=O)C(=O)Nc1ccccc1,-1.8755955,-2.3574448
Nc1ccc(cc1)C(=O)Nc1ccncc1.Cl.Cl,-1.8711421,-2.199996
C=CC=C,-1.87,-1.7556989
COc1ccc2c(c1O)[C@@]13CCN([C@H](C2)[C@H]3C=CC(=O)C1)C,-1.87,-2.14807
O=C(C(Oc1ccccc1)(C)C)OCCN1CCOCC1,-1.8653454,-1.8206968
ClC(C(F)(F)F)Cl,-1.8622591,-1.9921815
COc1ccc2c(c1O)[C@]13CCC[C@H]([C@H]3[C@@H](C2)N(CC1)C)O,-1.8505747,-1.5552514
COCC(=O)N1CC=Cc2c1cccc2,-1.8441184,-2.3372283
OCCNc1ccc(cc1C(=O)N)Cl,-1.8427553,-1.7550726
COc1ncnc(c1)NS(=O)(=O)c1ccc(cc1)N,-1.8424289,-2.4736047
CCCCC(=O)N1C2CCC1CN(C2)C,-1.84144,-2.0354233
OC[C@H]([C@@H]1O[C@H]2[C@@H]([C@H]1O)O[C@H](O2)C(Cl)(Cl)Cl)O,-1.84,-1.3854438
O/N=C/1\C2CC3CC1CC(C2)C3,-1.8360876,-2.2657607
CC(Nc1c(C)n(n(c1=O)c1ccccc1)C)C,-1.8331999,-2.3710713
Nc1ccc(cc1)C(=O)Nc1ncccc1C,-1.8314916,-2.4035869
Nc1ccc(cc1)C(=O)Nc1ccncc1C,-1.8314916,-2.4380467
CC(=O)/N=c/1\sc(nn1C)S(=O)(=O)N,-1.8293295,-1.80917
CCC(=O)N1C2CNCC1CC2,-1.8262556,-1.1868161
NC1=NCC(O1)CN1CCN(CC1)c1ccccc1,-1.8251467,-1.9334586
CNCC(c1cc(OC)ccc1OC)C.Cl,-1.8246404,-1.8449037
CC1CCC([NH2+]1)c1c[nH]c2c1cccc2.[Cl-],-1.8228271,-1.9535413
CN([C@@H]1C(=O)C(=C([C@@]2([C@H]1[C@@H](O)[C@@H]1[C@@H](C)c3cccc(c3C(=C1C2=O)O)O)O)O)C(=O)N)C.Cl,-1.8199216,-1.9439225
CCOc1ccccc1COCC(CO)O,-1.8180723,-1.9055815
Nc1ccc(cc1)C(=O)Nc1cccnc1.Cl,-1.8119544,-1.8844342
CCCCCCCO,-1.81,-1.1755431
CC[NH+](CCOc1ccccc1C(=O)N)CC.[Cl-],-1.809461,-1.0932934
OCCN1CCN(CC1)CC(=O)N/N=C\c1ccc(o1)[N+](=O)[O-],-1.808167,-2.5585706
FC(c1cccc(c1)C1CNCCO1)(F)F.Cl,-1.804567,-2.1820993
NC(=O)c1ccccc1N,-1.8040228,-1.0948246
[O-][N+](=O)c1ccccc1,-1.8,-1.810487
CCNC(=O)Nc1ccccc1,-1.7999201,-1.929359
Clc1ccc2c(c1)oc(=O)[nH]2,-1.7963643,-2.0861108
CN(C(C(C)(C)C)(C)C)C.Br,-1.7931013,-2.013402
CNC(CC1CCCC1)C,-1.791317,-1.6915274
CCCOC(=O)c1cc(O)c(c(c1)O)O,-1.78,-2.5787325
COC(=O)c1ccc(cc1)O,-1.78,-1.5793741
C#CCOc1ccc(cc1)CC(=O)NO,-1.7619765,-1.2502615
N1CCN2C(C1)CCc1c2cccc1.Cl.Cl,-1.7551439,-1.8939488
COC(=O)CCc1ccc(cc1)OCC(CNC(C)C)O.Cl,-1.7449505,-2.1494658
CCN(C(=O)c1ccccc1O)CC,-1.7445313,-1.7562492
CN(CCOC(=O)COc1ccc(cc1)Cl)C,-1.7427521,-2.1049783
OS(=O)(=O)SCCNCCCCc1ccccc1,-1.7421793,-1.7411377
ClC(C(Cl)Cl)Cl,-1.74,-2.4320843
Cc1ccc(cc1)S(=O)(=O)N,-1.74,-1.498044
Cc1cccc(c1)C(=O)Oc1cccc(c1)[N+](C)(C)C.[Br-],-1.7361746,-0.9678619
CC(=CCC1(C)C(=O)NC(=O)NC1=O)C,-1.7336453,-2.0900688
OCC(COc1cccc(c1)C)O,-1.7316769,-1.5024364
N[C@H](c1ccccc1)C(=O)N[C@@H]1C(=O)N2[C@@H]1SC([C@@H]2C(=O)O)(C)C.O.O.O,-1.7273829,-1.4797108
CC(COc1ccc(cc1C(=O)N)Br)O,-1.7269682,-2.2103808
OCC(COc1cccc(c1)[N+](=O)[O-])O,-1.7245387,-1.252996
OC(CN1CCCCC1)COc1cccc(c1)C(=O)C,-1.7228909,-2.0075452
CCOC(=O)C1=CN(CC)C2N(C1=O)C(C)CCC2,-1.7212875,-2.3651512
OCC(COc1ccccc1C(=O)CC)O,-1.7172756,-1.6411768
OCC(COc1ccc(cc1)C(=O)CC)O,-1.7172756,-1.4933658
O=c1ncc2c([nH]1)nc[nH]2,-1.713617,-1.1153903
O=C(C(c1ccccc1)(c1ccccc1)O)OC1CCC[N+](C1)(C)C.[Br-],-1.7130369,-1.9289899
Cl[C@@H](C(F)(F)F)Br,-1.71,-2.1180222
FCCn1cc(C(=O)O)c(=O)c2c1c(F)c(N1CCN(CC1)C)c(c2)F,-1.7028013,-2.183805
OCCNc1ccccc1OC,-1.7022498,-0.9042265
ClCCN(C(C)C)CCCl.Cl,-1.6961477,-1.8093767
Cc1ccc(cc1)C(=O)/C=N\N(C)C,-1.6961168,-1.7624488
Cc1[n+](CCC[N+](Cc2ccccc2)(C)C)ccc2c1[nH]c1c2cccc1.[Br-].[Br-],-1.69425,-2.5003865
CC(NCC(c1ccc(cc1)NS(=O)(=O)C)O)C,-1.6937602,-2.3023665
SC/C(=N\C1C2CC3CC1CC(C2)C3)/N.Cl,-1.6912531,-2.5978165
O=C1N=C(c2c1cccc2)N,-1.6876746,-1.7759326
CC1CCC(N1/C=C/C=C/C=[N+]/1\C(C)CCC1C)C.CC1CCC(N1/C=C/C=C/C=[N+]/1\C(C)CCC1C)C.[Cl-].[Cl-].O.O.O,-1.6875967,-2.3850253
CCCN(CCCl)CCCl,-1.680732,-1.8041401
OCCNc1ccccc1C(=O)O,-1.6759596,-1.350282
NC1CN(C(=O)C1)c1ccccc1.Cl,-1.674508,-0.21395946
O=C1/C(=C/2\Nc3c(C2=O)cc(cc3)S(=O)(=O)[O-])/Nc2c1cc(cc2)S(=O)(=O)[O-].[Na+].[Na+],-1.6687083,-2.573265
CCN(C(=O)c1ccc(c(c1)OC)O)CC,-1.665157,-2.213421
N/C(=N\C1CCCC1)/CSS(=O)(=O)O,-1.6603228,-1.7849915
Cn1cn[nH]c1=S,-1.6496593,-0.9010261
CC(=O)Oc1c(cccc1C(=O)O)OC(=O)C,-1.6470393,-2.2960713
COc1ccc2c(c1)c(c[nH]2)CC(=O)O,-1.6447519,-2.3475816
CCOc1ccc(c(c1)O)NC(=O)C,-1.6431369,-1.9806628
COc1ccc2c3c1O[C@@H]1[C@@]43CCN([C@H](C2)[C@@H]4CCC1=O)C,-1.6395044,-2.3762946
CNC(Cc1ccc2c(c1)OCO2)C.Cl,-1.6279713,-1.0533783
CCCCOCC(COCCCC)O,-1.6263425,-1.6885676
CCC1(CC)C(=O)N(C)C(=O)N(C1=O)C,-1.6261419,-1.7461888
CCN1C(C)(C)CCC1(C)C,-1.6252817,-1.375772
CC(NC(=O)N)CC,-1.6247923,-0.5130734
CCOC(=O)CC(C(=O)OCC)SP(=O)(OC)OC,-1.622268,-1.4905457
c1cnc2c(c1)[nH]cc2,-1.618311,-1.1829239
CNC(=O)Cn1c(CC)cnc1[N+](=O)[O-],-1.6115965,-1.9329126
Cn1c(=O)n(CCC)c(cc1=O)N,-1.6107053,-1.2566297
CC(=O)c1ccc(cc1)N,-1.61,-1.5871838
C=CCC1(CC)C(=O)NC(=O)NC1=O,-1.61,-1.7650375
OC(=O)c1cnc2n(c1=O)C(C)CCC2,-1.6058664,-2.261405
OC[C@H]1O[C@@H](OCc2cc(=O)c3c(o2)cc2c(c3OC)cco2)[C@@H]([C@H]([C@@H]1O)O)O,-1.6045761,-2.2322898
OC(=O)C(C1CCC=CC1)N,-1.6042961,-0.9233975
CCC(C(COC(=O)N)COC(=O)N)C,-1.6009729,-1.7894299
CC(CC(COC(=O)N)COC(=O)N)C,-1.6009729,-1.6666536
CN(C(=O)Nc1ccccc1)C,-1.6,-1.460484
OC[C@H](CC(C)C)C,-1.6,-0.98744726
Clc1cccc(c1)P(=O)(O)O,-1.5996643,-1.6061506
OCC(COc1cccc(c1)OC)(O)C,-1.5976727,-1.5116222
NC1=NCC(O1)c1ccccc1.OC(=O)/C=C/C(=O)O,-1.5975018,-1.7875493
COc1ccc(cc1)NC(=O)N,-1.5916792,-1.3254168
CCCn1c(=O)n(C)c(=O)c2c1nc[nH]2,-1.590902,-1.5762079
CC(Br)C,-1.59,-1.6333761
C=CCOCC(Cn1ccnc1[N+](=O)[O-])O,-1.5897363,-1.2122363
CCN1C(=O)NC(C1=O)c1ccccc1,-1.5874835,-2.1075668
ClCCN(C(=O)NCc1cnc(nc1N)C)N=O.Cl,-1.5768868,-2.265514
CN1CCCC1c1c[nH]c2c1cccc2,-1.5741072,-1.6513784
FCCN(P(=O)(Cl)Cl)CCF,-1.5723243,-1.551889
OC(COc1cccc2c1C[C@H](O)[C@@H](C2)O)CNC(C)(C)C,-1.5698837,-1.2781589
OCCN(Cc1ccc2c(n1)cccc2)CCN(CC)CC.Cl.Cl.O,-1.5683844,-1.8611519
N[C@H](c1ccccc1)C(=O)N[C@@H]1C(=O)N2[C@@H]1SCC(=C2C(=O)O)Cl,-1.5656165,-2.5322888
CC(Cc1ccc(cc1)Cl)N.Cl,-1.5651362,-1.5408065
CCCCC[C@H](O)C,-1.55,-1.081047
ClC(Br)Cl,-1.54,-1.5100813
NCCc1cccc(c1)C(F)(F)F,-1.5380969,-2.098328
CC(SC(C(=O)N)(C)C)C,-1.5345138,-1.4699866
O=C1C=CC(=O)c2c1c(O)ccc2,-1.5315812,-2.0095258
Oc1ccc2c(c1)oc(=O)cc2C,-1.5290967,-2.0820048
COc1ccc(c(c1)O)C(=O)C,-1.524649,-1.6399314
COc1ccc(cc1)CC(NCC(c1ccc(c(c1)CO)O)O)C,-1.5221089,-1.7890999
BrCC=C,-1.5,-1.4640505
OCCN1CC2CCC(C1)N2C(=O)CC,-1.495706,-0.61231375
COc1ccc(cc1)C=O,-1.49,-1.7600203
CCC(c1ccccc1)CNCCSS(=O)(=O)O,-1.4893076,-1.542863
BrC1CS(=O)(=O)CC1Br,-1.4873306,-2.6828198
O=C(c1cc(Cl)nc(c1)Cl)N1CCOCC1,-1.4823117,-2.2314816
Cc1n[nH]c(=S)[nH]c1=O,-1.4818919,-1.1498996
ClCC(Cl)Cl,-1.48,-1.488931
Cn1c(=O)n(CC=C)c(cc1=O)N,-1.479995,-1.1152747
CC(=O)Nc1c2sscc2[nH]c1=O,-1.4749316,-1.5958622
NC(=O)OCCCCOC(=O)N,-1.4721504,-0.53747666
CC(=O)c1cc(O)c(c(c1)O)O,-1.471114,-2.0686035
COc1ccc(cc1O)C(=O)O,-1.4690555,-1.5418406
CC[N+]1(CC)C(C)CCCC1C.[Br-],-1.4668711,-1.913738
N#CCc1ccccc1C#N,-1.4512125,-1.5026364
O=c1ccoc2c1cccc2,-1.4464483,-1.9381254
OC(=O)C1CCn2c1ccc2C(=O)c1ccccc1.OCC(CO)(CO)N,-1.4405273,-1.0734885
Cc1c(C)cccc1O,-1.43,-1.4913397
CC(CCCC(N)C)C,-1.4209585,-1.1761794
OC(=O)[C@H]1CC[C@@](C1(C)C)(C)C(=O)O,-1.42,-1.7199929
COCCCNCC1COc2c(O1)cccc2.Cl,-1.4120593,-1.2744092
CC(=O)Nc1ccccc1Cl,-1.4,-1.8164635
CCCCN1CCCC1=O,-1.3993694,-1.7481785
CCC(=O)N1C(C)CN(CC1(C)C)C,-1.3986194,-1.1153531
Cn1c(=O)n(C)c2c(c1=O)[nH]cn2,-1.39,-1.1566987
O=CN(/N=C/CC(C)C)C,-1.3813182,-1.5384629
CCCCNC1=CC(=O)c2c(C1=O)cccn2,-1.3741188,-2.2841578
CC(NCC(c1ccccc1Cl)O)C.Cl,-1.3729172,-2.0809877
Clc1ccc(c(c1)C(=O)N)N,-1.3722303,-1.635457
CC(Cc1ccccc1)O,-1.3678939,-0.92041385
OCC(CNc1ccccc1C(=O)N)O,-1.3613273,-0.5406927
ClCC=C,-1.36,-1.1316826
CCCCC(=O)OC,-1.36,-1.2371817
[O-][N+](=O)c1c(Cl)ncn1C,-1.3593043,-1.3864822
O=C1NC(=O)NC21CCCCC2,-1.3583481,-2.026867
ClC(C(=O)NC(=O)N)C(C)C,-1.358325,-1.4031415
COc1cc(cc(c1O)OC)C(=O)C,-1.3521869,-1.5094409
NC(=O)NCCc1ccccc1,-1.3467499,-1.4706935
COP(=S)(OC)OC,-1.3343648,0.09228867
CC(=O)C#Cc1ccccc1,-1.3200349,-1.874063
OC1CCc2c1cccc2,-1.3174487,-2.1667743
OC[C@H]1O[C@H](C[C@@H]1O)n1cc(F)c(nc1=O)NC,-1.316787,-1.224285
COc1nc(C)nc(n1)N,-1.3027253,-1.2632782
CCC(=O)N1CCN(CC1)C,-1.3022242,-0.50343275
CC(C(=O)C(C)C)C,-1.3,-1.3781736
OC1CCCCCCC1,-1.29,-1.4356389
FCCCCC#N,-1.2888509,-1.3763864
CC1CCCC(C1)O,-1.2801937,-1.0692514
O=C1C[C@@H]2OCC=C3[C@H]4[C@@H]2[C@@H]2N1c1ccccc1[C@]12CC[N+]([C@H]1C4)(C3)[O-],-1.2750734,-3.4009385
CC1C2CCC(C1(C)N)C2,-1.2522328,-1.3427105
CC[N+](CCOC(=O)C(c1ccccc1)(c1ccccc1)O)(CC)C.[Br-],-1.2509376,-1.0139344
O=C1NS(=O)(=O)Cc2c1cccc2,-1.2496015,-1.6934505
CCS(=O)(=O)c1ccc(cc1)F,-1.2493507,-1.3371725
N1CCNCC1.OC(=O)Cn1cnc2c1c(=O)n(C)c(=O)n2C,-1.2391603,-0.99308264
NNc1ccc(cc1)C,-1.2387791,-1.4166055
CCOC(=O)C(C(C(F)(F)F)(C(F)(F)F)O)C(=O)C,-1.2360053,-2.648195
OC(=O)Cc1ccc(cc1)N,-1.232606,-0.47620994
O=C1Nc2c(C1=O)c(C)ccc2,-1.2309073,-1.9083359
CCC1(C)CC(=O)NC(=O)C1,-1.228372,-1.0618296
OCCCNc1ccccc1C(=O)N,-1.2157078,-1.1923348
O=C([C@@H](C1=CCC=CC1)N)N[C@@H]1C(=O)N2[C@@H]1SCC(=C2C(=O)O)C,-1.2149495,-2.0538423
OC(COc1ccc(cc1)CC(=O)N)CNC(C)C	,-1.21,-1.4297044
Nc1ncc2c(n1)nc[nH]2,-1.2099504,-1.0146034
O=c1[n-]c(=O)n(c2c1n(C)cn2)C.[Na+],-1.2087616,-0.11021155
N[C@H](C(=O)O)CC[S+](C)C.[Cl-],-1.2048448,0.22662252
CC(C#C)NCc1ccccc1,-1.2028998,-0.93093413
OCC(COc1ccc(cc1)C(=O)C)O,-1.1955879,-1.044061
CN(CCOCCCOC(=O)c1ccc(cc1)N)C,-1.1774647,-1.1954024
CN1CCC(CC1)(C(=O)C)c1cccc(c1)O,-1.1720356,-1.8153391
CCC(CO)CC,-1.17,-0.8244037
CC[Hg]OC(=O)C[S-].[K+],-1.1622136,0.16485053
c1ccc2c(c1)ocn2,-1.16,-1.6661235
OC(=O)c1cc(O)c(c(c1)O)O,-1.16,-1.5047092
C=CCC1(C)C(=O)NC(=O)NC1=O,-1.16,-1.4033241
OCC(COc1ccccc1OC)(O)C,-1.1565758,-1.2242812
NNC(c1ccccc1)C,-1.1550778,-1.1165628
CN1CCN(C1=Nc1ncc(s1)[N+](=O)[O-])C,-1.1538446,-2.3077993
O=C(C(c1ccccc1)(C1CCCC1)O)OC1CC[N+](C1)(C)C.[Br-],-1.1452578,-1.9820905
CC([N+](CCOC(=O)C(c1ccccc1)(c1ccccc1)O)(C)C)C.[Cl-],-1.1412246,-1.0138245
CNS(=O)(=O)Cc1ccc2c(c1)c(CCN(C)C)c[nH]2,-1.1408107,-1.853415
Oc1cc2O[C@H](c3ccc(c(c3)O)O)[C@H](C(=O)c2c(c1)O)O,-1.1402218,-2.5575483
Nc1cc[nH]c(=O)n1,-1.14,-0.331006
Nc1ccnn1c1ccccc1,-1.1374632,-1.1814637
Nc1[nH]ncc1c1ccccc1,-1.1374632,-1.2034556
Brc1ccc(nc1)OCCNCCSS(=O)(=O)O,-1.1330007,-1.0132533
CCNC1=NC(=O)C(O1)c1ccccc1,-1.1305656,-2.3410044
C[C@H]1C[C@@H](C)C(=O)[C@H](C1)[C@H](CC1CC(=O)NC(=O)C1)O,-1.13,-1.8924682
[O-]S(=O)(=O)[O-].COc1c(OC)ccc2c1c[n+]1CCc3c(c1c2)cc1c(c3)OCO1.COc1c(OC)ccc2c1c[n+]1CCc3c(c1c2)cc1c(c3)OCO1,-1.1238799,-5.483157
OC[C@H]1O[C@H](C[C@@H]1N=[N+]=[N-])n1cc(C)c(=O)[nH]c1=O,-1.1237135,-1.159017
C[C@@H]1N(C)CCO[C@H]1c1ccccc1.Cl,-1.119378,-0.75645185
CCCCCCOCN1C=C[NH+](/C/1=C/[NH+]=O)C.[Cl-],-1.1193032,-1.084658
NC(=O)OC[C@@H]1N=C(N)N2[C@@]3([C@H]1NC(=N3)N)C(O)(O)CC2.Cl.Cl,-1.1118447,0.10242528
COc1ncc2c(n1)nccn2,-1.11,-0.6827089
NNC(=O)c1cc(Cl)nc(c1)Cl,-1.109802,-1.5193222
CN/C(=C\[N+](=O)[O-])/NCCSCc1ccc(o1)CN(C)C,-1.105495,-1.0902894
CCCC(C(c1ccccc1)O)[NH2+]C.[Cl-],-1.1011803,-1.070643
CCCCCCN,-1.1,-0.722906
OC(=O)COc1ccccc1,-1.1,-1.3793404
O=C1CC[C@@]2([C@@]34[C@H]1Oc1c4c(C[C@H]2N(CC3)C)ccc1O)O,-1.0986675,-1.4213388
COC(=O)C(=O)N1C2CCC1CN(C2)C,-1.0963967,-1.1356001
Fc1c[nH]c(=O)[nH]c1=O,-1.07,-0.7330969
[O-][N+](=O)/N=C(/n1nc(cc1C)C)\N,-1.0641997,-2.249733
CCCl,-1.06,-0.79563695
C/C=C\1/C[C@@H](C)[C@](O)(CO)C(=O)OCC2=CCN3[C@H]2[C@H](OC1=O)CC3,-1.0573908,-0.62217116
O=C1CC[C@H](N1)C(=O)N[C@H](C(=O)N1CCC[C@H]1C(=O)N)Cc1[nH]cnc1,-1.0513203,-1.427376
CN1CCc2c(C1)cccc2.Cl,-1.0361727,-0.82834136
CC(=O)Nc1ccc(cc1)O,-1.03,-0.9538045
Cc1onc(c1)C,-1.029066,-0.850876
CC1CCCC(N1)(C)C,-1.0290459,-0.63815975
OS(=O)(=O)O.O[C@H]1C=C[C@@H]2[C@@]34[C@H]1Oc1c4c(C[C@H]2N(CC3)C)ccc1O.O[C@H]1C=C[C@@H]2[C@@]34[C@H]1Oc1c4c(C[C@H]2N(CC3)C)ccc1O,-1.0157093,-1.8739748
OC(COc1cccc2c1C[C@H](O)[C@@H](C2)O)CNC(C)(C)C	,-1.01,-1.2781589
OCC(COCc1ccccc1)O,-1.0077406,-0.5944682
CNC(=O)c1ccccc1O,-1.0062649,-0.9091633
CCC[C@](CC)(O)C,-1.0,-0.8416823
OCC([C@H](C(=O)NCCC(=O)NCCSSCCNC(=O)CCNC(=O)[C@@H](C(CO)(C)C)O)O)(C)C,-0.99094903,-1.816885
COCCNCC(C(Oc1ccccc1)(C)C)O,-0.9870667,-1.0956144
CC(=O)Nc1ccc(cc1)N,-0.98,-0.8657641
Nc1ccc2c(c1)ccc(=O)o2.Cl,-0.9736072,-1.3919959
Nc1nc(=O)[nH]cc1F,-0.97,-0.53146416
CC(Cc1ccc(cc1)O)NCC(c1cc(O)cc(c1)O)O.Br,-0.9676361,-1.6294672
C=COC=C,-0.95973593,-0.8173338
Oc1cc(O)c(c(c1)O)C(=O)O,-0.95891374,-1.644114
Oc1cc(C(=O)O)c(cc1O)O,-0.95891374,-1.8981907
FCCSC#N,-0.95726866,-0.97376984
CCOC(=O)C1CC2CCN1CC2,-0.9491792,-0.98670864
NCCc1c[nH]c2c1cc(O)cc2,-0.9450227,-0.79931813
CCCC(CCC)N,-0.9432632,-0.86091477
C[C@@H]1CCCCC1=O,-0.94,-1.3097763
Cc1nn(c(c1)N)c1ccccc1,-0.9375655,-1.4060171
CC(=C)C(=O)OCC1CO1,-0.9352752,0.20102435
CN1CCN(C1c1ccc(cc1)Cl)C,-0.93450874,-1.1651326
CCC(C#C)(/C=C/Cl)O,-0.92362505,-0.83526206
CN(CCOc1ccccc1)C,-0.9106086,-1.4814844
NC(=O)c1cnccn1,-0.91,-0.19609487
OC(=O)Cc1cscc1,-0.90977603,-0.68904793
SC(=S)N1CCNCC1,-0.90833783,-0.8549995
CN(CCCCCCN(C)C)C,-0.9024754,-0.49955726
CCCC[N+](CCCC)(CCCC)C.[OH-],-0.9010909,-1.4056647
CC(=O)NC(=O)N,-0.9,-0.20949066
Nc1c2ccccc2nc2c1cccc2.Cl,-0.8991452,-2.9437497
NN(c1ccccc1)Cc1ccccc1.Cl,-0.8963468,-2.361394
CCCCOC(=O)CO[NH3+].[Cl-],-0.8928805,-0.47260937
ClCBr,-0.89,-0.9240524
CCc1ccc(c(c1)CN(C)C)O,-0.8898787,-1.4744256
NC(=N)SCCSC(=N)N.Br.Br,-0.88814884,-1.1473901
[O-][N+](=O)c1cccnc1OCCCNCCSS(=O)(=O)O,-0.8816963,-1.0069942
OCCN(C(=O)/C=C/c1ccccc1)CCO,-0.8802289,-0.63091195
OC1CCCCCC1,-0.88,-1.0484747
ClCc1cccc(n1)C.Cl,-0.8721587,-0.49440166
Clc1cnc2c(n1)cncn2,-0.87,-1.1025268
COc1ccc(cc1C(C[N+](C)(C)C)C)OC.[Cl-],-0.8680611,-0.41425562
C=CCC(OCn1ccn(/c/1=C/[NH+]=O)C)CCC=C.[Cl-],-0.8571109,-0.7099347
OC(=O)CNC(=O)c1ccccc1O,-0.8561725,-1.0161929
Cc1cccc(c1)N,-0.85,-1.2402866
CCOC=C,-0.85,-0.24736506
CCC(CC)(CC)O,-0.85,-1.194131
COC1=C(C(=O)O)N2[C@H](SC1)[C@@H](C2=O)NC(=O)[C@@H](C1=CCC=CC1)N,-0.8484435,-1.7601688
c1ccc(cn1)OCCCN1CSCC1.Cl.Cl,-0.8457385,-1.1260172
OC1C(=O)NC(=O)NC1=O,-0.8426514,-0.78012854
OCCN1CCOC1=Nc1ncc(s1)[N+](=O)[O-],-0.8332899,-1.632591
CCCC(=O)C=C,-0.83,-0.91480434
O=[NH+]/C=C/1\N(COC2CCCCCC2)C=C[NH+]1C.[Cl-],-0.8224015,-1.4544985
CCCC(=O)OC,-0.82,-0.54518336
OC(c1ccccc1)COC(=O)N,-0.8161274,-1.3138776
Nc1ccc(cc1)O,-0.8,-0.54026675
NC(=O)OCC(C)(C)C,-0.8,-0.9484471
ON=C1CCCCC1,-0.7984204,-1.2302704
CCN(C(=O)CCC(=O)O)CC,-0.7937528,-0.3102603
Cc1ncsc1CC(=O)O,-0.7864835,-1.0456475
OCC(COc1ccc(cc1)C=O)O,-0.7835009,-0.6392072
CN([C@@H]1C(=O)C(=C([C@@]2([C@H]1CC1C(=C(O)c3c([C@@]1(C)O)c(Cl)ccc3O)C2=O)O)O)C(=O)N)C.Cl,-0.7831862,-2.3470914
CC(=O)Oc1cccc(c1)O,-0.7820766,-1.7378106
COc1ccc(cc1)N,-0.76823276,-1.0387025
Cc1[nH]nc(c1)C,-0.76644266,-0.5793326
Cc1[n+](CCCCC[N+](C)(C)C)ccc2c1c1ccccc1[nH]2.[Br-].[Br-],-0.7433504,-1.1837399
[O-][N+](=O)c1nccn1CC(COC)O,-0.7426071,-0.6273906
O=[NH+]/C=c/1\ccccn1C.[I-],-0.74047124,0.21376711
ONc1ccccc1,-0.74,-0.46890247
COC(=O)c1ccccc1O[C@@H]1O[C@H](CO[C@H]2OC[C@@H]([C@H]([C@@H]2O)O)O)[C@H]([C@@H]([C@H]1O)O)O,-0.74,-0.38545284
CCCCCC(=O)NO,-0.73763984,-1.2280082
Nc1ccc2c(c1)cn[nH]2,-0.7285039,-0.8967853
Nc1ccc2c(c1)[nH]nc2,-0.7281549,-0.89565235
Nc1ccc2c(c1)nc(o2)N,-0.71878713,-1.3849034
Cc1ccc(cc1)O,-0.7,-1.1351357
ClC1CS(=O)(=O)CC1Cl,-0.6866271,-1.7460501
CC[C@H](C(=O)C)C,-0.67,-0.8039621
[O-][N+](=O)Nc1ccccn1,-0.66049725,-0.60491854
CCOC(=O)CC,-0.66,-0.5658027
CCN1CCCN(C1=S)CC,-0.64967275,-1.2961233
OCCN(c1nc2c(n1C)c(=O)n(c(=O)n2C)C)C,-0.6488298,-1.2828324
Nc1ccccc1S(=O)(=O)N,-0.6449736,-1.2625096
O=Cc1cnc(n1C)[N+](=O)[O-],-0.6378584,-0.5279758
OS(=O)(=O)O.CCCCNCC(c1ccc(cc1)O)O.CCCCNCC(c1ccc(cc1)O)O,-0.6059865,-1.193658
O=C1CCCCC1,-0.6,-1.009367
CC(=O)OC(COC(=O)C)COC(=O)C,-0.6,-0.90918195
CCS,-0.6,-0.3048201
O[C@@H]([C@@H](N(C)C)C)c1ccccc1.Cl,-0.5982935,-0.46281686
OCc1c(C)[nH]c(=O)[nH]c1=O,-0.5940706,-0.7751397
CO[C@H]1C=CC2=CCN3[C@]2(C1)C1=C(CC3)COC(=C1)[O-].[Na+],-0.579863,-0.39981583
C/C=C/C=C/CO,-0.57923967,-1.2784604
OC(=O)CC1CC(C1(C)C)C(=O)C,-0.57517606,-1.2824113
OCC1COC(O1)(C)C,-0.57099074,0.06365085
CCOP(=O)(SCCN(C)C)OCC,-0.5682845,-0.46541634
O=[NH+]/C=c/1\n(COC(C(CC)C)C)ccn1C.[Cl-],-0.5626686,-0.6397512
C1CCN(CC1)C=CC=CC=[N+]1CCCCC1.[Cl-],-0.56259835,-0.4184559
NC(=O)CC[C@H](C(=O)O)N,-0.55,0.17362541
O1CCOCCOCCOCCOCCOCC1,-0.547529,-0.5570541
O=C1CC(C)(C)CC(=O)N1C,-0.5396053,-0.8714951
[O-][N+](=O)c1nccn1CC(CF)O,-0.5269063,-1.1182504
OCCC(C)C,-0.52,-0.06705916
OC(=O)C(=O)[O-].Oc1ccc2c(c1)c(CC[NH+](C)C)c[nH]2,-0.51119334,-1.2732241
CCNC(C)(C)C.Cl,-0.50128967,-0.4353794
OC(=O)C(Cl)(Cl)Cl,-0.47600096,-1.6213331
OC[C@H]1O[C@H]([C@@H]([C@@H]1O)O)n1ncc(=O)[nH]c1=O,-0.47142172,-0.31027448
NC(=S)c1ccccc1,-0.4672939,-0.72977114
CC(=O)C[C@@H]1CCCCN1,-0.45,-0.7057395
OC1CCCCC1,-0.44,-0.59214294
[O-]S(=O)CCCCSSCCNC(=O)C.[Na+],-0.43806154,-0.5276104
NCCCCCCNCCSP(=O)(O)O.O,-0.43392977,0.20608658
CCN(CCOC(=O)c1cccnc1)CC,-0.43331406,-1.3079088
ClCCOS(=O)(=O)C,-0.43313634,-0.06263977
O=C1C=CC2(O1)CCC12C=CC(=O)O1,-0.4278637,-1.2034442
Nc1ccccc1N,-0.42,-0.4716988
CSCC[C@H](C(=O)O)N,-0.42,0.15348619
CC(=O)OCC#C,-0.41648558,0.08179879
OC(CN1CCN(CC1)C)COc1cccc(c1)C(=O)C.Cl.Cl,-0.41342464,-0.7155527
NC(=O)N(c1ccccc1C)C,-0.40314957,-1.3753839
OCC(C)(C)C,-0.4,-0.25070238
CC1C[N+]2(COC[N+]34CCC(CC3)C(C4)C)CCC1CC2.[I-].[I-],-0.38876387,-1.9941075
CC(=O)Nc1cccc(c1)[As](=O)(O)[O-].[Na+],-0.38812286,-0.059287846
COc1cc(cc(c1C)C)[N+](C)(C)C.[I-],-0.37644446,0.12873626
CCCOC(=O)c1ccc(cc1)[O-].[Na+],-0.37175578,-1.0055707
OC(C(F)(F)F)(C(F)(F)F)N1CCNCC1.O,-0.3634593,-0.7982755
O=C1NC(=O)C(O1)(C)C,-0.35985166,-0.8586218
CC(=O)c1cccc(c1)[NH+](O)C.[Cl-],-0.35569644,-0.61117905
CN(CCc1c[nH]c2c1ccc(c2)O)C,-0.35260364,-0.80789787
CCC(NCC(c1ccc(cc1)N)O)C,-0.35161993,-1.462815
NC(=O)OCc1ccccc1,-0.35,-1.5438262
O=C1CCCCCCN1,-0.3349177,-1.4003661
O=C1C(=C(N2CC2)C(=O)C=C1N1CC1)N1CC1,-0.33470735,-0.119378924
OCc1cnc(c(c1C)O)C.Cl,-0.33000407,0.04332781
ON=C1CCCC1,-0.32513803,-0.6290468
O=[NH+]C=c1ccn(cc1)COCn1ccc(=C[NH+]=O)cc1.[Cl-].[Cl-],-0.32311127,-0.3635163
CCN1CCN(C1=S)CC,-0.31317076,-0.96614325
OC(c1ccc(cc1)O)CNC(C)C,-0.3115248,-0.37311262
Cc1cc(=O)c2n([nH]1)cnn2,-0.2810768,-0.8590183
CCC(=O)CC,-0.28,-0.5281229
c1cc[n+](cc1)CC[n+]1ccccc1.[Br-].[Br-],-0.2650011,0.15799218
NC(=S)c1ccccn1,-0.26097304,-0.51937306
CC1=NCCN1,-0.26045567,-0.40964192
NC(=O)CN1CCCC1=O,-0.23374555,-0.087772906
OC[C@H]1O[C@H]([C@@H]([C@@H]1O)O)n1ccc2c1[nH]cnc2=O,-0.22007722,-0.8087027
CCNCCCNCCSP(=O)(O)O.CCNCCCNCCSP(=O)(O)O.O.O.O,-0.20751426,0.1636293
OC[C@@]([C@@H]([C@@]12OCCC(=C)[C@@](C(=O)N1)(NC2=O)O)O)(O)C,-0.19711249,-1.5929489
CN(CCOC(=O)C(=C)C)C,-0.17077307,-0.17464143
Oc1ccc(cc1)O,-0.17,-0.8718382
COP(=O)(CCOC(=O)C)OC,-0.15902507,-0.14502472
CC(CNCCSS(=O)(=O)O)(C)C,-0.15527302,0.14801967
OCCCn1cnc2c1c(=O)n(C)c(=O)n2C,-0.15509182,-1.1925211
OCC(CS)S,-0.15465829,-0.013183594
CC1NC(=O)C(NC1=O)C,-0.15277131,-0.81581086
O=[NH+]/C=c/1\n(COCc2ccccc2)ccn1C.[Cl-],-0.14492734,-0.10199779
CCC12COP(OC1)OC2,-0.14352407,-0.7228084
Cc1cccc(c1)C(C([NH3+])C)O.[Cl-],-0.13737564,-0.2919192
[O-][N+](=O)c1nccn1CC(CO)O,-0.13675073,-0.52125907
CC(=O)/C=N/O,-0.12826644,0.19326288
OP(=O)(O)O.COc1ccc2c3c1O[C@@H]1[C@@]43CCN([C@H](C2)[C@@H]4C=C[C@@H]1O)C,-0.10782684,-1.8092756
CCOCC,-0.09,-0.20689672
OP(=O)(O)O.CC(Cc1ccccc1)N,-0.08670261,-0.4815523
O=C1OCC2=CCN3[C@H]2[C@@H](CC3)OC(=O)[C@@]2(C[C@H]([C@@]1(C)O)C)O[C@H]2C,-0.08640802,-0.71318537
NCCCCCF,-0.04319711,-0.0045977235
O[C@@H]1C[C@H]2CC[C@@H]([C@H]1C(=O)O)N2C,-0.02,0.17213696
C[n+]1ccc(cc1)c1cscc1.[I-],-0.017780356,-0.07246536
NCC(Sc1ccccc1)(O)C,-0.015115744,-0.67950445
Oc1ccccc1,0.0,-0.68997717
[O-]C(=O)C.[O-]C(=O)C.[Co+2],0.000438928,-0.0745731
[O-]C(=O)c1n(C)c(C(=O)[O-])c(c(=O)c1I)I.[Na+].[Na+],0.006209415,-0.5505089
CCN1CCCC1=O,0.006248949,-0.48147905
NNC(=O)c1ccncc1,0.01,-0.48413348
CC(=C)C(=O)O,0.01,0.134318
c1ncc2c(n1)nccn2,0.02,-0.048664153
c1ncc2c(n1)nccn2	,0.02,-0.048664153
[O-][N+](=O)[O-].OCC(c1ccccc1)C(=O)OC1C[C@@H]2CC[C@H](C1)[N+]2(C)C,0.024411708,-1.2166526
O=C1O[C@@H]2CCN3[C@@H]2C(=CC3)COC(=O)[C@]([C@]([C@H]1C)(C)O)(C)O,0.05945977,-0.39138874
NCCCCNCCCSP(=O)(O)O.C.C,0.064106345,0.18939441
[O-]S(=O)(=O)[O-].[Mg+2],0.065952346,0.1967538
OC[C@H]1OC([S-])[C@@H]([C@H]([C@@H]1O)O)O.[Au+],0.07592887,0.19946873
OC1C[C@@H]2CC[C@H](C1)N2C,0.08261011,0.08959335
COP(=O)(N(C)C)OC,0.08681536,0.20634794
CN(CCOC(=O)c1cccnc1)C,0.10260987,-0.20705509
C[C@@H]1CCCO1,0.11,-0.68690157
OCC1CC2CCN1CC2.Cl,0.11399299,-0.05500257
COCc1c(CO)cnc(c1O)C.Cl,0.119137,-0.12813318
CC[N+](CCOc1ccc(cc1)OCC[N+](CC)(CC)CC)(CC)CC.[I-].[I-].[I-],0.11949839,0.22683078
[O-]S(=O)(=O)CS(=O)(=O)[O-].[Ca+2],0.12550807,0.1591931
CC(C[N+](C)(C)C)OC(=O)c1ccccc1.[I-],0.14710692,0.22811025
CCOC=O,0.15,-0.31850463
COc1ccc(cc1)C(C(N)C)O.Cl,0.15070628,0.12062353
NCCC[C@@H](CC(=O)N[C@H]1CNC(=O)[C@@H](NC(=O)/C(=C/NC(=O)N)/NC(=O)[C@@H](NC(=O)[C@@H](NC1=O)CO)CO)[C@H]1C[C@H](O)N=C(N1)N)N,0.16386585,-0.3956967
O=C(c1nccnc1)NCN1CCOCC1,0.17599745,-0.8444844
[O-][n+]1cc(ncc1C)C(=O)O,0.19558321,-1.3396161
CCOc1ccc(cc1)N.Cl,0.20282999,-0.93163735
OC[C@H]1O[C@H]([C@@H]([C@@H]1O[C@H]1O[C@@H](CN)[C@H]([C@@H]([C@H]1N)O)O)O)O[C@@H]1[C@@H](O)[C@H](N)C[C@@H]([C@H]1O[C@H]1O[C@H](CO)[C@H]([C@@H]([C@H]1N)O)O)N,0.21067743,0.21136051
OC[C@H]1O[C@H]([C@@H]([C@@H]1O[C@H]1O[C@@H](CN)[C@H]([C@@H]([C@H]1N)O)O)O)O[C@@H]1[C@@H](O)[C@H](N)C[C@@H]([C@H]1O[C@H]1O[C@H](CN)[C@H]([C@@H]([C@H]1N)O)O)N,0.2113721,0.21677196
Oc1cc(O)cc(c1)O.O.O,0.21171105,-0.2246955
CC[N+](Cc1ccccc1Cl)(CCNC(=O)C(=O)NCC[N+](Cc1ccccc1Cl)(CC)CC)CC.[Cl-].[Cl-],0.21576086,-5.142369
O=C(N(C)C)Oc1cccc(c1)[N+](C)(C)C.[Br-],0.2172408,0.2665916
OCc1c(CO)cnc(c1O)C,0.22190012,0.11211705
CC[N+](CCCCc1ccc(cc1)[N+](CC)(CC)CC)(CC)CC.[I-].[I-],0.2303266,0.09559053
OC[C@@H]1O[C@@H](O[C@H]2[C@H](O[C@H]3[C@H](O)[C@@H](O)[C@@H]([C@H]([C@@H]3N=C(N)N)O)N=C(N)N)O[C@H]([C@]2(O)CO)C)[C@H]([C@@H]([C@H]1O)O)NC,0.23388769,0.2037453
CC[N+](CCCc1ccc(cc1)[N+](CC)(CC)CC)(CC)CC.[I-].[I-],0.24080521,0.19942445
NC1=NC(CS1)C(=O)O,0.25676352,-0.7426122
CC[N+](CCCc1ccc(cc1)[N+](CC)(CC)C)(CC)C.[I-].[I-],0.2625529,0.29262453
CC[N+](CCOC(C[N+](CC)(CC)CC)C)(CC)CC.[I-].[I-],0.26573718,0.24298102
CCCCNCCSS(=O)(=O)O,0.2697793,0.16820854
CCC(C#C)O,0.2775994,0.19073313
CC(C(=O)O)C,0.28,0.0021045804
CC[N+](CCCc1ccc(cc1)[N+](CC)(C)C)(C)C.[I-].[I-],0.2854473,0.32651418
NCC(CNCCSP(=O)(O)O)O.NCC(CNCCSP(=O)(O)O)O.O.O.O,0.288629,0.25796896
CC[N+](CCOC(C[N+](CC)(C)C)C)(CC)CC.[I-].[I-],0.28880456,0.29516584
OC(=O)CCCN1CCOCC1,0.29290092,0.07898021
C[N+](CCCC[N+]1(C)CC2CCCC(C1)C2)(C)C.[I-].[I-],0.29390466,0.28643852
C[C@@H](C(F)(F)F)O,0.3,-0.11795801
CC[N+](CCCOCCC[N+](C)(C)C)(CC)C.[I-].[I-],0.30081466,0.32339555
COC[C@@]12CN(CC)C3[C@]4([C@@H]2[C@@H](OC)[C@@H]3[C@@]2([C@@H]3[C@H]4C[C@@]([C@@H]3O)([C@H]([C@@H]2O)OC)O)O)[C@H](C[C@H]1O)OC,0.3013767,-0.7313826
COc1ccc(cc1C(C([N+](C)(C)C)C)O)OC.[Cl-],0.30207777,0.21231616
OS(=O)(=O)O.NC(=NCCN1CCCCCCC1)N.NC(=NCCN1CCCCCCC1)N,0.30565807,-1.941596
C[N+](CCC[N+]1(C)CC2CCCC(C1)C2)(C)C.[I-].[I-],0.30605862,0.2899695
CC[N+](CCSCC[N+](C)(C)C)(CC)C.[I-].[I-],0.3113533,0.30130035
CC[N+](CC(OCC[N+](C)(C)C)C)(CC)C.[I-].[I-],0.3131663,0.31752497
CC[N+](CCOCCC[N+](C)(C)C)(CC)C.[I-].[I-],0.3131663,0.32485753
CCC[N+](CCOCC[N+](C)(C)C)(CC)C.[I-].[I-],0.3131663,0.31939584
CC[N+](CCOC(C[N+](CC)(C)C)C)(C)C.[I-].[I-],0.3131663,0.31731373
C[N+](CCOCC[N+]1(C)CCOCC1)(C)C.[I-].[I-],0.3132056,0.32809573
[O-]C(=O)CC[C@@H](C(=O)[O-])NC(=O)c1ccc(cc1)NCc1cnc2c(n1)c(=O)nc([nH]2)N.[Na+].[Na+],0.31392884,-1.1187541
O=C1C=C[C@]2(C(=C1)CC[C@@H]1[C@@H]2[C@@H](O)C[C@]2([C@H]1CC[C@]2(O)C(=O)COP(=O)([O-])[O-])C)C.[Na+].[Na+],0.31480303,-2.436216
NCc1c(CO)cnc(c1O)C.Cl.Cl,0.31675118,-0.00359869
C[N+](CC[N+]1(C)CC2CCCC(C1)C2)(C)C.[I-].[I-],0.31856245,0.28134006
O=S1(=O)CC=CC1,0.32079038,0.20783252
CNC(C1CCC(C(O1)OC1C(N)CC(C(C1O)OC1OCC(C(C1O)NC)(C)O)N)N)C,0.32093295,0.22007358
C[N+](CCc1ccc(cc1)[N+](C)(C)C)(C)C.[I-].[I-],0.3222243,0.34724814
CC[N+](CCOCC[N+](C)(C)C)(CC)C.[I-].[I-],0.32587954,0.32296127
C[N+](CCCOCCC[N+](C)(C)C)(C)C.[I-].[I-],0.32587954,0.3411141
Brc1c[n+](CCC[N+](C)(C)C)cc2c1cccc2.[Br-].[Br-],0.32877254,0.3035137
CC[N+](CCOCC[N+]1(CC)CCCCC1)(CC)CC.[Br-].[Br-],0.35036144,0.22600311
CC[N+](CCCOCCC[N+](CC)(CC)CC)(C)C.[Br-].[Br-],0.36220917,0.2879973
OC(=O)C1(N)CC1,0.36407188,0.2225905
C[N+](CCC[n+]1cccc2c1c1ccccc1[nH]2)(C)C.[Br-].[Br-],0.36734027,-0.34164682
C[N+](CCC[n+]1ccc2c(c1)c1ccccc1[nH]2)(C)C.[Br-].[Br-],0.36734027,-0.38631463
CC[N+](CCSSCC[N+](CC)(C)C)(C)C.[Br-].[Br-],0.3702704,0.29774088
CC[N+](CCSCC[N+](CC)(CC)CC)(C)C.[Br-].[Br-],0.3743707,0.2574249
CC[N+](CCCOCC[N+](CC)(CC)CC)(C)C.[Br-].[Br-],0.3764675,0.29362684
CC[N+](CCS(=O)CC[N+](CC)(C)C)(C)C.[Br-].[Br-],0.38694826,0.319259
OCCCN(CC)CC,0.38904917,0.17634827
C[N+](CCC[N+]1(C)CCc2c(C1)cccc2)(C)C.[Br-].[Br-],0.38910362,0.3230422
Cc1[n+](CCC[N+](C)(C)C)ccc2c1cccc2.[Br-].[Br-],0.39341444,0.29067713
CC[N+](CCSCC[N+](CC)(C)C)(C)C.[Br-].[Br-],0.4042239,0.28647977
C[N+](CCC[NH+]1CCc2c(C1)cccc2)(C)C.[Br-].[Br-],0.4042889,0.30469435
CCOP(=O)(SCC[N+](C)(C)C)OCC.[I-],0.41654617,0.2881561
CCC(SS(=O)(=O)O)(N=C(N)N)C,0.41938064,-0.23117232
NCCCC(=O)OCC.Cl,0.42204422,0.122095644
ClCCNC[C@H]([C@H]([C@@H]([C@@H](CNCCCl)O)O)O)O.Cl.Cl,0.42237955,0.17788345
CCC12COP(=O)(OC1)OC2,0.42505592,-0.7773435
CC[N+](CCCC[N+](CC)(C)C)(C)C.[Br-].[Br-],0.44105875,0.31573397
NCCCNCCCCNCCCN.Cl.Cl.Cl.Cl,0.45819867,-0.1736219
C[N+](CCCCC[N+](C)(C)C)(C)C.[Br-].[Br-],0.4582124,0.33794147
ICC[N+](C)(C)C.[I-],0.46727744,0.27918798
CS(=O)(=O)OCCCNCCCOS(=O)(=O)C.Cl,0.4870236,-0.62971044
CCOC(=O)C1CC2CC[N+]1(C)CC2.[I-],0.48786283,0.09675294
C[C@@H]1NC[C@H](NC1)C,0.49,0.21525937
OC(C(C(=O)O)O)C(=O)O.NCC(c1ccc(c(c1)O)O)O,0.49584734,0.23376077
O=C1NC(=O)CN(C1)CC(N1CC(=O)NC(=O)C1)C,0.50894094,-0.4415744
OCN(c1nc(nc(n1)N(CO)CO)N(CO)CO)CO,0.5138828,-1.460933
COC(=O)C,0.52,0.13031393
COc1cccc(c1)C[N+](C)(C)C.[Br-],0.52450323,0.24318677
Cl[As](c1ccc(c(c1)N)O)Cl.Cl,0.5370034,-1.051788
SC/C(=[NH+]\CCC[NH+]1CCOCC1)/N.[Cl-].[Cl-],0.5372322,-0.2881471
NCCc1cccc(c1)O.Cl,0.5506354,0.19438529
C1CCCO1,0.56,-0.20436019
OS(=O)(=O)O.Cc1nccnc1N1CCCCC1,0.5601575,-1.2253991
OCC[N+](CC)(CC)CC.[I-],0.5635861,0.2780717
C[N+](Cc1ccco1)(C)C.[I-],0.5733099,-0.19744796
CCC=O,0.58,0.1508323
Cc1cc(C)c(cc1[N+](C)(C)C)O.[Br-],0.58473444,0.28416914
O[C@H]([C@H](C(=O)O)O)C(=O)O.OCc1cccnc1,0.58634156,0.24436337
[O-]P(=O)(OCC[N+](C)(C)C)[O-].[Cl-].[Ca+2],0.5889463,0.262446
OC[C@H](COP(=O)(OCC[N+](C)(C)C)[O-])O,0.5896902,0.22686094
O=c1ccnc[nH]1,0.59,-0.4125846
NCCCNCCCCN.Cl.Cl.Cl,0.59410065,0.19673628
Oc1ccccc1C[N+](C)(C)C.[Br-],0.6088037,0.2869982
Cc1ccc(cc1O)[N+](C)(C)C.[Br-],0.6088037,0.30782658
COC(=O)C(Cc1ccc(cc1)O)(N)C.Cl,0.6095895,-0.5187764
COCC[N+](C)(C)C.[I-],0.6106496,0.22275436
O=C(c1ccccc1)OCC[N+](C)(C)C.[Cl-],0.6130892,0.23254675
C#CCCOCn1ccc(=C[NH+]=O)cc1.[Cl-],0.6185474,-0.25939035
Oc1ccccc1O,0.62,-0.62993383
NCCCNCCCCNCCCN.Cl,0.6219584,0.23468184
O=[As]c1ccc(c(c1)N)O.Cl,0.6280109,0.2008881
OC[C@H]([C@H]([C@@H]([C@H](C(=O)[O-])O)O)O)O.[K+],0.63032967,0.26198715
NCCCNCCSP(=O)(O)O.O,0.6340723,0.24020803
Cn1ccn(/c/1=C\[NH+]=O)COCC#C.[Cl-],0.6389071,0.20814878
NCCCCNCCSP(=O)(O)O,0.63985425,0.20637745
CCC[N+](C)(C)C.[I-],0.6399654,0.30534655
ClC[Si]12OCCN(CCO1)CCO2,0.65027964,-0.9198323
C[n+]1ccccc1.[I-],0.6555272,0.22735006
C[NH+]1C=CN(/C/1=C\[NH+]=O)COCC.[Cl-],0.6562429,0.22181827
OCC(CO)(CO)N,0.6570895,0.25175077
CNCC(=O)c1ccc(c(c1)O)O.Cl,0.6622433,0.18178779
O[C@H]1CSSC[C@@H]1O,0.6724242,0.04988581
OC(=O)[C@H](CCCN=C(N)N)N.Cl,0.6764138,0.21552914
ClCC[N+](CCCl)(C)C.[Cl-],0.6850063,-0.18528813
NC[C@@H](c1ccc(c(c1)O)O)O.Cl,0.6868966,0.22468722
OCCCNC(=O)[C@@H](C(CO)(C)C)O,0.6877084,0.026852787
CC[C@H](NCCN[C@H](CO)CC)CO,0.68970186,-0.117340386
OC[C@H]([C@H](CO)O)O,0.7,0.22746897
NC(=NCCSS(=O)(=O)O)N,0.70061696,0.19272
OC(=O)[C@@H]1N2[C@H](O/C/1=C\CO)CC2=O,0.7007935,-0.21434921
OC(C[N+](C)(C)C)CC(=O)O.[Cl-],0.7040834,0.3319841
O=C1C=C([O-])C(=O)c2c1cccc2.[Na+],0.7074405,-0.6595582
OC(=O)C[N+](C)(C)C,0.72,0.30111212
NC(=S)Cc1ccccn1.Cl,0.72429025,0.015160799
CC(C[N+](/N=C(/C(=C)C)\[O-])(C)C)O,0.7298921,0.24283642
OC(=O)CC[C@@H](C(=O)[O-])N.[K+],0.73231214,0.24754602
c1cccnc1,0.76,-0.015189171
CNCCSS(=O)(=O)O,0.7664227,0.21941191
NC[C@@H](c1ccc(c(c1)O)O)O,0.771651,0.18244976
OCCN(C(=O)CO)CCO,0.7873517,0.21249586
Oc1cccc(c1N)O.Cl,0.7915989,-0.5679567
O[C@@H](C[N+](C)(C)C)CC(=O)[O-],0.7926323,0.31329888
NCCSS(=O)(=O)O,0.80354196,0.23827863
COC(=O)C1=CCCN(C1)C,0.81,-0.2483092
C/C=C/C=C/C(=O)[O-].[K+],0.823278,-0.31233734
CC(=O)OCC[N+](C)(C)C,0.83502287,0.24936181
NCCOS(=O)(=O)O,0.8503468,0.2479158
CCCC[N+](C)(C)C.[OH-],0.87538165,0.29268605
OC(=O)C1CSCN1,0.87560993,0.19609869
CC(C#N)NC(C#N)C,0.88999176,0.16035151
CC(C#C)O,0.90081626,0.22268349
OC(=O)CCl,0.93,0.07659984
NCCS.Cl,0.9446102,0.21451771
NC(=O)C#CC(=O)N,0.9504409,-0.3042105
C=C[N+](C)(C)C.[OH-],0.9864676,0.31457883
Nc1nccnn1,1.0173082,-0.005145192
Nc1c[nH]nc1,1.0804303,0.15351814
CCO,1.1,0.23671526
[O-][N+](=O)NC,1.1188723,-0.17087722
CNC(=O)N,1.13,0.19612736
CNCCN,1.1300236,0.2702667
CN(C=O)N,1.1302814,0.19520706
C1CCCN1,1.15,0.20838779
CO,1.57,0.24106604
