dataset,epochs,num-folds,SEED,criterion,test_losses
esol,300,5,300,L1Loss(),"[0.500574196709527, 0.5036277601453993, 0.680393795437283, 0.6814285956488715, 0.8182248691105107]"
