dataset,epochs,num-folds,SEED,criterion,test_losses
freesolv,300,5,200,L1Loss(),"[0.7478221382681779, 0.6569265230434147, 0.5452708146703524, 0.6401419451856237, 0.7187412312922586]"
