dataset,epochs,num-folds,SEED,criterion,test_losses
freesolv,300,5,200,MSELoss(),"[1.3095430989903727, 1.0743483896330586, 1.0024774506336123, 1.124471048670491, 1.5403233593656818]"
