dataset,epochs,num-folds,SEED,criterion,test_losses
freesolv,300,5,200,MSELoss(),"[2.219127169522372, 2.2043058975883154, 19.885235969387754, 4.8457446920460665, 4.729366503263774]"
