dataset,model_name,epochs,num-folds,SEED,criterion,fold_val_means
esol,KROVEX,300,5,100,MSELoss(),"[0.24892695300584602, 0.2393227267219288, 0.22891675791162128, 0.23954674309942836, 0.23361126826003645]"
