dataset,model_name,epochs,num-folds,SEED,criterion,fold_val_means
freesolv_full,fag,300,5,100,MSELoss(),"[0.4493243445569512, 0.4620796214407388, 0.5028272601068797, 0.4822275635209335, 0.49417763521506763]"
