dataset,model_name,epochs,num-folds,SEED,criterion,fold_val_means
lipo,KROVEX,300,5,100,MSELoss(),"[0.38948996548709414, 0.3900920028064459, 0.3815221550270678, 0.39145516845252776, 0.3858216074057041]"
