idx,mid_lat,mid_lng,end_lat,end_lng,mid_time,end_time
0,37.4102033,127.1212796,37.6458431,127.1019034,0+18일 12시,0+18일 14시
