idx,mid_lat,mid_lng,end_lat,end_lng,mid_time,end_time
0,37.4346262,126.7337582,37.3873855,128.0083544,0+14일 10시,0+14일 14시
