idx,mid_lat,mid_lng,end_lat,end_lng,mid_time,end_time
0,36.3541173,127.4217991,35.9855024,129.4371398,0+11일 9시,0+11일 14시
