idx,mid_lat,mid_lng,end_lat,end_lng,mid_time,end_time
0,36.0086102,129.3638275,36.5739026,128.7018796,0+27일 9시,0+27일 14시
