idx,mid_lat,mid_lng,end_lat,end_lng,mid_time,end_time
0,35.5610412,129.3504859,38.0399039,127.6408012,0+5일 7시,0+5일 14시
