idx,mid_lat,mid_lng,end_lat,end_lng,mid_time,end_time
0,37.4331877,127.1376777,37.6458431,127.1019034,0+26일 12시,0+26일 14시
