idx,mid_lat,mid_lng,end_lat,end_lng,mid_time,end_time
0,35.5626194,129.3479621,37.711877,128.9009236,0+4老 7矫,0+4老 14矫
1,37.2865317,127.036915,36.0518544,129.3687614,0+4老 7矫,0+4老 14矫
