idx,mid_lat,mid_lng,end_lat,end_lng,mid_time,end_time
0,37.2933272,127.2013221,37.7583526,128.9133516,0+17일 9시,0+17일 14시
