idx,mid_lat,mid_lng,end_lat,end_lng,mid_time,end_time
0,37.3400342,126.7335061,37.8370066,128.8587761,0+20일 9시,0+20일 14시
