idx,mid_lat,mid_lng,end_lat,end_lng,mid_time,end_time
0,34.7787411,127.6432328,34.7381262,126.4155933,0+15일 11시,0+15일 14시
