idx,mid_lat,mid_lng,end_lat,end_lng,mid_time,end_time
0,37.51534,126.9156129,36.9690858,127.0658953,0+13일 11시,0+13일 14시
