idx,mid_lat,mid_lng,end_lat,end_lng,mid_time,end_time
0,36.3541173,127.4217991,35.9956365,129.3470151,0+12일 9시,0+12일 14시
