idx,mid_lat,mid_lng,end_lat,end_lng,mid_time,end_time
0,37.5198884,127.1308625,37.280875,127.9009998,0+21일 11시,0+21일 14시
