idx,mid_lat,mid_lng,end_lat,end_lng,mid_time,end_time
0,35.5610412,129.3504859,38.1445815,128.5917143,0+2일 7시,0+2일 14시
