idx,mid_lat,mid_lng,end_lat,end_lng,mid_time,end_time
0,37.5426619,127.207932,37.1559879,127.5735298,0+30일 11시,0+30일 14시
