idx,mid_lat,mid_lng,end_lat,end_lng,mid_time,end_time
0,37.5025948,126.7989797,37.2896886,126.9416559,0+12일 11시,0+12일 14시
