idx,mid_lat,mid_lng,end_lat,end_lng,mid_time,end_time
0,35.8559056,128.484579,37.7136509,126.8899147,0+21일 9시,0+21일 14시
