idx,mid_lat,mid_lng,end_lat,end_lng,mid_time,end_time
0,37.51534,126.9156129,36.9690858,127.0658953,0+8老 11矫,0+8老 14矫
1,36.6531853,127.4957084,36.1590358,127.7663842,0+8老 11矫,0+8老 14矫
