idx,mid_lat,mid_lng,end_lat,end_lng,mid_time,end_time
0,35.1697969,126.9237794,36.0295647,129.3203041,0+28일 8시,0+28일 14시
