idx,mid_lat,mid_lng,end_lat,end_lng,mid_time,end_time
0,35.1368102,126.8790595,37.8734346,127.1573987,0+7일 7시,0+7일 14시
