idx,mid_lat,mid_lng,end_lat,end_lng,mid_time,end_time
0,37.4346262,126.7337582,37.2225319,126.8860547,0+26일 11시,0+26일 14시
