idx,mid_lat,mid_lng,end_lat,end_lng,mid_time,end_time
0,35.8559056,128.484579,36.5422432,128.7971386,0+30老 10矫,0+30老 14矫
1,35.8482251,128.5819932,36.5422432,128.7971386,0+30老 10矫,0+30老 14矫
