idx,mid_lat,mid_lng,end_lat,end_lng,mid_time,end_time
0,35.167285,126.8052879,35.2493425,126.6150541,0+8일 12시,0+8일 14시
