idx,mid_lat,mid_lng,end_lat,end_lng,mid_time,end_time
0,37.4346262,126.7337582,36.0588114,129.3580497,0+7老 8矫,0+7老 14矫
1,37.5064513,127.0126922,37.503393,129.1305093,0+7老 8矫,0+7老 14矫
