dataset,epochs,num-folds,SEED,criterion,test_losses
scgas,300,5,100,L1Loss(),"[0.4860388132242056, 0.4871973624596229, 0.49419066844842374, 0.4913216554201566, 0.48882851890100837]"
scgas,300,5,100,L1Loss(),"[0.6328001266870743, 0.661798391586695, 0.6265012667729304, 0.6248197555541992, 0.6741467923782885]"
