dataset,epochs,num-folds,SEED,criterion,test_losses
esol,300,5,100,MSELoss(),"[4.010509200096131, 3.1166435156928167, 2.3051705339219835, 3.6552788786093395, 2.8766478231824966]"
esol,300,5,100,MSELoss(),"[2.375552126897706, 1.8134336725042925, 1.65563544538286, 2.082961741086393, 2.2506748590175274]"
esol,300,5,100,MSELoss(),"[0.7350514374838935, 0.6170273979070285, 0.8186795311012409, 1.0385424628853799, 0.9526494042988916]"
esol,300,5,100,MSELoss(),"[0.6608601482046975, 0.5871767711639404, 0.8656879926079677, 0.9285280593236287, 0.7256085484038366]"
esol,300,5,100,MSELoss(),"[0.6111174547672271, 0.6584147935443454, 0.5378213431686163, 0.6346083910597695, 0.6007345443517627]"
esol,300,5,100,MSELoss(),"[0.5722917913066017, 0.6429524580223693, 0.5045322547687424, 0.4980184586180581, 0.5004283712298859]"
esol,300,5,100,MSELoss(),"[0.5190422031614516, 0.5777627440624767, 0.46543749446670213, 0.5531274522675408, 0.5116954264661814]"
