dataset,epochs,num-folds,SEED,criterion,test_losses
freesolv,1,2,100,MSELoss(),"[27.313754856025913, 26.787333488464355]"
freesolv,1,2,100,MSELoss(),"[31.168340126922512, 30.89787712097168]"
freesolv,1,2,100,MSELoss(),"[29.22269126389841, 28.224750328063966]"
freesolv,1,2,100,MSELoss(),"[28.325383583953762, 27.92405261993408]"
freesolv,1,2,100,MSELoss(),"[26.328952609932163, 26.206822013854982]"
freesolv,1,2,100,MSELoss(),"[28.0178951634135, 26.40259075164795]"
freesolv,1,2,100,MSELoss(),"[28.806245714145767, 28.35032215118408]"
