dataset,epochs,num-folds,SEED,criterion,test_losses
freesolv,300,5,100,L1Loss(),"[0.690438788706862, 0.7984489380843997, 0.6964177409494956, 0.6193325012687623, 0.69208176445415]"
freesolv,300,5,100,L1Loss(),"[0.690438788706862, 0.7984489380843997, 0.6964177409494956, 0.6193325012687623, 0.69208176445415]"
