dataset,epochs,num-folds,SEED,criterion,test_losses
freesolv,300,5,100,MSELoss(),"[1.223080687635527, 1.1796401617095227, 1.2462662524125707, 0.6900716466227854, 0.7037073660442847]"
