dataset,epochs,num-folds,SEED,criterion,test_losses
freesolv,300,5,100,L1Loss(),"[1.7611141955758642, 1.8987676965908742, 1.8782244704839752, 1.874737506776344, 1.8231979981633544]"
freesolv,300,5,100,L1Loss(),"[1.760584883802519, 1.5952616413747231, 1.7008963757612574, 1.6742006437046322, 1.4295701907791254]"
freesolv,300,5,100,L1Loss(),"[1.6415167680875522, 1.6404059102216104, 1.704530280406081, 1.7280380969911109, 1.4417249810604649]"
