dataset,epochs,num-folds,SEED,criterion,test_losses
esol,300,5,300,MSELoss(),"[8.398128156978371, 3.649879713703815, 3.4909610315837267, 3.0375634652596935, 2.6606805589463978]"
