dataset,epochs,num-folds,SEED,criterion,test_losses
freesolv,2,5,100,MSELoss(),"[20.045815072408537, 41.083746337890624, 21.97692240500937, 21.309817325367646, 22.765530540829612]"
