dataset,epochs,num-folds,SEED,criterion,test_losses
esol,300,5,300,L1Loss(),"[2.0046377633985184, 1.3586409898628866, 1.5240532731668477, 1.4172850714789496, 1.4760847091674805]"
