dataset,epochs,num-folds,SEED,criterion,test_losses
freesolv,300,5,100,L1Loss(),"[0.7710841574319979, 1.4111104965209962, 1.1482004681412055, 1.750384588802562, 0.8926912943522135]"
