dataset,epochs,num-folds,SEED,criterion,test_losses
freesolv,300,5,100,MSELoss(),"[2.6519455328220274, 6.183841323852539, 2.1541680316535796, 9.517413689108455, 1.9991247994559151]"
