dataset,epochs,num-folds,SEED,criterion,test_losses
scgas,300,5,200,L1Loss(),"[1.8271400500566533, 1.8307787821843073, 1.7353202135134966, 1.8946737387241461, 1.7196603598305211]"
scgas,300,5,200,L1Loss(),"[1.5612614215948644, 1.5028660113994892, 1.4419625111115284, 1.515329483227852, 1.4747219390381638]"
scgas,300,5,200,L1Loss(),"[0.8671794671278733, 0.9658555739965194, 0.8851016362508138, 0.9134721144651755, 0.900937077336418]"
scgas,300,5,200,L1Loss(),"[0.8654570090465057, 0.8686494460472693, 0.8515378511868991, 0.8671795893938113, 0.8806358556777906]"
