dataset,epochs,num-folds,SEED,criterion,test_losses
scgas,300,5,200,MSELoss(),"[5.242647122114133, 6.139005318666116, 5.250916798909505, 6.3466817415677586, 5.818379265050918]"
scgas,300,5,200,MSELoss(),"[4.747711230547, 4.032535210633889, 4.3462557670397635, 4.274829571063702, 4.0624140047798525]"
scgas,300,5,200,MSELoss(),"[1.4140948026608198, 1.5713992730165138, 1.3332555477435772, 1.5158779682257237, 1.6067508295321236]"
scgas,300,5,200,MSELoss(),"[1.4639710035079565, 1.3131739053970728, 1.3854396282098231, 1.411143877567389, 1.4655622049642447]"
