Fold,Train Loss
1,[31.273646116256714]
2,[29.708603084788603]
